image_id,item_id,gender,category,view,split,row_in_captions,caption
MEN-Denim-id_00000182-01_7_additional,id_00000182,MEN,Denim,additional,query,17,This guy is wearing a short-sleeve T-shirt with pure color patterns. The T-shirt is with cotton fabric and its neckline is v-shape. The pants this guy wears is of long length. The pants are with cotton fabric and solid color patterns.
MEN-Denim-id_00002578-01_1_front,id_00002578,MEN,Denim,front,query,44,The person wears a tank tank top with solid color patterns. The tank top is with cotton fabric. It has a round neckline. The trousers the person wears is of long length. The trousers are with cotton fabric and lattice patterns.
MEN-Denim-id_00003074-01_1_front,id_00003074,MEN,Denim,front,query,49,This person is wearing a short-sleeve T-shirt with pure color patterns. The T-shirt is with cotton fabric and its neckline is round. This person wears a long trousers. The trousers are with cotton fabric and solid color patterns.
MEN-Denim-id_00003242-01_7_additional,id_00003242,MEN,Denim,additional,query,50,This guy is wearing a short-sleeve shirt with solid color patterns and a long pants. The shirt is with cotton fabric and its neckline is crew. The pants are with denim fabric and solid color patterns.
MEN-Denim-id_00003341-01_7_additional,id_00003341,MEN,Denim,additional,query,52,This person is wearing a short-sleeve shirt with pure color patterns. The shirt is with cotton fabric. It has a round neckline. This person wears a long trousers. The trousers are with denim fabric and lattice patterns.
MEN-Denim-id_00003570-01_7_additional,id_00003570,MEN,Denim,additional,query,53,This man wears a short-sleeve shirt with pure color patterns and long trousers. The shirt is with cotton fabric and it has a lapel neckline. The trousers are with cotton fabric and solid color patterns.
MEN-Denim-id_00003845-02_1_front,id_00003845,MEN,Denim,front,query,55,"The shirt this guy wears has short sleeves and its fabric is cotton. The pattern of it is pure color. It has a stand neckline. This guy wears a long trousers, with denim fabric and lattice patterns."
MEN-Denim-id_00004714-01_7_additional,id_00004714,MEN,Denim,additional,query,60,The gentleman is wearing a long-sleeve shirt with solid color patterns. The shirt is with cotton fabric and its neckline is round. The pants the gentleman wears is of long length. The pants are with denim fabric and solid color patterns.
MEN-Denim-id_00004807-01_7_additional,id_00004807,MEN,Denim,additional,query,61,"His shirt has short sleeves, cotton fabric and pure color patterns. It has a v-shape neckline. The pants this man wears is of long length. The pants are with denim fabric and pure color patterns."
MEN-Denim-id_00005608-01_7_additional,id_00005608,MEN,Denim,additional,query,66,This gentleman is wearing a short-sleeve shirt with pure color patterns. The shirt is with cotton fabric. It has a crew neckline. This gentleman wears a long pants. The pants are with denim fabric and plaid patterns.
MEN-Denim-id_00005724-01_7_additional,id_00005724,MEN,Denim,additional,query,68,The person is wearing a long-sleeve sweater with solid color patterns. The sweater is with cotton fabric. It has a lapel neckline. The person wears a long trousers. The trousers are with denim fabric and pure color patterns.
MEN-Denim-id_00005769-02_4_full,id_00005769,MEN,Denim,full,query,69,This guy is wearing a long-sleeve shirt with solid color patterns. The shirt is with cotton fabric. It has a round neckline. The pants this guy wears is of long length. The pants are with denim fabric and solid color patterns. The outer clothing is with cotton fabric and pure color patterns.
MEN-Denim-id_00007216-01_7_additional,id_00007216,MEN,Denim,additional,query,85,"The shirt this man wears has short sleeves and its fabric is cotton. The pattern of it is solid color. It has a crew neckline. This man wears a long trousers, with denim fabric and pure color patterns."
MEN-Denim-id_00007524-01_4_full,id_00007524,MEN,Denim,full,query,88,This person wears a tank tank shirt with graphic patterns and long trousers. The tank shirt is with cotton fabric and it has a v-shape neckline. The trousers are with denim fabric and complicated patterns. There is an accessory on his wrist.
MEN-Jackets_Vests-id_00000946-04_1_front,id_00000946,MEN,Jackets_Vests,front,query,108,"The upper clothing has long sleeves, cotton fabric and pure color patterns. The neckline of it is round. The lower clothing is of long length. The fabric is cotton and it has pure color patterns. This person also wears an outer clothing, with cotton fabric and solid color patterns."
MEN-Jackets_Vests-id_00002268-01_4_full,id_00002268,MEN,Jackets_Vests,full,query,114,The person wears a long-sleeve sweater with pure color patterns and a long pants. The sweater is with cotton fabric. The neckline of the sweater is stand. The pants are with cotton fabric and solid color patterns. The outer clothing the gentleman wears is with cotton fabric and solid color patterns.
MEN-Jackets_Vests-id_00003311-01_4_full,id_00003311,MEN,Jackets_Vests,full,query,124,"This person is wearing a long-sleeve sweater with solid color patterns. The sweater is with cotton fabric and its neckline is round. This person wears a long trousers. The trousers are with denim fabric and solid color patterns. This guy also wears an outer clothing, with leather fabric and pure color patterns."
MEN-Jackets_Vests-id_00004606-01_4_full,id_00004606,MEN,Jackets_Vests,full,query,141,The guy is wearing a long-sleeve shirt with pure color patterns and a long pants. The shirt is with cotton fabric. The neckline of the shirt is crew. The pants are with denim fabric and pure color patterns. The outer clothing is with leather fabric and complicated patterns.
MEN-Jackets_Vests-id_00004672-01_7_additional,id_00004672,MEN,Jackets_Vests,additional,query,143,This guy wears a long-sleeve shirt with pure color patterns and a long trousers. The shirt is with cotton fabric and its neckline is round. The trousers are with denim fabric and solid color patterns. The outer clothing the person wears is with leather fabric and pure color patterns.
MEN-Jackets_Vests-id_00006736-01_7_additional,id_00006736,MEN,Jackets_Vests,additional,query,165,"The sweater this gentleman wears has long sleeves, its fabric is cotton, and it has plaid patterns. This gentleman wears a long pants, with denim fabric and pure color patterns. The outer clothing the person wears is with denim fabric and solid color patterns. There is a hat in his head."
MEN-Jackets_Vests-id_00007247-01_7_additional,id_00007247,MEN,Jackets_Vests,additional,query,170,"His shirt has long sleeves, cotton fabric and graphic patterns. It has a crew neckline. The guy wears a long trousers. The trousers are with denim fabric and pure color patterns. The outer clothing this man wears is with denim fabric and solid color patterns."
MEN-Jackets_Vests-id_00007272-01_4_full,id_00007272,MEN,Jackets_Vests,full,query,171,"This man wears a long-sleeve sweater with other patterns. The sweater is with other fabric. This man wears a long trousers. The trousers are with cotton fabric and pure color patterns. The person also wears an outer clothing, with cotton fabric and graphic patterns."
MEN-Jackets_Vests-id_00007818-01_1_front,id_00007818,MEN,Jackets_Vests,front,query,182,"The sweater this gentleman wears has long sleeves and its fabric is other. The pattern of it is other. This gentleman wears a long pants, with cotton fabric and solid color patterns. The outer clothing is with cotton fabric and graphic patterns."
MEN-Pants-id_00000063-02_4_full,id_00000063,MEN,Pants,full,query,183,The person wears a short-sleeve shirt with solid color patterns and a long pants. The shirt is with cotton fabric and its neckline is round. The pants are with cotton fabric and pure color patterns. This gentleman is wearing socks in shoes. The guy wears a hat.
MEN-Pants-id_00000785-01_7_additional,id_00000785,MEN,Pants,additional,query,205,"The upper clothing has short sleeves, cotton fabric and solid color patterns. It has a crew neckline. The lower clothing is of long length. The fabric is cotton and it has graphic patterns."
MEN-Pants-id_00001092-02_2_side,id_00001092,MEN,Pants,side,query,211,"The upper clothing has sleeves cut off, cotton fabric and solid color patterns. It has a round neckline. The lower clothing is of long length. The fabric is cotton and it has solid color patterns. There is an accessory in his his neck."
MEN-Pants-id_00001092-03_1_front,id_00001092,MEN,Pants,front,query,212,This guy wears a short-sleeve T-shirt with pure color patterns and long trousers. The T-shirt is with cotton fabric and it has a crew neckline. The trousers are with cotton fabric and pure color patterns.
MEN-Pants-id_00001351-01_7_additional,id_00001351,MEN,Pants,additional,query,224,The guy wears a short-sleeve T-shirt with solid color patterns. The T-shirt is with cotton fabric. It has a round neckline. The guy wears a long pants. The pants are with cotton fabric and graphic patterns.
MEN-Pants-id_00001375-01_1_front,id_00001375,MEN,Pants,front,query,225,"The tank shirt the gentleman wears has no sleeves and its fabric is cotton. The pattern of it is color block. It has a crew neckline. The gentleman wears a long pants, with cotton fabric and pure color patterns."
MEN-Pants-id_00001375-03_7_additional,id_00001375,MEN,Pants,additional,query,226,"The sweater the gentleman wears has long sleeves, its fabric is cotton, and it has solid color patterns. The sweater has a crew neckline. The gentleman wears a long trousers, with cotton fabric and pure color patterns. This man also wears an outer clothing, with cotton fabric and pure color patterns."
MEN-Pants-id_00001573-01_1_front,id_00001573,MEN,Pants,front,query,235,This gentleman wears a sleeveless tank shirt with solid color patterns. The tank shirt is with cotton fabric. It has a round neckline. This gentleman wears a long pants. The pants are with cotton fabric and color block patterns.
MEN-Pants-id_00001591-01_7_additional,id_00001591,MEN,Pants,additional,query,236,This person wears a tank tank shirt with pure color patterns. The tank shirt is with cotton fabric. It has a round neckline. This person wears a three-quarter trousers. The trousers are with cotton fabric and graphic patterns.
MEN-Pants-id_00001611-01_7_additional,id_00001611,MEN,Pants,additional,query,237,The guy is wearing a short-sleeve shirt with solid color patterns. The shirt is with cotton fabric and its neckline is crew. The pants the guy wears is of long length. The pants are with cotton fabric and graphic patterns. This gentleman has a hat in his head.
MEN-Pants-id_00001617-01_7_additional,id_00001617,MEN,Pants,additional,query,238,"The person is wearing a long-sleeve shirt with pure color patterns and a long trousers. The shirt is with cotton fabric and its neckline is round. The trousers are with cotton fabric and pure color patterns. The person also wears an outer clothing, with cotton fabric and pure color patterns. This man is wearing a hat."
MEN-Pants-id_00001675-01_7_additional,id_00001675,MEN,Pants,additional,query,239,This gentleman is wearing a sleeveless tank shirt with solid color patterns. The tank shirt is with cotton fabric and its neckline is round. This gentleman wears a long pants. The pants are with cotton fabric and solid color patterns.
MEN-Pants-id_00002047-01_7_additional,id_00002047,MEN,Pants,additional,query,248,This person wears a short-sleeve T-shirt with pure color patterns and a long trousers. The T-shirt is with cotton fabric. The neckline of the T-shirt is lapel. The trousers are with cotton fabric and graphic patterns.
MEN-Pants-id_00002295-01_4_full,id_00002295,MEN,Pants,full,query,251,The guy is wearing a short-sleeve shirt with pure color patterns. The shirt is with cotton fabric. It has a crew neckline. The guy wears a long trousers. The trousers are with cotton fabric and solid color patterns.
MEN-Pants-id_00002295-03_7_additional,id_00002295,MEN,Pants,additional,query,252,This person is wearing a long-sleeve sweater with solid color patterns. The sweater is with cotton fabric and its neckline is round. This person wears a long pants. The pants are with cotton fabric and pure color patterns.
MEN-Pants-id_00003290-01_7_additional,id_00003290,MEN,Pants,additional,query,272,The gentleman is wearing a long-sleeve sweater with graphic patterns. The sweater is with cotton fabric and its neckline is round. The gentleman wears a long pants. The pants are with cotton fabric and color block patterns.
MEN-Pants-id_00003301-01_7_additional,id_00003301,MEN,Pants,additional,query,273,This person is wearing a long-sleeve sweater with solid color patterns. The sweater is with cotton fabric. It has a round neckline. This person wears a long trousers. The trousers are with cotton fabric and solid color patterns.
MEN-Pants-id_00003301-02_7_additional,id_00003301,MEN,Pants,additional,query,274,"His shirt has long sleeves, cotton fabric and solid color patterns. It has a round neckline. The pants this gentleman wears is of long length. The pants are with cotton fabric and solid color patterns. The outer clothing this gentleman wears is with leather fabric and pure color patterns."
MEN-Pants-id_00003461-01_7_additional,id_00003461,MEN,Pants,additional,query,277,"The T-shirt the guy wears has short sleeves, its fabric is cotton, and it has graphic patterns. The T-shirt has a round neckline. The guy wears a long pants, with cotton fabric and graphic patterns. This man wears a hat."
MEN-Pants-id_00003462-01_7_additional,id_00003462,MEN,Pants,additional,query,278,This guy is wearing a long-sleeve sweater with graphic patterns. The sweater is with cotton fabric and its neckline is crew. This guy wears a long trousers. The trousers are with cotton fabric and graphic patterns. This person has a hat in his head.
MEN-Pants-id_00003564-01_4_full,id_00003564,MEN,Pants,full,query,281,This guy is wearing a short-sleeve shirt with pure color patterns and a long trousers. The shirt is with cotton fabric. The neckline of the shirt is crew. The trousers are with cotton fabric and graphic patterns.
MEN-Pants-id_00004359-01_1_front,id_00004359,MEN,Pants,front,query,305,This gentleman wears a long-sleeve shirt with pure color patterns and long pants. The shirt is with cotton fabric and it has a v-shape neckline. The pants are with cotton fabric and graphic patterns. There is an accessory on his wrist.
MEN-Pants-id_00004555-01_7_additional,id_00004555,MEN,Pants,additional,query,306,"The T-shirt this person wears has short sleeves and it is with cotton fabric and solid color patterns. The neckline of the T-shirt is round. This person wears a long pants, with cotton fabric and pure color patterns. This man has a hat in his head."
MEN-Pants-id_00005132-01_7_additional,id_00005132,MEN,Pants,additional,query,313,This gentleman wears a short-sleeve T-shirt with solid color patterns and a long pants. The T-shirt is with cotton fabric. The neckline of the T-shirt is crew. The pants are with cotton fabric and graphic patterns.
MEN-Pants-id_00005256-01_7_additional,id_00005256,MEN,Pants,additional,query,322,"His sweater has long sleeves, cotton fabric and solid color patterns. It has a crew neckline. The pants the gentleman wears is of long length. The pants are with cotton fabric and graphic patterns. The guy also wears an outer clothing, with cotton fabric and graphic patterns."
MEN-Pants-id_00005313-01_7_additional,id_00005313,MEN,Pants,additional,query,323,"His shirt has long sleeves, cotton fabric and graphic patterns. The neckline of it is crew. This person wears a long pants. The pants are with cotton fabric and graphic patterns."
MEN-Pants-id_00005545-01_7_additional,id_00005545,MEN,Pants,additional,query,327,This person wears a long-sleeve shirt with pure color patterns and a long trousers. The shirt is with cotton fabric. The neckline of the shirt is lapel. The trousers are with cotton fabric and pure color patterns. The outer clothing the person wears is with leather fabric and other patterns.
MEN-Pants-id_00005742-01_7_additional,id_00005742,MEN,Pants,additional,query,333,This man wears a short-sleeve T-shirt with pure color patterns. The T-shirt is with cotton fabric. It has a crew neckline. The pants this man wears is of long length. The pants are with cotton fabric and color block patterns.
MEN-Pants-id_00006292-06_4_full,id_00006292,MEN,Pants,full,query,343,"The shirt the gentleman wears has short sleeves and it is with cotton fabric and pure color patterns. The neckline of the shirt is round. The gentleman wears a long trousers, with cotton fabric and other patterns."
MEN-Pants-id_00006493-01_7_additional,id_00006493,MEN,Pants,additional,query,347,The gentleman is wearing a short-sleeve T-shirt with pure color patterns. The T-shirt is with cotton fabric. It has a round neckline. The gentleman wears a long pants. The pants are with cotton fabric and pure color patterns.
MEN-Pants-id_00006617-02_7_additional,id_00006617,MEN,Pants,additional,query,358,"His sweater has long sleeves, cotton fabric and lattice patterns. The neckline of it is lapel. The trousers this man wears is of long length. The trousers are with cotton fabric and pure color patterns."
MEN-Pants-id_00006749-01_1_front,id_00006749,MEN,Pants,front,query,368,The gentleman is wearing a short-sleeve shirt with graphic patterns. The shirt is with cotton fabric and its neckline is v-shape. The pants the gentleman wears is of long length. The pants are with cotton fabric and graphic patterns. There is an accessory on his wrist.
MEN-Pants-id_00006830-05_7_additional,id_00006830,MEN,Pants,additional,query,374,"His T-shirt has short sleeves, cotton fabric and solid color patterns. The neckline of it is round. This person wears a long pants. The pants are with cotton fabric and solid color patterns."
MEN-Pants-id_00006830-06_7_additional,id_00006830,MEN,Pants,additional,query,375,This guy wears a long-sleeve shirt with pure color patterns. The shirt is with cotton fabric. This guy wears a long trousers. The trousers are with cotton fabric and solid color patterns. The outer clothing this man wears is with cotton fabric and lattice patterns.
MEN-Pants-id_00006830-08_7_additional,id_00006830,MEN,Pants,additional,query,376,This man is wearing a long-sleeve sweater with solid color patterns. The sweater is with cotton fabric and its neckline is crew. The trousers this man wears is of long length. The trousers are with cotton fabric and solid color patterns. The outer clothing this man wears is with cotton fabric and pure color patterns. There is a hat in his head.
MEN-Pants-id_00006830-09_7_additional,id_00006830,MEN,Pants,additional,query,377,The person is wearing a long-sleeve shirt with plaid patterns and a long pants. The shirt is with cotton fabric. The neckline of the shirt is lapel. The pants are with cotton fabric and solid color patterns. The outer clothing the gentleman wears is with denim fabric and solid color patterns.
MEN-Pants-id_00006840-01_7_additional,id_00006840,MEN,Pants,additional,query,378,"The T-shirt the guy wears has short sleeves, its fabric is cotton, and it has pure color patterns. The T-shirt has a round neckline. The guy wears a long trousers, with cotton fabric and color block patterns."
MEN-Pants-id_00006886-01_7_additional,id_00006886,MEN,Pants,additional,query,383,"The shirt this guy wears has long sleeves and its fabric is cotton. The pattern of it is solid color. It has a round neckline. This guy wears a long pants, with cotton fabric and solid color patterns."
MEN-Pants-id_00007441-01_4_full,id_00007441,MEN,Pants,full,query,401,"The shirt this gentleman wears has long sleeves and its fabric is cotton. The pattern of it is graphic. It has a crew neckline. This gentleman wears a long trousers, with cotton fabric and solid color patterns."
MEN-Pants-id_00007469-01_7_additional,id_00007469,MEN,Pants,additional,query,402,The person wears a long-sleeve sweater with solid color patterns and a long pants. The sweater is with cotton fabric and its neckline is round. The pants are with cotton fabric and pure color patterns.
MEN-Pants-id_00007865-01_7_additional,id_00007865,MEN,Pants,additional,query,403,This man wears a long-sleeve sweater with solid color patterns and a long pants. The sweater is with cotton fabric. The neckline of the sweater is v-shape. The pants are with cotton fabric and complicated patterns.
MEN-Pants-id_00007865-02_7_additional,id_00007865,MEN,Pants,additional,query,404,This guy wears a long-sleeve sweater with pure color patterns and a long trousers. The sweater is with cotton fabric and its neckline is v-shape. The trousers are with cotton fabric and complicated patterns.
MEN-Pants-id_00007865-03_7_additional,id_00007865,MEN,Pants,additional,query,405,The gentleman is wearing a long-sleeve sweater with pure color patterns. The sweater is with cotton fabric and its neckline is v-shape. The pants the gentleman wears is of long length. The pants are with cotton fabric and other patterns.
MEN-Pants-id_00007974-01_7_additional,id_00007974,MEN,Pants,additional,query,409,This person is wearing a long-sleeve sweater with pure color patterns. The sweater is with cotton fabric. It has a round neckline. This person wears a long trousers. The trousers are with cotton fabric and graphic patterns.
MEN-Shirts_Polos-id_00000204-01_7_additional,id_00000204,MEN,Shirts_Polos,additional,query,416,This gentleman is wearing a long-sleeve sweater with striped patterns. The sweater is with cotton fabric and its neckline is lapel. This gentleman wears a long pants. The pants are with cotton fabric and solid color patterns. This gentleman wears a pair of sunglasses. This person is wearing a hat.
MEN-Shirts_Polos-id_00000226-04_7_additional,id_00000226,MEN,Shirts_Polos,additional,query,417,This guy is wearing a short-sleeve shirt with color block patterns. The shirt is with cotton fabric and its neckline is lapel. The trousers this guy wears is of long length. The trousers are with denim fabric and pure color patterns.
MEN-Shirts_Polos-id_00000226-05_7_additional,id_00000226,MEN,Shirts_Polos,additional,query,418,"His shirt has short sleeves, cotton fabric and color block patterns. It has a lapel neckline. The gentleman wears a long pants. The pants are with denim fabric and pure color patterns."
MEN-Shirts_Polos-id_00000562-02_4_full,id_00000562,MEN,Shirts_Polos,full,query,420,This gentleman wears a short-sleeve T-shirt with floral patterns. The T-shirt is with cotton fabric. It has a lapel neckline. This gentleman wears a short pants. The pants are with cotton fabric and pure color patterns.
MEN-Shirts_Polos-id_00000649-01_4_full,id_00000649,MEN,Shirts_Polos,full,query,422,The guy is wearing a long-sleeve shirt with solid color patterns. The shirt is with cotton fabric. The guy wears a long trousers. The trousers are with cotton fabric and solid color patterns. The outer clothing is with cotton fabric and plaid patterns. There is an accessory on his wrist.
MEN-Shirts_Polos-id_00000783-01_7_additional,id_00000783,MEN,Shirts_Polos,additional,query,425,This person wears a long-sleeve sweater with graphic patterns and a short pants. The sweater is with cotton fabric. The neckline of the sweater is stand. The pants are with cotton fabric and color block patterns.
MEN-Shirts_Polos-id_00000925-01_4_full,id_00000925,MEN,Shirts_Polos,full,query,432,"His T-shirt has short sleeves, cotton fabric and graphic patterns. The neckline of it is lapel. This gentleman wears a short pants. The pants are with cotton fabric and solid color patterns. This gentleman wears a hat."
MEN-Shirts_Polos-id_00001366-05_4_full,id_00001366,MEN,Shirts_Polos,full,query,438,"His shirt has short sleeves, cotton fabric and graphic patterns. The neckline of it is lapel. The trousers the person wears is of long length. The trousers are with cotton fabric and solid color patterns."
MEN-Shirts_Polos-id_00001985-01_4_full,id_00001985,MEN,Shirts_Polos,full,query,451,"The shirt this gentleman wears has short sleeves, its fabric is cotton, and it has pure color patterns. The shirt has a lapel neckline. This gentleman wears a long trousers, with cotton fabric and pure color patterns. There is an accessory on his wrist."
MEN-Shirts_Polos-id_00002035-01_7_additional,id_00002035,MEN,Shirts_Polos,additional,query,452,"His sweater has long sleeves, cotton fabric and pure color patterns. The neckline of it is crew. The gentleman wears a long trousers. The trousers are with cotton fabric and pure color patterns. The person also wears an outer clothing, with denim fabric and solid color patterns."
MEN-Shirts_Polos-id_00002035-02_4_full,id_00002035,MEN,Shirts_Polos,full,query,453,This gentleman is wearing a long-sleeve shirt with other patterns and a long pants. The shirt is with mixed fabric. The neckline of the shirt is lapel. The pants are with denim fabric and solid color patterns. The outer clothing is with denim fabric and pure color patterns.
MEN-Shirts_Polos-id_00002750-01_7_additional,id_00002750,MEN,Shirts_Polos,additional,query,461,The gentleman wears a short-sleeve shirt with solid color patterns. The shirt is with cotton fabric. It has a lapel neckline. The gentleman wears a long trousers. The trousers are with cotton fabric and pure color patterns.
MEN-Shirts_Polos-id_00003860-01_4_full,id_00003860,MEN,Shirts_Polos,full,query,482,"The upper clothing has long sleeves, cotton fabric and graphic patterns. It has a lapel neckline. The lower clothing is of long length. The fabric is cotton and it has pure color patterns. The outer clothing the gentleman wears is with denim fabric and solid color patterns."
MEN-Shirts_Polos-id_00004293-01_7_additional,id_00004293,MEN,Shirts_Polos,additional,query,488,"His shirt has short sleeves, cotton fabric and graphic patterns. It has a lapel neckline. The guy wears a medium pants. The pants are with cotton fabric and pure color patterns."
MEN-Shirts_Polos-id_00004348-03_7_additional,id_00004348,MEN,Shirts_Polos,additional,query,490,This person is wearing a short-sleeve T-shirt with plaid patterns. The T-shirt is with cotton fabric and its neckline is lapel. The pants this person wears is of long length. The pants are with denim fabric and pure color patterns.
MEN-Shirts_Polos-id_00004531-02_4_full,id_00004531,MEN,Shirts_Polos,full,query,492,The person is wearing a short-sleeve T-shirt with graphic patterns. The T-shirt is with cotton fabric. It has a lapel neckline. The person wears a long pants. The pants are with denim fabric and pure color patterns.
MEN-Shirts_Polos-id_00004568-03_7_additional,id_00004568,MEN,Shirts_Polos,additional,query,493,This guy wears a short-sleeve T-shirt with stripe patterns and long trousers. The T-shirt is with cotton fabric and it has a lapel neckline. The trousers are with cotton fabric and solid color patterns.
MEN-Shirts_Polos-id_00004568-05_4_full,id_00004568,MEN,Shirts_Polos,full,query,494,"His shirt has short sleeves, cotton fabric and stripe patterns. The neckline of it is lapel. This guy wears a long trousers. The trousers are with cotton fabric and solid color patterns."
MEN-Shirts_Polos-id_00004632-01_4_full,id_00004632,MEN,Shirts_Polos,full,query,495,"His shirt has short sleeves, cotton fabric and other patterns. The neckline of it is lapel. The shorts the guy wears is of medium length. The shorts are with denim fabric and solid color patterns. The guy wears a pair of sunglasses."
MEN-Shirts_Polos-id_00004738-01_7_additional,id_00004738,MEN,Shirts_Polos,additional,query,499,"The T-shirt this person wears has short sleeves and its fabric is cotton. The pattern of it is graphic. It has a lapel neckline. This person wears a short shorts, with cotton fabric and pure color patterns."
MEN-Shirts_Polos-id_00004917-03_4_full,id_00004917,MEN,Shirts_Polos,full,query,502,"The shirt this person wears has long sleeves, its fabric is denim, and it has pure color patterns. The shirt has a lapel neckline. This person wears a long pants, with cotton fabric and solid color patterns."
MEN-Shirts_Polos-id_00004958-02_4_full,id_00004958,MEN,Shirts_Polos,full,query,503,The gentleman wears a long-sleeve sweater with color block patterns. The sweater is with cotton fabric. It has a lapel neckline. The shorts the gentleman wears is of medium length. The shorts are with cotton fabric and solid color patterns.
MEN-Shirts_Polos-id_00006055-01_4_full,id_00006055,MEN,Shirts_Polos,full,query,529,"His shirt has short sleeves, cotton fabric and graphic patterns. The neckline of it is lapel. The pants the guy wears is of long length. The pants are with denim fabric and solid color patterns. There is an accessory on his wrist."
MEN-Shorts-id_00000582-01_7_additional,id_00000582,MEN,Shorts,additional,query,544,"His tank shirt has no sleeves, cotton fabric and solid color patterns. The neckline of it is crew. This gentleman wears a medium shorts. The shorts are with cotton fabric and graphic patterns."
MEN-Shorts-id_00000597-01_4_full,id_00000597,MEN,Shorts,full,query,545,This man is wearing a long-sleeve shirt with pure color patterns. The shirt is with cotton fabric and its neckline is crew. The shorts this man wears is of short length. The shorts are with cotton fabric and striped patterns. The outer clothing is with cotton fabric and pure color patterns. There is an accessory on his wrist.
MEN-Shorts-id_00000597-02_4_full,id_00000597,MEN,Shorts,full,query,546,"The gentleman wears a long-sleeve shirt with solid color patterns and a medium pants. The shirt is with cotton fabric and its neckline is crew. The pants are with cotton fabric and stripe patterns. This gentleman also wears an outer clothing, with cotton fabric and solid color patterns. There is an accessory on his wrist."
MEN-Shorts-id_00000816-01_7_additional,id_00000816,MEN,Shorts,additional,query,553,This gentleman wears a short-sleeve T-shirt with graphic patterns. The T-shirt is with cotton fabric. It has a crew neckline. The pants this gentleman wears is of short length. The pants are with cotton fabric and graphic patterns. This man wears a hat.
MEN-Shorts-id_00000855-01_7_additional,id_00000855,MEN,Shorts,additional,query,557,The person is wearing a sleeveless tank top with color block patterns and a three-quarter trousers. The tank top is with cotton fabric and its neckline is crew. The trousers are with cotton fabric and solid color patterns.
MEN-Shorts-id_00000991-01_7_additional,id_00000991,MEN,Shorts,additional,query,561,"His T-shirt has short sleeves, cotton fabric and solid color patterns. The neckline of it is round. The guy wears a short pants. The pants are with cotton fabric and pure color patterns. This guy wears socks in shoes."
MEN-Shorts-id_00001082-01_7_additional,id_00001082,MEN,Shorts,additional,query,564,"The shirt the gentleman wears has short sleeves, its fabric is cotton, and it has solid color patterns. The shirt has a crew neckline. The gentleman wears a medium pants, with cotton fabric and graphic patterns. This gentleman is wearing a pair of sunglasses."
MEN-Shorts-id_00001183-01_7_additional,id_00001183,MEN,Shorts,additional,query,566,This man is wearing a short-sleeve shirt with solid color patterns and a three-quarter trousers. The shirt is with cotton fabric. The neckline of the shirt is round. The trousers are with leather fabric and solid color patterns.
MEN-Shorts-id_00001221-01_7_additional,id_00001221,MEN,Shorts,additional,query,567,The person is wearing a short-sleeve T-shirt with solid color patterns. The T-shirt is with cotton fabric and its neckline is round. The pants the person wears is of short length. The pants are with cotton fabric and graphic patterns.
MEN-Shorts-id_00001246-01_4_full,id_00001246,MEN,Shorts,full,query,568,The guy wears a short-sleeve T-shirt with pure color patterns. The T-shirt is with cotton fabric. It has a lapel neckline. The shorts the guy wears is of medium length. The shorts are with cotton fabric and floral patterns. There is an accessory on his wrist.
MEN-Shorts-id_00001859-01_1_front,id_00001859,MEN,Shorts,front,query,578,"His shirt has short sleeves, cotton fabric and solid color patterns. It has a round neckline. The pants this person wears is of medium length. The pants are with cotton fabric and floral patterns."
MEN-Shorts-id_00002046-01_1_front,id_00002046,MEN,Shorts,front,query,581,This gentleman wears a short-sleeve shirt with solid color patterns and a three-point shorts. The shirt is with cotton fabric. The neckline of the shirt is round. The shorts are with cotton fabric and solid color patterns.
MEN-Shorts-id_00002413-01_7_additional,id_00002413,MEN,Shorts,additional,query,598,"His shirt has short sleeves, cotton fabric and solid color patterns. It has a crew neckline. The gentleman wears a short shorts. The shorts are with cotton fabric and pure color patterns."
MEN-Shorts-id_00003280-01_7_additional,id_00003280,MEN,Shorts,additional,query,617,This person wears a short-sleeve T-shirt with graphic patterns and a medium shorts. The T-shirt is with cotton fabric. The neckline of the T-shirt is lapel. The shorts are with cotton fabric and graphic patterns.
MEN-Shorts-id_00003297-01_7_additional,id_00003297,MEN,Shorts,additional,query,618,This person wears a short-sleeve shirt with color block patterns and a medium pants. The shirt is with cotton fabric and its neckline is crew. The pants are with denim fabric and solid color patterns.
MEN-Shorts-id_00003297-02_7_additional,id_00003297,MEN,Shorts,additional,query,619,The person wears a tank tank shirt with pure color patterns and short shorts. The tank shirt is with cotton fabric and it has a round neckline. The shorts are with denim fabric and solid color patterns. This person is wearing a hat.
MEN-Shorts-id_00003451-01_7_additional,id_00003451,MEN,Shorts,additional,query,621,This man wears a short-sleeve shirt with pure color patterns and a long trousers. The shirt is with cotton fabric and its neckline is round. The trousers are with cotton fabric and solid color patterns.
MEN-Shorts-id_00003577-01_7_additional,id_00003577,MEN,Shorts,additional,query,625,The gentleman wears a short-sleeve T-shirt with pure color patterns and a medium pants. The T-shirt is with cotton fabric and its neckline is round. The pants are with cotton fabric and floral patterns.
MEN-Shorts-id_00004071-03_7_additional,id_00004071,MEN,Shorts,additional,query,628,This gentleman is wearing a long-sleeve shirt with stripe patterns and a short shorts. The shirt is with cotton fabric and its neckline is crew. The shorts are with cotton fabric and striped patterns.
MEN-Shorts-id_00004084-01_7_additional,id_00004084,MEN,Shorts,additional,query,629,"The upper clothing has sleeves cut off, cotton fabric and pure color patterns. The neckline of it is crew. The lower clothing is of medium length. The fabric is cotton and it has graphic patterns."
MEN-Shorts-id_00004298-01_1_front,id_00004298,MEN,Shorts,front,query,644,This guy is wearing a short-sleeve shirt with striped patterns. The shirt is with cotton fabric and its neckline is round. The shorts this guy wears is of short length. The shorts are with cotton fabric and pure color patterns.
MEN-Shorts-id_00004298-03_7_additional,id_00004298,MEN,Shorts,additional,query,645,The gentleman is wearing a tank tank top with pure color patterns. The tank top is with cotton fabric. It has a round neckline. The gentleman wears a medium pants. The pants are with cotton fabric and pure color patterns.
MEN-Shorts-id_00004440-01_7_additional,id_00004440,MEN,Shorts,additional,query,647,"The upper clothing has long sleeves, cotton fabric and graphic patterns. It has a crew neckline. The lower clothing is of medium length. The fabric is cotton and it has graphic patterns."
MEN-Shorts-id_00005086-02_1_front,id_00005086,MEN,Shorts,front,query,665,"His tank shirt has no sleeves, cotton fabric and pure color patterns. It has a round neckline. This guy wears a short shorts. The shorts are with cotton fabric and floral patterns."
MEN-Shorts-id_00005320-01_7_additional,id_00005320,MEN,Shorts,additional,query,668,The gentleman wears a short-sleeve T-shirt with stripe patterns and a medium pants. The T-shirt is with cotton fabric. The neckline of the T-shirt is round. The pants are with cotton fabric and solid color patterns.
MEN-Shorts-id_00005480-01_1_front,id_00005480,MEN,Shorts,front,query,670,This person wears a short-sleeve shirt with solid color patterns and a medium shorts. The shirt is with cotton fabric. The neckline of the shirt is crew. The shorts are with cotton fabric and solid color patterns. This guy wears a pair of sunglasses.
MEN-Shorts-id_00006241-02_7_additional,id_00006241,MEN,Shorts,additional,query,679,This man wears a long-sleeve shirt with solid color patterns. The shirt is with cotton fabric. It has a crew neckline. The pants this man wears is of medium length. The pants are with cotton fabric and stripe patterns.
MEN-Shorts-id_00006624-01_4_full,id_00006624,MEN,Shorts,full,query,688,"The upper clothing has no sleeves, cotton fabric and pure color patterns. It has a round neckline. The lower clothing is of medium length. The fabric is cotton and it has graphic patterns. There is an accessory in his his neck."
MEN-Shorts-id_00006723-02_7_additional,id_00006723,MEN,Shorts,additional,query,689,The gentleman wears a long-sleeve shirt with pure color patterns and a short pants. The shirt is with cotton fabric and its neckline is crew. The pants are with cotton fabric and striped patterns.
MEN-Shorts-id_00006765-02_7_additional,id_00006765,MEN,Shorts,additional,query,691,"The shirt the gentleman wears has short sleeves and its fabric is cotton. The pattern of it is pure color. It has a crew neckline. The gentleman wears a medium pants, with cotton fabric and graphic patterns."
MEN-Shorts-id_00007141-01_1_front,id_00007141,MEN,Shorts,front,query,706,"His shirt has long sleeves, cotton fabric and pure color patterns. It has a round neckline. The pants the person wears is of long length. The pants are with cotton fabric and pure color patterns. There is an accessory on his wrist. This man is wearing a hat."
MEN-Shorts-id_00007167-01_7_additional,id_00007167,MEN,Shorts,additional,query,707,The guy wears a short-sleeve shirt with pure color patterns. The shirt is with cotton fabric. It has a round neckline. The pants the guy wears is of medium length. The pants are with cotton fabric and solid color patterns.
MEN-Shorts-id_00007442-07_1_front,id_00007442,MEN,Shorts,front,query,713,"His shirt has short sleeves, cotton fabric and solid color patterns. The neckline of it is crew. This guy wears a medium pants. The pants are with cotton fabric and pure color patterns."
MEN-Shorts-id_00007496-01_7_additional,id_00007496,MEN,Shorts,additional,query,714,The guy wears a tank tank shirt with striped patterns. The tank shirt is with cotton fabric. It has a crew neckline. The guy wears a short shorts. The shorts are with cotton fabric and striped patterns.
MEN-Shorts-id_00007496-03_7_additional,id_00007496,MEN,Shorts,additional,query,715,"The upper clothing has sleeves cut off, cotton fabric and stripe patterns. The neckline of it is crew. The lower clothing is of medium length. The fabric is cotton and it has striped patterns."
MEN-Shorts-id_00007539-01_4_full,id_00007539,MEN,Shorts,full,query,718,This guy is wearing a tank tank top with pure color patterns. The tank top is with cotton fabric and its neckline is crew. This guy wears a short shorts. The shorts are with cotton fabric and graphic patterns.
MEN-Suiting-id_00000270-01_4_full,id_00000270,MEN,Suiting,full,query,723,This man is wearing a short-sleeve T-shirt with solid color patterns. The T-shirt is with cotton fabric. It has a lapel neckline. The pants this man wears is of long length. The pants are with cotton fabric and pure color patterns. This guy is wearing a pair of sunglasses. There is an accessory on his wrist.
MEN-Suiting-id_00000932-01_7_additional,id_00000932,MEN,Suiting,additional,query,726,"His sweater has long sleeves, cotton fabric and pure color patterns. It has a crew neckline. This gentleman wears a long pants. The pants are with cotton fabric and graphic patterns. The outer clothing the gentleman wears is with cotton fabric and graphic patterns."
MEN-Sweaters-id_00000145-01_4_full,id_00000145,MEN,Sweaters,full,query,736,"The T-shirt this person wears has short sleeves and its fabric is cotton. The pattern of it is graphic. It has a lapel neckline. This person wears a medium shorts, with cotton fabric and pure color patterns."
MEN-Sweaters-id_00000321-01_4_full,id_00000321,MEN,Sweaters,full,query,738,"The upper clothing has short sleeves, cotton fabric and graphic patterns. The neckline of it is lapel. The lower clothing is of long length. The fabric is cotton and it has solid color patterns."
MEN-Sweaters-id_00000661-01_4_full,id_00000661,MEN,Sweaters,full,query,740,"The shirt this guy wears has medium sleeves, its fabric is cotton, and it has lattice patterns. The shirt has a lapel neckline. This guy wears a medium shorts, with cotton fabric and pure color patterns."
MEN-Sweaters-id_00001088-01_7_additional,id_00001088,MEN,Sweaters,additional,query,753,"His shirt has long sleeves, cotton fabric and solid color patterns. The neckline of it is lapel. The pants this man wears is of long length. The pants are with denim fabric and pure color patterns. There is a hat in his head."
MEN-Sweaters-id_00001366-04_4_full,id_00001366,MEN,Sweaters,full,query,757,This gentleman is wearing a short-sleeve shirt with graphic patterns and a long trousers. The shirt is with cotton fabric and its neckline is lapel. The trousers are with cotton fabric and solid color patterns.
MEN-Sweaters-id_00001462-03_4_full,id_00001462,MEN,Sweaters,full,query,758,This man wears a short-sleeve T-shirt with complicated patterns. The T-shirt is with cotton fabric. It has a lapel neckline. The pants this man wears is of long length. The pants are with denim fabric and solid color patterns.
MEN-Sweaters-id_00001581-09_7_additional,id_00001581,MEN,Sweaters,additional,query,769,"His T-shirt has short sleeves, cotton fabric and striped patterns. The neckline of it is lapel. This gentleman wears a long pants. The pants are with cotton fabric and solid color patterns."
MEN-Sweaters-id_00002179-01_4_full,id_00002179,MEN,Sweaters,full,query,775,The person is wearing a short-sleeve shirt with graphic patterns and a medium pants. The shirt is with cotton fabric. The neckline of the shirt is lapel. The pants are with cotton fabric and pure color patterns. This guy is wearing a pair of socks. There is an accessory on his wrist.
MEN-Sweaters-id_00002685-01_1_front,id_00002685,MEN,Sweaters,front,query,780,"His shirt has short sleeves, cotton fabric and graphic patterns. It has a lapel neckline. This man wears a long pants. The pants are with cotton fabric and pure color patterns."
MEN-Sweaters-id_00003152-03_4_full,id_00003152,MEN,Sweaters,full,query,786,This person wears a long-sleeve shirt with lattice patterns and a long trousers. The shirt is with cotton fabric and its neckline is lapel. The trousers are with cotton fabric and pure color patterns. There is a hat in his head.
MEN-Sweaters-id_00003152-04_1_front,id_00003152,MEN,Sweaters,front,query,787,"The sweater this guy wears has long sleeves and its fabric is cotton. The pattern of it is plaid. It has a lapel neckline. This guy wears a long trousers, with cotton fabric and solid color patterns. This guy is wearing a hat."
MEN-Sweaters-id_00004076-01_7_additional,id_00004076,MEN,Sweaters,additional,query,801,"His T-shirt has short sleeves, cotton fabric and color block patterns. It has a lapel neckline. The pants the person wears is of long length. The pants are with cotton fabric and solid color patterns."
MEN-Sweaters-id_00004076-03_7_additional,id_00004076,MEN,Sweaters,additional,query,802,"The shirt this gentleman wears has short sleeves and its fabric is cotton. The pattern of it is color block. It has a lapel neckline. This gentleman wears a long pants, with cotton fabric and pure color patterns."
MEN-Sweaters-id_00004076-04_7_additional,id_00004076,MEN,Sweaters,additional,query,803,"His shirt has short sleeves, cotton fabric and color block patterns. It has a lapel neckline. The trousers this guy wears is of long length. The trousers are with cotton fabric and pure color patterns."
MEN-Sweaters-id_00004348-04_7_additional,id_00004348,MEN,Sweaters,additional,query,805,This man is wearing a short-sleeve T-shirt with plaid patterns. The T-shirt is with cotton fabric and its neckline is lapel. The pants this man wears is of short length. The pants are with cotton fabric and pure color patterns.
MEN-Sweaters-id_00004538-01_7_additional,id_00004538,MEN,Sweaters,additional,query,808,The guy is wearing a long-sleeve sweater with lattice patterns. The sweater is with cotton fabric. It has a lapel neckline. The guy wears a long trousers. The trousers are with denim fabric and solid color patterns. This gentleman is wearing a hat.
MEN-Sweaters-id_00004959-02_4_full,id_00004959,MEN,Sweaters,full,query,817,"His shirt has long sleeves, cotton fabric and solid color patterns. It has a lapel neckline. The gentleman wears a long pants. The pants are with cotton fabric and solid color patterns. The outer clothing the guy wears is with cotton fabric and plaid patterns. The person has a hat in his head."
MEN-Sweaters-id_00004959-03_4_full,id_00004959,MEN,Sweaters,full,query,818,This gentleman wears a long-sleeve sweater with solid color patterns and a long trousers. The sweater is with cotton fabric. The neckline of the sweater is lapel. The trousers are with cotton fabric and solid color patterns. The outer clothing is with cotton fabric and plaid patterns. This guy is wearing a hat.
MEN-Sweaters-id_00006356-01_4_full,id_00006356,MEN,Sweaters,full,query,829,"The upper clothing has short sleeves, denim fabric and solid color patterns. It has a lapel neckline. The lower clothing is of long length. The fabric is denim and it has pure color patterns."
MEN-Sweaters-id_00006703-01_4_full,id_00006703,MEN,Sweaters,full,query,831,This guy is wearing a short-sleeve T-shirt with graphic patterns and a short pants. The T-shirt is with cotton fabric. The neckline of the T-shirt is lapel. The pants are with denim fabric and pure color patterns. The guy is wearing a pair of socks.
MEN-Sweaters-id_00007090-02_7_additional,id_00007090,MEN,Sweaters,additional,query,834,This guy is wearing a short-sleeve shirt with graphic patterns. The shirt is with cotton fabric. It has a lapel neckline. The pants this guy wears is of long length. The pants are with cotton fabric and solid color patterns.
MEN-Sweatshirts_Hoodies-id_00000146-02_4_full,id_00000146,MEN,Sweatshirts_Hoodies,full,query,838,The guy wears a long-sleeve sweater with graphic patterns. The sweater is with cotton fabric. It has a crew neckline. The trousers the guy wears is of long length. The trousers are with leather fabric and pure color patterns. This guy is wearing a hat.
MEN-Sweatshirts_Hoodies-id_00001042-01_4_full,id_00001042,MEN,Sweatshirts_Hoodies,full,query,856,"The sweater this man wears has long sleeves, its fabric is cotton, and it has graphic patterns. The sweater has a crew neckline. This man wears a long pants, with cotton fabric and pure color patterns."
MEN-Sweatshirts_Hoodies-id_00001654-01_4_full,id_00001654,MEN,Sweatshirts_Hoodies,full,query,859,"The upper clothing has long sleeves, cotton fabric and solid color patterns. It has a round neckline. The lower clothing is of long length. The fabric is cotton and it has pure color patterns. The person also wears an outer clothing, with cotton fabric and solid color patterns. This gentleman wears a hat."
MEN-Sweatshirts_Hoodies-id_00001654-03_4_full,id_00001654,MEN,Sweatshirts_Hoodies,full,query,860,This man wears a long-sleeve shirt with solid color patterns and a long pants. The shirt is with cotton fabric. The neckline of the shirt is crew. The pants are with cotton fabric and pure color patterns. The outer clothing is with cotton fabric and color block patterns. There is a hat in his head. There is an accessory on his wrist.
MEN-Sweatshirts_Hoodies-id_00001730-01_4_full,id_00001730,MEN,Sweatshirts_Hoodies,full,query,861,"His sweater has long sleeves, cotton fabric and color block patterns. The neckline of it is crew. The trousers the gentleman wears is of long length. The trousers are with cotton fabric and color block patterns. The gentleman wears a hat. There is an accessory in his his neck."
MEN-Sweatshirts_Hoodies-id_00002115-01_7_additional,id_00002115,MEN,Sweatshirts_Hoodies,additional,query,867,This guy wears a long-sleeve shirt with graphic patterns. The shirt is with cotton fabric. It has a crew neckline. This guy wears a three-quarter pants. The pants are with cotton fabric and solid color patterns.
MEN-Sweatshirts_Hoodies-id_00002818-01_7_additional,id_00002818,MEN,Sweatshirts_Hoodies,additional,query,879,The person is wearing a long-sleeve shirt with floral patterns. The shirt is with cotton fabric and its neckline is lapel. The trousers the person wears is of long length. The trousers are with denim fabric and solid color patterns. The gentleman wears a hat. There is an accessory on his wrist.
MEN-Sweatshirts_Hoodies-id_00003225-01_1_front,id_00003225,MEN,Sweatshirts_Hoodies,front,query,886,"The sweater this guy wears has long sleeves and it is with cotton fabric and graphic patterns. The neckline of the sweater is crew. This guy wears a long pants, with cotton fabric and pure color patterns."
MEN-Sweatshirts_Hoodies-id_00003633-02_4_full,id_00003633,MEN,Sweatshirts_Hoodies,full,query,890,"The upper clothing has long sleeves, cotton fabric and graphic patterns. It has a crew neckline. The lower clothing is of long length. The fabric is denim and it has solid color patterns."
MEN-Sweatshirts_Hoodies-id_00003752-01_4_full,id_00003752,MEN,Sweatshirts_Hoodies,full,query,891,This man wears a long-sleeve shirt with floral patterns and a long pants. The shirt is with cotton fabric. The neckline of the shirt is lapel. The pants are with cotton fabric and floral patterns.
MEN-Sweatshirts_Hoodies-id_00004423-01_7_additional,id_00004423,MEN,Sweatshirts_Hoodies,additional,query,905,"The upper clothing has sleeves cut off, mixed fabric and mixed patterns. It has a crew neckline. The lower clothing is of long length. The fabric is cotton and it has solid color patterns. The outer clothing is with cotton fabric and solid color patterns. This gentleman wears a hat."
MEN-Sweatshirts_Hoodies-id_00004423-03_4_full,id_00004423,MEN,Sweatshirts_Hoodies,full,query,906,This man wears a short-sleeve T-shirt with pure color patterns. The T-shirt is with cotton fabric. It has a round neckline. The pants this man wears is of long length. The pants are with cotton fabric and pure color patterns. The outer clothing is with cotton fabric and solid color patterns.
MEN-Sweatshirts_Hoodies-id_00005575-01_4_full,id_00005575,MEN,Sweatshirts_Hoodies,full,query,919,"His sweater has long sleeves, cotton fabric and graphic patterns. The neckline of it is crew. The pants the gentleman wears is of long length. The pants are with cotton fabric and solid color patterns. The person is wearing a hat."
MEN-Sweatshirts_Hoodies-id_00005603-02_4_full,id_00005603,MEN,Sweatshirts_Hoodies,full,query,920,This guy is wearing a long-sleeve shirt with pure color patterns. The shirt is with cotton fabric. It has a round neckline. The trousers this guy wears is of long length. The trousers are with cotton fabric and solid color patterns.
MEN-Sweatshirts_Hoodies-id_00005603-03_4_full,id_00005603,MEN,Sweatshirts_Hoodies,full,query,921,"The sweater this man wears has long sleeves and it is with cotton fabric and solid color patterns. The neckline of the sweater is crew. This man wears a long pants, with cotton fabric and pure color patterns."
MEN-Sweatshirts_Hoodies-id_00006190-04_4_full,id_00006190,MEN,Sweatshirts_Hoodies,full,query,947,This gentleman wears a long-sleeve sweater with graphic patterns and medium shorts. The sweater is with cotton fabric and it has a crew neckline. The shorts are with cotton fabric and graphic patterns.
MEN-Sweatshirts_Hoodies-id_00006558-01_7_additional,id_00006558,MEN,Sweatshirts_Hoodies,additional,query,951,The gentleman is wearing a long-sleeve sweater with graphic patterns. The sweater is with cotton fabric. It has a crew neckline. The pants the gentleman wears is of long length. The pants are with cotton fabric and pure color patterns.
MEN-Sweatshirts_Hoodies-id_00006929-09_4_full,id_00006929,MEN,Sweatshirts_Hoodies,full,query,955,"The upper clothing has no sleeves, cotton fabric and solid color patterns. The neckline of it is round. The lower clothing is of long length. The fabric is cotton and it has floral patterns. The outer clothing is with cotton fabric and pure color patterns."
MEN-Sweatshirts_Hoodies-id_00006929-12_7_additional,id_00006929,MEN,Sweatshirts_Hoodies,additional,query,956,This man is wearing a tank tank top with other patterns and a long trousers. The tank top is with mixed fabric. The neckline of the tank top is round. The trousers are with cotton fabric and other patterns. The outer clothing the guy wears is with cotton fabric and solid color patterns.
MEN-Sweatshirts_Hoodies-id_00006963-09_4_full,id_00006963,MEN,Sweatshirts_Hoodies,full,query,957,"His shirt has long sleeves, cotton fabric and pure color patterns. The neckline of it is round. The trousers the person wears is of long length. The trousers are with denim fabric and pure color patterns."
MEN-Sweatshirts_Hoodies-id_00007322-01_7_additional,id_00007322,MEN,Sweatshirts_Hoodies,additional,query,963,"The sweater this person wears has long sleeves and it is with cotton fabric and graphic patterns. The neckline of the sweater is crew. This person wears a long trousers, with denim fabric and solid color patterns. There is an accessory on his wrist."
MEN-Sweatshirts_Hoodies-id_00007613-01_4_full,id_00007613,MEN,Sweatshirts_Hoodies,full,query,965,The gentleman wears a long-sleeve shirt with pure color patterns and long trousers. The shirt is with cotton fabric and it has a round neckline. The trousers are with cotton fabric and pure color patterns.
MEN-Sweatshirts_Hoodies-id_00007717-01_4_full,id_00007717,MEN,Sweatshirts_Hoodies,full,query,966,This man wears a long-sleeve shirt with graphic patterns and long trousers. The shirt is with cotton fabric and it has a round neckline. The trousers are with cotton fabric and solid color patterns. There is an accessory on his wrist.
MEN-Sweatshirts_Hoodies-id_00007717-04_7_additional,id_00007717,MEN,Sweatshirts_Hoodies,additional,query,967,"The upper clothing has long sleeves, cotton fabric and graphic patterns. The neckline of it is round. The lower clothing is of long length. The fabric is cotton and it has solid color patterns. There is an accessory on his wrist."
MEN-Sweatshirts_Hoodies-id_00007864-01_7_additional,id_00007864,MEN,Sweatshirts_Hoodies,additional,query,979,"His shirt has long sleeves, cotton fabric and floral patterns. It has a crew neckline. The gentleman wears a long trousers. The trousers are with cotton fabric and solid color patterns."
MEN-Tees_Tanks-id_00000122-01_4_full,id_00000122,MEN,Tees_Tanks,full,query,985,This person is wearing a short-sleeve T-shirt with graphic patterns. The T-shirt is with cotton fabric and its neckline is round. This person wears a long trousers. The trousers are with denim fabric and solid color patterns.
MEN-Tees_Tanks-id_00000161-01_4_full,id_00000161,MEN,Tees_Tanks,full,query,986,The gentleman is wearing a medium-sleeve shirt with graphic patterns. The shirt is with cotton fabric. It has a round neckline. The gentleman wears a long pants. The pants are with cotton fabric and solid color patterns.
MEN-Tees_Tanks-id_00000242-01_7_additional,id_00000242,MEN,Tees_Tanks,additional,query,990,"The shirt the guy wears has short sleeves, its fabric is cotton, and it has striped patterns. The shirt has a crew neckline. The guy wears a long trousers, with cotton fabric and pure color patterns. This gentleman has neckwear."
MEN-Tees_Tanks-id_00000294-01_4_full,id_00000294,MEN,Tees_Tanks,full,query,991,"His T-shirt has short sleeves, cotton fabric and stripe patterns. It has a crew neckline. The pants the person wears is of long length. The pants are with cotton fabric and pure color patterns. There is an accessory on his wrist."
MEN-Tees_Tanks-id_00000305-01_4_full,id_00000305,MEN,Tees_Tanks,full,query,996,"The T-shirt this gentleman wears has short sleeves, its fabric is cotton, and it has graphic patterns. The T-shirt has a crew neckline. This gentleman wears a long pants, with cotton fabric and pure color patterns. This person has neckwear."
MEN-Tees_Tanks-id_00000312-01_7_additional,id_00000312,MEN,Tees_Tanks,additional,query,997,This guy wears a short-sleeve shirt with graphic patterns and medium pants. The shirt is with cotton fabric and it has a round neckline. The pants are with cotton fabric and pure color patterns. There is an accessory in his his neck. There is an accessory on his wrist.
MEN-Tees_Tanks-id_00000339-07_4_full,id_00000339,MEN,Tees_Tanks,full,query,998,"The upper clothing has short sleeves, cotton fabric and solid color patterns. The neckline of it is crew. The lower clothing is of long length. The fabric is cotton and it has pure color patterns."
MEN-Tees_Tanks-id_00000463-04_4_full,id_00000463,MEN,Tees_Tanks,full,query,1006,"His tank shirt has sleeves cut off, cotton fabric and color block patterns. The neckline of it is crew. This guy wears a short shorts. The shorts are with cotton fabric and solid color patterns. This person is wearing socks in shoes."
MEN-Tees_Tanks-id_00000463-06_4_full,id_00000463,MEN,Tees_Tanks,full,query,1007,"His tank top has sleeves cut off, cotton fabric and color block patterns. The neckline of it is crew. The shorts this man wears is of medium length. The shorts are with cotton fabric and pure color patterns. This person wears socks in shoes."
MEN-Tees_Tanks-id_00000527-01_7_additional,id_00000527,MEN,Tees_Tanks,additional,query,1010,The person is wearing a short-sleeve shirt with pure color patterns. The shirt is with cotton fabric. It has a crew neckline. The person wears a medium pants. The pants are with cotton fabric and graphic patterns.
MEN-Tees_Tanks-id_00000527-04_7_additional,id_00000527,MEN,Tees_Tanks,additional,query,1011,The gentleman wears a short-sleeve T-shirt with pure color patterns. The T-shirt is with cotton fabric. It has a crew neckline. The shorts the gentleman wears is of medium length. The shorts are with cotton fabric and pure color patterns.
MEN-Tees_Tanks-id_00000568-01_7_additional,id_00000568,MEN,Tees_Tanks,additional,query,1013,The gentleman is wearing a tank tank shirt with solid color patterns. The tank shirt is with cotton fabric. It has a round neckline. The gentleman wears a long trousers. The trousers are with cotton fabric and pure color patterns. There is a hat in his head.
MEN-Tees_Tanks-id_00000642-02_4_full,id_00000642,MEN,Tees_Tanks,full,query,1017,The gentleman is wearing a short-sleeve T-shirt with graphic patterns and a medium pants. The T-shirt is with cotton fabric and its neckline is crew. The pants are with denim fabric and pure color patterns.
MEN-Tees_Tanks-id_00000768-01_1_front,id_00000768,MEN,Tees_Tanks,front,query,1022,The guy wears a short-sleeve T-shirt with graphic patterns. The T-shirt is with cotton fabric. It has a crew neckline. The pants the guy wears is of long length. The pants are with cotton fabric and pure color patterns. There is a hat in his head.
MEN-Tees_Tanks-id_00001222-03_4_full,id_00001222,MEN,Tees_Tanks,full,query,1036,This man wears a tank tank shirt with pure color patterns. The tank shirt is with cotton fabric. It has a round neckline. The trousers this man wears is of long length. The trousers are with denim fabric and pure color patterns.
MEN-Tees_Tanks-id_00001222-04_4_full,id_00001222,MEN,Tees_Tanks,full,query,1037,"The upper clothing has sleeves cut off, cotton fabric and pure color patterns. The neckline of it is round. The lower clothing is of long length. The fabric is cotton and it has pure color patterns. There is an accessory in his his neck."
MEN-Tees_Tanks-id_00001514-01_4_full,id_00001514,MEN,Tees_Tanks,full,query,1053,This guy is wearing a short-sleeve shirt with graphic patterns and a medium pants. The shirt is with cotton fabric. The neckline of the shirt is crew. The pants are with cotton fabric and graphic patterns. There is a hat in his head.
MEN-Tees_Tanks-id_00001643-01_4_full,id_00001643,MEN,Tees_Tanks,full,query,1070,This gentleman is wearing a short-sleeve T-shirt with color block patterns. The T-shirt is with cotton fabric. It has a round neckline. The shorts this gentleman wears is of medium length. The shorts are with cotton fabric and graphic patterns. The gentleman is wearing socks in shoes. This person is wearing a hat.
MEN-Tees_Tanks-id_00001672-02_7_additional,id_00001672,MEN,Tees_Tanks,additional,query,1071,This gentleman is wearing a short-sleeve shirt with pure color patterns and a medium pants. The shirt is with cotton fabric. The neckline of the shirt is round. The pants are with cotton fabric and solid color patterns.
MEN-Tees_Tanks-id_00001924-01_4_full,id_00001924,MEN,Tees_Tanks,full,query,1095,This gentleman wears a short-sleeve shirt with graphic patterns and a long pants. The shirt is with cotton fabric. The neckline of the shirt is round. The pants are with cotton fabric and solid color patterns. This man has neckwear.
MEN-Tees_Tanks-id_00002116-02_4_full,id_00002116,MEN,Tees_Tanks,full,query,1100,This person is wearing a short-sleeve shirt with solid color patterns. The shirt is with cotton fabric. It has a v-shape neckline. The trousers this person wears is of long length. The trousers are with cotton fabric and solid color patterns. The person has a pair of glasses on his hands or clothes.
MEN-Tees_Tanks-id_00002467-03_1_front,id_00002467,MEN,Tees_Tanks,front,query,1134,"His tank top has no sleeves, cotton fabric and graphic patterns. The neckline of it is round. This gentleman wears a short shorts. The shorts are with cotton fabric and solid color patterns."
MEN-Tees_Tanks-id_00002667-01_7_additional,id_00002667,MEN,Tees_Tanks,additional,query,1149,The person wears a short-sleeve shirt with graphic patterns. The shirt is with cotton fabric. It has a round neckline. The person wears a long trousers. The trousers are with denim fabric and pure color patterns.
MEN-Tees_Tanks-id_00002848-02_4_full,id_00002848,MEN,Tees_Tanks,full,query,1155,"The upper clothing has short sleeves, cotton fabric and pure color patterns. It has a round neckline. The lower clothing is of short length. The fabric is cotton and it has pure color patterns."
MEN-Tees_Tanks-id_00002848-03_7_additional,id_00002848,MEN,Tees_Tanks,additional,query,1156,"The T-shirt the guy wears has short sleeves and it is with cotton fabric and solid color patterns. The neckline of the T-shirt is crew. The guy wears a long pants, with cotton fabric and pure color patterns."
MEN-Tees_Tanks-id_00003071-06_4_full,id_00003071,MEN,Tees_Tanks,full,query,1166,"The shirt the guy wears has long sleeves and its fabric is cotton. The pattern of it is striped. It has a v-shape neckline. The guy wears a long trousers, with cotton fabric and pure color patterns. The outer clothing is with cotton fabric and pure color patterns."
MEN-Tees_Tanks-id_00003148-01_4_full,id_00003148,MEN,Tees_Tanks,full,query,1170,"The upper clothing has long sleeves, cotton fabric and graphic patterns. The neckline of it is round. The lower clothing is of long length. The fabric is cotton and it has solid color patterns. The guy also wears an outer clothing, with denim fabric and solid color patterns."
MEN-Tees_Tanks-id_00003177-01_4_full,id_00003177,MEN,Tees_Tanks,full,query,1171,"His shirt has short sleeves, cotton fabric and graphic patterns. The neckline of it is round. This gentleman wears a short shorts. The shorts are with cotton fabric and solid color patterns. The person wears a pair of socks. The guy has a hat in his head."
MEN-Tees_Tanks-id_00003330-01_7_additional,id_00003330,MEN,Tees_Tanks,additional,query,1187,This guy is wearing a short-sleeve shirt with solid color patterns and a short shorts. The shirt is with cotton fabric. The neckline of the shirt is crew. The shorts are with cotton fabric and pure color patterns. There is a hat in his head.
MEN-Tees_Tanks-id_00003342-01_7_additional,id_00003342,MEN,Tees_Tanks,additional,query,1189,This man is wearing a short-sleeve T-shirt with graphic patterns. The T-shirt is with cotton fabric and its neckline is crew. This man wears a short shorts. The shorts are with denim fabric and solid color patterns.
MEN-Tees_Tanks-id_00003421-01_7_additional,id_00003421,MEN,Tees_Tanks,additional,query,1191,"His T-shirt has short sleeves, cotton fabric and graphic patterns. It has a crew neckline. The gentleman wears a short shorts. The shorts are with cotton fabric and pure color patterns. There is an accessory in his his neck."
MEN-Tees_Tanks-id_00003434-01_4_full,id_00003434,MEN,Tees_Tanks,full,query,1192,This guy wears a short-sleeve T-shirt with color block patterns. The T-shirt is with cotton fabric. It has a round neckline. This guy wears a short pants. The pants are with denim fabric and solid color patterns. This man has a hat in his head.
MEN-Tees_Tanks-id_00003797-01_4_full,id_00003797,MEN,Tees_Tanks,full,query,1224,"His shirt has short sleeves, cotton fabric and graphic patterns. The neckline of it is round. This person wears a long trousers. The trousers are with cotton fabric and graphic patterns. The gentleman wears a hat."
MEN-Tees_Tanks-id_00003847-01_4_full,id_00003847,MEN,Tees_Tanks,full,query,1225,This man is wearing a short-sleeve T-shirt with graphic patterns. The T-shirt is with cotton fabric. It has a round neckline. The trousers this man wears is of long length. The trousers are with cotton fabric and pure color patterns.
MEN-Tees_Tanks-id_00003903-01_4_full,id_00003903,MEN,Tees_Tanks,full,query,1226,This gentleman is wearing a short-sleeve shirt with graphic patterns. The shirt is with cotton fabric. It has a crew neckline. This gentleman wears a short pants. The pants are with leather fabric and pure color patterns.
MEN-Tees_Tanks-id_00004028-01_4_full,id_00004028,MEN,Tees_Tanks,full,query,1230,This man wears a tank tank top with pure color patterns and a medium shorts. The tank top is with cotton fabric and its neckline is crew. The shorts are with cotton fabric and solid color patterns.
MEN-Tees_Tanks-id_00004047-01_7_additional,id_00004047,MEN,Tees_Tanks,additional,query,1232,"His T-shirt has short sleeves, cotton fabric and graphic patterns. The neckline of it is round. This guy wears a long trousers. The trousers are with cotton fabric and solid color patterns."
MEN-Tees_Tanks-id_00004336-01_4_full,id_00004336,MEN,Tees_Tanks,full,query,1262,This man is wearing a sleeveless tank shirt with graphic patterns and a medium shorts. The tank shirt is with cotton fabric. The neckline of the tank shirt is round. The shorts are with denim fabric and pure color patterns. This person wears a pair of socks.
MEN-Tees_Tanks-id_00004486-06_1_front,id_00004486,MEN,Tees_Tanks,front,query,1265,"The upper clothing has medium sleeves, cotton fabric and striped patterns. It has a round neckline. The lower clothing is of long length. The fabric is cotton and it has pure color patterns."
MEN-Tees_Tanks-id_00004706-01_4_full,id_00004706,MEN,Tees_Tanks,full,query,1299,The guy wears a tank tank shirt with striped patterns. The tank shirt is with cotton fabric. It has a crew neckline. The shorts the guy wears is of short length. The shorts are with cotton fabric and stripe patterns.
MEN-Tees_Tanks-id_00004809-01_4_full,id_00004809,MEN,Tees_Tanks,full,query,1311,The gentleman is wearing a medium-sleeve shirt with graphic patterns and a long trousers. The shirt is with cotton fabric and its neckline is round. The trousers are with denim fabric and solid color patterns.
MEN-Tees_Tanks-id_00004905-01_4_full,id_00004905,MEN,Tees_Tanks,full,query,1314,This guy is wearing a tank tank shirt with solid color patterns. The tank shirt is with cotton fabric. It has a round neckline. This guy wears a medium shorts. The shorts are with cotton fabric and pure color patterns.
MEN-Tees_Tanks-id_00004966-01_4_full,id_00004966,MEN,Tees_Tanks,full,query,1316,"The upper clothing has short sleeves, cotton fabric and graphic patterns. The neckline of it is crew. The lower clothing is of long length. The fabric is cotton and it has pure color patterns. There is clothing on his waist."
MEN-Tees_Tanks-id_00005095-01_7_additional,id_00005095,MEN,Tees_Tanks,additional,query,1325,This man is wearing a short-sleeve shirt with color block patterns. The shirt is with cotton fabric and its neckline is round. This man wears a short shorts. The shorts are with cotton fabric and solid color patterns.
MEN-Tees_Tanks-id_00005141-01_7_additional,id_00005141,MEN,Tees_Tanks,additional,query,1327,"The shirt this gentleman wears has short sleeves and its fabric is cotton. The pattern of it is graphic. It has a round neckline. This gentleman wears a three-quarter trousers, with cotton fabric and pure color patterns."
MEN-Tees_Tanks-id_00005261-01_7_additional,id_00005261,MEN,Tees_Tanks,additional,query,1345,This person is wearing a tank tank shirt with color block patterns and a short shorts. The tank shirt is with cotton fabric and its neckline is crew. The shorts are with cotton fabric and pure color patterns.
MEN-Tees_Tanks-id_00005358-04_1_front,id_00005358,MEN,Tees_Tanks,front,query,1350,"The upper clothing has short sleeves, cotton fabric and stripe patterns. It has a v-shape neckline. The lower clothing is of long length. The fabric is cotton and it has solid color patterns."
MEN-Tees_Tanks-id_00005358-05_7_additional,id_00005358,MEN,Tees_Tanks,additional,query,1351,The gentleman wears a short-sleeve T-shirt with stripe patterns and three-quarter trousers. The T-shirt is with cotton fabric and it has a v-shape neckline. The trousers are with cotton fabric and pure color patterns.
MEN-Tees_Tanks-id_00005590-02_7_additional,id_00005590,MEN,Tees_Tanks,additional,query,1360,This person wears a short-sleeve T-shirt with color block patterns. The T-shirt is with cotton fabric. This person wears a long pants. The pants are with cotton fabric and solid color patterns. This guy is wearing a pair of sunglasses.
MEN-Tees_Tanks-id_00005939-01_7_additional,id_00005939,MEN,Tees_Tanks,additional,query,1379,The person wears a sleeveless tank top with graphic patterns. The tank top is with cotton fabric. It has a round neckline. The pants the person wears is of long length. The pants are with denim fabric and complicated patterns.
MEN-Tees_Tanks-id_00005971-01_7_additional,id_00005971,MEN,Tees_Tanks,additional,query,1386,"The sweater this gentleman wears has long sleeves, its fabric is cotton, and it has solid color patterns. The sweater has a stand neckline. This gentleman wears a long trousers, with cotton fabric and pure color patterns."
MEN-Tees_Tanks-id_00006131-01_4_full,id_00006131,MEN,Tees_Tanks,full,query,1390,The person is wearing a short-sleeve shirt with color block patterns. The shirt is with cotton fabric. It has a crew neckline. The person wears a long trousers. The trousers are with denim fabric and solid color patterns. There is an accessory in his his neck.
MEN-Tees_Tanks-id_00006132-01_4_full,id_00006132,MEN,Tees_Tanks,full,query,1391,"His shirt has short sleeves, cotton fabric and graphic patterns. The neckline of it is crew. The pants the guy wears is of short length. The pants are with cotton fabric and pure color patterns. There is a hat in his head."
MEN-Tees_Tanks-id_00006167-01_4_full,id_00006167,MEN,Tees_Tanks,full,query,1393,"His T-shirt has short sleeves, cotton fabric and graphic patterns. It has a crew neckline. This person wears a short shorts. The shorts are with cotton fabric and pure color patterns."
MEN-Tees_Tanks-id_00006287-01_7_additional,id_00006287,MEN,Tees_Tanks,additional,query,1399,"His tank shirt has sleeves cut off, cotton fabric and graphic patterns. It has a crew neckline. The pants the guy wears is of medium length. The pants are with denim fabric and pure color patterns."
MEN-Tees_Tanks-id_00006400-02_7_additional,id_00006400,MEN,Tees_Tanks,additional,query,1404,This gentleman is wearing a short-sleeve shirt with graphic patterns and a long pants. The shirt is with cotton fabric and its neckline is round. The pants are with cotton fabric and pure color patterns. There is a hat in his head.
MEN-Tees_Tanks-id_00006621-01_4_full,id_00006621,MEN,Tees_Tanks,full,query,1417,This person is wearing a short-sleeve T-shirt with pure color patterns. The T-shirt is with cotton fabric and its neckline is lapel. This person wears a short shorts. The shorts are with cotton fabric and solid color patterns.
MEN-Tees_Tanks-id_00006864-01_1_front,id_00006864,MEN,Tees_Tanks,front,query,1422,This person is wearing a long-sleeve shirt with solid color patterns. The shirt is with cotton fabric. It has a round neckline. This person wears a long trousers. The trousers are with denim fabric and pure color patterns. There is an accessory on his wrist.
MEN-Tees_Tanks-id_00006930-01_7_additional,id_00006930,MEN,Tees_Tanks,additional,query,1423,"The tank shirt this man wears has sleeves cut off and its fabric is cotton. The pattern of it is color block. It has a round neckline. This man wears a short shorts, with cotton fabric and solid color patterns. This person has neckwear."
MEN-Tees_Tanks-id_00007029-01_7_additional,id_00007029,MEN,Tees_Tanks,additional,query,1425,The gentleman is wearing a sleeveless tank top with graphic patterns. The tank top is with cotton fabric and its neckline is crew. The gentleman wears a short shorts. The shorts are with denim fabric and solid color patterns.
MEN-Tees_Tanks-id_00007365-01_7_additional,id_00007365,MEN,Tees_Tanks,additional,query,1463,The gentleman wears a long-sleeve sweater with lattice patterns and long trousers. The sweater is with cotton fabric and it has a crew neckline. The trousers are with denim fabric and solid color patterns. This man is wearing a ring on his finger.
MEN-Tees_Tanks-id_00007553-04_7_additional,id_00007553,MEN,Tees_Tanks,additional,query,1479,The person is wearing a short-sleeve T-shirt with color block patterns. The T-shirt is with cotton fabric. It has a crew neckline. The person wears a medium pants. The pants are with cotton fabric and pure color patterns.
MEN-Tees_Tanks-id_00007553-05_7_additional,id_00007553,MEN,Tees_Tanks,additional,query,1480,This man is wearing a short-sleeve shirt with color block patterns. The shirt is with cotton fabric. It has a crew neckline. This man wears a medium pants. The pants are with cotton fabric and solid color patterns.
MEN-Tees_Tanks-id_00007600-01_4_full,id_00007600,MEN,Tees_Tanks,full,query,1482,This man is wearing a short-sleeve T-shirt with graphic patterns. The T-shirt is with cotton fabric and its neckline is crew. The pants this man wears is of medium length. The pants are with cotton fabric and pure color patterns.
MEN-Tees_Tanks-id_00007653-01_4_full,id_00007653,MEN,Tees_Tanks,full,query,1484,This man is wearing a short-sleeve shirt with graphic patterns. The shirt is with cotton fabric and its neckline is round. The pants this man wears is of long length. The pants are with denim fabric and solid color patterns. There is an accessory in his his neck. There is a hat in his head.
MEN-Tees_Tanks-id_00007653-02_4_full,id_00007653,MEN,Tees_Tanks,full,query,1485,The guy wears a short-sleeve T-shirt with graphic patterns and a long pants. The T-shirt is with cotton fabric and its neckline is round. The pants are with denim fabric and pure color patterns. There is an accessory in his his neck. This person is wearing a hat.
MEN-Tees_Tanks-id_00007822-01_4_full,id_00007822,MEN,Tees_Tanks,full,query,1496,This guy is wearing a short-sleeve shirt with color block patterns. The shirt is with cotton fabric. It has a crew neckline. This guy wears a long pants. The pants are with denim fabric and solid color patterns.
MEN-Tees_Tanks-id_00007942-01_4_full,id_00007942,MEN,Tees_Tanks,full,query,1499,"The shirt this man wears has short sleeves and its fabric is cotton. The pattern of it is solid color. It has a crew neckline. This man wears a medium pants, with cotton fabric and solid color patterns. There is an accessory on his wrist."
WOMEN-Blouses_Shirts-id_00000001-02_4_full,id_00000001,WOMEN,Blouses_Shirts,full,query,1505,The person is wearing a long-sleeve shirt with solid color patterns. The shirt is with chiffon fabric and its neckline is stand. The shorts the person wears is of three-point length. The shorts are with chiffon fabric and pure color patterns. There is a ring on her finger. There is an accessory on her wrist.
WOMEN-Blouses_Shirts-id_00000028-01_7_additional,id_00000028,WOMEN,Blouses_Shirts,additional,query,1512,This woman is wearing a sleeveless tank top with graphic patterns. The tank top is with cotton fabric. It has a suspenders neckline. The pants this woman wears is of long length. The pants are with denim fabric and pure color patterns. The person is wearing a pair of sunglasses. This lady wears a ring.
WOMEN-Blouses_Shirts-id_00000072-01_7_additional,id_00000072,WOMEN,Blouses_Shirts,additional,query,1521,The female is wearing a short-sleeve shirt with graphic patterns. The shirt is with cotton fabric. It has a round neckline. The female wears a three-point shorts. The shorts are with denim fabric and solid color patterns. There is a ring on her finger. The female is wearing a pair of sunglasses.
WOMEN-Blouses_Shirts-id_00000093-01_4_full,id_00000093,WOMEN,Blouses_Shirts,full,query,1526,"The upper clothing has medium sleeves, cotton fabric and floral patterns. The neckline of it is suspenders. The lower clothing is of long length. The fabric is denim and it has solid color patterns. There is an accessory on her wrist. This person wears a ring."
WOMEN-Blouses_Shirts-id_00000172-03_4_full,id_00000172,WOMEN,Blouses_Shirts,full,query,1537,This lady is wearing a tank tank shirt with graphic patterns. The tank shirt is with cotton fabric. It has a round neckline. This lady wears a three-point pants. The pants are with denim fabric and pure color patterns. This female has neckwear. There is a ring on her finger. There is an accessory on her wrist.
WOMEN-Blouses_Shirts-id_00000231-02_4_full,id_00000231,WOMEN,Blouses_Shirts,full,query,1547,The person is wearing a sleeveless tank top with graphic patterns. The tank top is with cotton fabric. It has a v-shape neckline. The person wears a long pants. The pants are with denim fabric and solid color patterns. There is an accessory in his her neck. The lady wears a ring.
WOMEN-Blouses_Shirts-id_00000235-04_4_full,id_00000235,WOMEN,Blouses_Shirts,full,query,1549,"Her tank shirt has sleeves cut off, cotton fabric and pure color patterns. The neckline of it is crew. The female wears a three-point pants. The pants are with denim fabric and complicated patterns. There is an accessory on her wrist. This woman wears a ring. There is an accessory in his her neck."
WOMEN-Blouses_Shirts-id_00000239-02_4_full,id_00000239,WOMEN,Blouses_Shirts,full,query,1552,"Her shirt has medium sleeves, cotton fabric and graphic patterns. The neckline of it is crew. The pants the female wears is of long length. The pants are with denim fabric and pure color patterns. This lady wears a ring. There is an accessory on her wrist."
WOMEN-Blouses_Shirts-id_00000283-02_4_full,id_00000283,WOMEN,Blouses_Shirts,full,query,1559,This woman wears a medium-sleeve shirt with floral patterns and a long trousers. The shirt is with chiffon fabric. The neckline of the shirt is crew. The trousers are with denim fabric and solid color patterns. There is an accessory in his her neck. This lady is wearing a ring on her finger. There is an accessory on her wrist.
WOMEN-Blouses_Shirts-id_00000306-01_7_additional,id_00000306,WOMEN,Blouses_Shirts,additional,query,1560,This person wears a long-sleeve sweater with graphic patterns. The sweater is with cotton fabric. It has a v-shape neckline. This person wears a three-point shorts. The shorts are with cotton fabric and graphic patterns. The outer clothing is with knitting fabric and graphic patterns. The person is wearing a ring on her finger. There is a hat in her head. There is an accessory on her wrist. This person has neckwear.
WOMEN-Blouses_Shirts-id_00000364-01_4_full,id_00000364,WOMEN,Blouses_Shirts,full,query,1571,The person is wearing a medium-sleeve shirt with pure color patterns and a long pants. The shirt is with cotton fabric and its neckline is round. The pants are with cotton fabric and floral patterns. There is a ring on her finger.
WOMEN-Blouses_Shirts-id_00000392-03_4_full,id_00000392,WOMEN,Blouses_Shirts,full,query,1586,The female is wearing a tank tank shirt with graphic patterns. The tank shirt is with cotton fabric and its neckline is suspenders. The female wears a long trousers. The trousers are with denim fabric and solid color patterns. The lady wears a ring. This lady is wearing sunglasses. There is an accessory on her wrist. This female has neckwear.
WOMEN-Blouses_Shirts-id_00000397-02_4_full,id_00000397,WOMEN,Blouses_Shirts,full,query,1588,This female wears a tank tank top with graphic patterns. The tank top is with chiffon fabric. It has a round neckline. The pants this female wears is of long length. The pants are with cotton fabric and solid color patterns. There is a ring on her finger.
WOMEN-Blouses_Shirts-id_00000410-03_4_full,id_00000410,WOMEN,Blouses_Shirts,full,query,1590,"Her tank shirt has no sleeves, cotton fabric and solid color patterns. The neckline of it is suspenders. The pants the lady wears is of three-point length. The pants are with denim fabric and pure color patterns. There is a ring on her finger. This person has neckwear. There is an accessory on her wrist."
WOMEN-Blouses_Shirts-id_00000442-01_7_additional,id_00000442,WOMEN,Blouses_Shirts,additional,query,1594,The person is wearing a tank tank shirt with pure color patterns. The tank shirt is with denim fabric. It has a lapel neckline. The person wears a three-point pants. The pants are with denim fabric and pure color patterns.
WOMEN-Blouses_Shirts-id_00000442-02_7_additional,id_00000442,WOMEN,Blouses_Shirts,additional,query,1595,The lady wears a sleeveless tank shirt with pure color patterns and a three-point pants. The tank shirt is with denim fabric and its neckline is lapel. The pants are with denim fabric and pure color patterns.
WOMEN-Blouses_Shirts-id_00000462-02_7_additional,id_00000462,WOMEN,Blouses_Shirts,additional,query,1600,"Her shirt has short sleeves, cotton fabric and graphic patterns. It has a lapel neckline. This lady wears a three-point pants. The pants are with denim fabric and solid color patterns. This woman wears a pair of sunglasses. There is an accessory in his her neck."
WOMEN-Blouses_Shirts-id_00000479-02_4_full,id_00000479,WOMEN,Blouses_Shirts,full,query,1601,"The upper clothing has no sleeves, cotton fabric and floral patterns. The neckline of it is suspenders. The lower clothing is of three-point length. The fabric is denim and it has solid color patterns. There is a ring on her finger. There is an accessory on her wrist. There is an accessory in his her neck."
WOMEN-Blouses_Shirts-id_00000486-01_4_full,id_00000486,WOMEN,Blouses_Shirts,full,query,1602,"Her sweater has long sleeves, chiffon fabric and solid color patterns. It has a crew neckline. The lady wears a long trousers. The trousers are with cotton fabric and pure color patterns. This lady is wearing a ring on her finger."
WOMEN-Blouses_Shirts-id_00000497-02_4_full,id_00000497,WOMEN,Blouses_Shirts,full,query,1605,This woman is wearing a short-sleeve shirt with pure color patterns. The shirt is with chiffon fabric and its neckline is square. This woman wears a three-point shorts. The shorts are with denim fabric and pure color patterns. The female has neckwear. This person is wearing a ring on her finger. There is an accessory on her wrist.
WOMEN-Blouses_Shirts-id_00000506-01_7_additional,id_00000506,WOMEN,Blouses_Shirts,additional,query,1607,The person is wearing a long-sleeve sweater with plaid patterns. The sweater is with cotton fabric and its neckline is lapel. The trousers the person wears is of long length. The trousers are with denim fabric and solid color patterns.
WOMEN-Blouses_Shirts-id_00000528-01_7_additional,id_00000528,WOMEN,Blouses_Shirts,additional,query,1611,This woman wears a long-sleeve sweater with graphic patterns and a long pants. The sweater is with cotton fabric and its neckline is crew. The pants are with denim fabric and pure color patterns.
WOMEN-Blouses_Shirts-id_00000530-02_4_full,id_00000530,WOMEN,Blouses_Shirts,full,query,1612,"Her tank top has no sleeves, chiffon fabric and graphic patterns. The neckline of it is crew. The shorts the female wears is of three-point length. The shorts are with denim fabric and solid color patterns. This female wears a ring."
WOMEN-Blouses_Shirts-id_00000634-02_4_full,id_00000634,WOMEN,Blouses_Shirts,full,query,1627,"The tank shirt the female wears has no sleeves and it is with cotton fabric and graphic patterns. The neckline of the tank shirt is round. The female wears a three-point pants, with denim fabric and graphic patterns. There is an accessory in his her neck. There is an accessory on her wrist. This person wears a ring."
WOMEN-Blouses_Shirts-id_00000671-01_7_additional,id_00000671,WOMEN,Blouses_Shirts,additional,query,1631,"The shirt the female wears has long sleeves, its fabric is cotton, and it has graphic patterns. The shirt has a crew neckline. The female wears a long trousers, with denim fabric and pure color patterns. The outer clothing the person wears is with knitting fabric and solid color patterns. There is an accessory in his her neck. The person is wearing a ring on her finger. There is a hat in her head."
WOMEN-Blouses_Shirts-id_00000740-04_4_full,id_00000740,WOMEN,Blouses_Shirts,full,query,1653,The female is wearing a long-sleeve shirt with pure color patterns. The shirt is with chiffon fabric and its neckline is v-shape. The trousers the female wears is of long length. The trousers are with denim fabric and pure color patterns. There is an accessory on her wrist. This lady is wearing sunglasses. There is a ring on her finger.
WOMEN-Blouses_Shirts-id_00000807-03_4_full,id_00000807,WOMEN,Blouses_Shirts,full,query,1666,"The upper clothing has short sleeves, cotton fabric and graphic patterns. It has a crew neckline. The lower clothing is of long length. The fabric is cotton and it has solid color patterns. This lady is wearing a ring on her finger. There is an accessory in his her neck. There is an accessory on her wrist."
WOMEN-Blouses_Shirts-id_00000807-04_7_additional,id_00000807,WOMEN,Blouses_Shirts,additional,query,1667,This female is wearing a short-sleeve shirt with graphic patterns and a long trousers. The shirt is with cotton fabric. The neckline of the shirt is lapel. The trousers are with cotton fabric and pure color patterns. There is an accessory on her wrist. The person is wearing a ring on her finger. There is an accessory in his her neck.
WOMEN-Blouses_Shirts-id_00000808-03_4_full,id_00000808,WOMEN,Blouses_Shirts,full,query,1668,This female wears a sleeveless tank top with solid color patterns. The tank top is with cotton fabric. It has a v-shape neckline. This female wears a long trousers. The trousers are with cotton fabric and solid color patterns. There is an accessory on her wrist. There is a ring on her finger.
WOMEN-Blouses_Shirts-id_00000808-04_4_full,id_00000808,WOMEN,Blouses_Shirts,full,query,1669,This person is wearing a sleeveless tank shirt with pure color patterns and a long trousers. The tank shirt is with cotton fabric. The neckline of the tank shirt is v-shape. The trousers are with cotton fabric and pure color patterns. There is an accessory on her wrist. There is a ring on her finger.
WOMEN-Blouses_Shirts-id_00000876-02_4_full,id_00000876,WOMEN,Blouses_Shirts,full,query,1672,"Her shirt has long sleeves, cotton fabric and plaid patterns. It has a lapel neckline. This person wears a long pants. The pants are with denim fabric and pure color patterns. There is an accessory in his her neck."
WOMEN-Blouses_Shirts-id_00000941-01_7_additional,id_00000941,WOMEN,Blouses_Shirts,additional,query,1679,"Her shirt has medium sleeves, cotton fabric and graphic patterns. The neckline of it is round. The person wears a long trousers. The trousers are with denim fabric and pure color patterns."
WOMEN-Blouses_Shirts-id_00000948-01_4_full,id_00000948,WOMEN,Blouses_Shirts,full,query,1681,This lady wears a medium-sleeve shirt with plaid patterns. The shirt is with cotton fabric. It has a lapel neckline. This lady wears a three-point pants. The pants are with cotton fabric and solid color patterns. This lady is wearing a ring on her finger.
WOMEN-Blouses_Shirts-id_00000951-01_4_full,id_00000951,WOMEN,Blouses_Shirts,full,query,1682,This lady is wearing a medium-sleeve shirt with graphic patterns. The shirt is with cotton fabric. It has a v-shape neckline. This lady wears a long trousers. The trousers are with denim fabric and pure color patterns. There is a ring on her finger. This lady has neckwear. There is an accessory on her wrist.
WOMEN-Blouses_Shirts-id_00000984-02_4_full,id_00000984,WOMEN,Blouses_Shirts,full,query,1685,"Her shirt has long sleeves, cotton fabric and graphic patterns. The neckline of it is crew. This person wears a long trousers. The trousers are with denim fabric and solid color patterns."
WOMEN-Blouses_Shirts-id_00000997-01_4_full,id_00000997,WOMEN,Blouses_Shirts,full,query,1687,The person wears a medium-sleeve shirt with graphic patterns and a three-point shorts. The shirt is with chiffon fabric and its neckline is round. The shorts are with denim fabric and solid color patterns.
WOMEN-Blouses_Shirts-id_00001061-01_4_full,id_00001061,WOMEN,Blouses_Shirts,full,query,1700,The person is wearing a long-sleeve shirt with lattice patterns and a long pants. The shirt is with cotton fabric. The neckline of the shirt is lapel. The pants are with denim fabric and solid color patterns.
WOMEN-Blouses_Shirts-id_00001072-02_7_additional,id_00001072,WOMEN,Blouses_Shirts,additional,query,1701,The lady wears a medium-sleeve shirt with graphic patterns and a three-quarter pants. The shirt is with cotton fabric. The neckline of the shirt is crew. The pants are with denim fabric and pure color patterns. This woman wears a ring. This lady has neckwear.
WOMEN-Blouses_Shirts-id_00001083-01_7_additional,id_00001083,WOMEN,Blouses_Shirts,additional,query,1703,The shorts this person wears is of three-point length. The shorts are with denim fabric and solid color patterns. The lady has neckwear.
WOMEN-Blouses_Shirts-id_00001091-01_4_full,id_00001091,WOMEN,Blouses_Shirts,full,query,1709,This lady is wearing a sleeveless tank shirt with graphic patterns. The tank shirt is with cotton fabric. It has a lapel neckline. This lady wears a long pants. The pants are with denim fabric and solid color patterns. There is an accessory on her wrist. There is a ring on her finger.
WOMEN-Blouses_Shirts-id_00001095-03_4_full,id_00001095,WOMEN,Blouses_Shirts,full,query,1712,This lady is wearing a tank tank top with solid color patterns. The tank top is with chiffon fabric. It has a crew neckline. This lady wears a three-point shorts. The shorts are with cotton fabric and solid color patterns. The person wears a ring. There is an accessory on her wrist.
WOMEN-Blouses_Shirts-id_00001129-01_7_additional,id_00001129,WOMEN,Blouses_Shirts,additional,query,1717,"Her sweater has long sleeves, cotton fabric and lattice patterns. The neckline of it is lapel. The trousers this person wears is of long length. The trousers are with denim fabric and solid color patterns. The person also wears an outer clothing, with knitting fabric and pure color patterns. The lady wears socks in shoes. This female is wearing a hat."
WOMEN-Blouses_Shirts-id_00001151-03_4_full,id_00001151,WOMEN,Blouses_Shirts,full,query,1721,"The upper clothing has no sleeves, chiffon fabric and graphic patterns. It has a round neckline. The lower clothing is of long length. The fabric is denim and it has pure color patterns. There is an accessory on her wrist. The lady wears a ring. There is an accessory in his her neck."
WOMEN-Blouses_Shirts-id_00001188-04_4_full,id_00001188,WOMEN,Blouses_Shirts,full,query,1729,"Her shirt has short sleeves, cotton fabric and stripe patterns. The neckline of it is crew. The pants this woman wears is of long length. The pants are with cotton fabric and solid color patterns. There is an accessory in his her neck."
WOMEN-Blouses_Shirts-id_00001200-03_4_full,id_00001200,WOMEN,Blouses_Shirts,full,query,1734,"The upper clothing has medium sleeves, cotton fabric and pure color patterns. It has a v-shape neckline. The lower clothing is of long length. The fabric is denim and it has pure color patterns. There is an accessory on her wrist. The female wears a ring. There is an accessory in his her neck."
WOMEN-Blouses_Shirts-id_00001200-05_7_additional,id_00001200,WOMEN,Blouses_Shirts,additional,query,1735,"The shirt the lady wears has medium sleeves and it is with cotton fabric and solid color patterns. The neckline of the shirt is v-shape. The lady wears a long trousers, with denim fabric and pure color patterns. There is an accessory on her wrist. There is an accessory in his her neck. The lady is wearing a ring on her finger."
WOMEN-Blouses_Shirts-id_00001214-01_1_front,id_00001214,WOMEN,Blouses_Shirts,front,query,1736,This person is wearing a long-sleeve shirt with other patterns and a long pants. The shirt is with other fabric. The neckline of the shirt is round. The pants are with denim fabric and pure color patterns. The outer clothing this lady wears is with furry fabric and solid color patterns. There is an accessory on her wrist. There is a hat in her head. There is a ring on her finger.
WOMEN-Blouses_Shirts-id_00001219-03_7_additional,id_00001219,WOMEN,Blouses_Shirts,additional,query,1738,"The person wears a long-sleeve sweater with graphic patterns. The sweater is with chiffon fabric. It has a v-shape neckline. The pants the person wears is of three-point length. The pants are with leather fabric and pure color patterns. This lady also wears an outer clothing, with cotton fabric and solid color patterns. There is an accessory on her wrist. This woman wears socks in shoes. There is a hat in her head."
WOMEN-Blouses_Shirts-id_00001233-03_4_full,id_00001233,WOMEN,Blouses_Shirts,full,query,1739,This woman is wearing a long-sleeve shirt with graphic patterns. The shirt is with chiffon fabric and its neckline is square. This woman wears a long trousers. The trousers are with denim fabric and pure color patterns. There is an accessory on her wrist. This lady wears a ring.
WOMEN-Blouses_Shirts-id_00001280-01_4_full,id_00001280,WOMEN,Blouses_Shirts,full,query,1750,"The upper clothing has short sleeves, cotton fabric and graphic patterns. The neckline of it is round. The lower clothing is of long length. The fabric is denim and it has pure color patterns. This woman is wearing a ring on her finger."
WOMEN-Blouses_Shirts-id_00001301-02_4_full,id_00001301,WOMEN,Blouses_Shirts,full,query,1755,"The upper clothing has sleeves cut off, cotton fabric and graphic patterns. The neckline of it is crew. The lower clothing is of long length. The fabric is denim and it has pure color patterns. The person wears a pair of sunglasses. There is a ring on her finger. There is an accessory on her wrist."
WOMEN-Blouses_Shirts-id_00001325-02_7_additional,id_00001325,WOMEN,Blouses_Shirts,additional,query,1757,"The upper clothing has medium sleeves, cotton fabric and graphic patterns. The neckline of it is crew. The lower clothing is of three-point length. The fabric is cotton and it has pure color patterns. This person has a hat in her head. This lady is wearing a ring on her finger. There is an accessory on her wrist."
WOMEN-Blouses_Shirts-id_00001327-05_4_full,id_00001327,WOMEN,Blouses_Shirts,full,query,1758,This person wears a tank tank top with pure color patterns and long pants. The tank top is with cotton fabric and it has a round neckline. The pants are with cotton fabric and solid color patterns. There is a ring on her finger. There is an accessory on her wrist.
WOMEN-Blouses_Shirts-id_00001327-06_4_full,id_00001327,WOMEN,Blouses_Shirts,full,query,1759,"The upper clothing has sleeves cut off, cotton fabric and pure color patterns. The neckline of it is round. The lower clothing is of long length. The fabric is cotton and it has solid color patterns. There is an accessory on her wrist. There is a ring on her finger."
WOMEN-Blouses_Shirts-id_00001331-01_4_full,id_00001331,WOMEN,Blouses_Shirts,full,query,1760,This female wears a long-sleeve shirt with striped patterns. The shirt is with cotton fabric. This female wears a three-point pants. The pants are with cotton fabric and pure color patterns.
WOMEN-Blouses_Shirts-id_00001332-01_4_full,id_00001332,WOMEN,Blouses_Shirts,full,query,1761,This person wears a tank tank top with graphic patterns and a three-point pants. The tank top is with cotton fabric. The neckline of the tank top is suspenders. The pants are with cotton fabric and graphic patterns. There is an accessory on her wrist. The person is wearing a ring on her finger. There is an accessory in his her neck.
WOMEN-Blouses_Shirts-id_00001359-02_4_full,id_00001359,WOMEN,Blouses_Shirts,full,query,1768,The lady is wearing a tank tank top with floral patterns and a three-point pants. The tank top is with cotton fabric. The neckline of the tank top is suspenders. The pants are with denim fabric and pure color patterns. There is an accessory in his her neck. This lady is wearing a ring on her finger.
WOMEN-Blouses_Shirts-id_00001371-02_7_additional,id_00001371,WOMEN,Blouses_Shirts,additional,query,1770,"The shirt the lady wears has long sleeves and it is with cotton fabric and graphic patterns. The neckline of the shirt is v-shape. The lady wears a medium pants, with denim fabric and pure color patterns. The outer clothing the lady wears is with cotton fabric and graphic patterns. The lady is wearing a ring on her finger. There is an accessory on her wrist. There is an accessory in his her neck."
WOMEN-Blouses_Shirts-id_00001391-01_7_additional,id_00001391,WOMEN,Blouses_Shirts,additional,query,1772,"Her shirt has long sleeves, cotton fabric and striped patterns. The neckline of it is round. The trousers the lady wears is of long length. The trousers are with denim fabric and pure color patterns. There is a ring on her finger. There is an accessory on her wrist. This female has neckwear."
WOMEN-Blouses_Shirts-id_00001451-01_4_full,id_00001451,WOMEN,Blouses_Shirts,full,query,1793,"Her T-shirt has short sleeves, cotton fabric and graphic patterns. The neckline of it is crew. The pants the female wears is of long length. The pants are with denim fabric and pure color patterns. There is an accessory on her wrist. There is a ring on her finger."
WOMEN-Blouses_Shirts-id_00001484-02_4_full,id_00001484,WOMEN,Blouses_Shirts,full,query,1799,"The upper clothing has long sleeves, cotton fabric and pure color patterns. It has a suspenders neckline. The lower clothing is of three-point length. The fabric is denim and it has solid color patterns. There is a ring on her finger. There is an accessory on her wrist. This woman has neckwear."
WOMEN-Blouses_Shirts-id_00001632-02_4_full,id_00001632,WOMEN,Blouses_Shirts,full,query,1818,The person is wearing a tank tank top with graphic patterns and a three-point shorts. The tank top is with cotton fabric and its neckline is suspenders. The shorts are with denim fabric and pure color patterns. The female wears a ring. This lady has neckwear. There is an accessory on her wrist.
WOMEN-Blouses_Shirts-id_00001658-03_1_front,id_00001658,WOMEN,Blouses_Shirts,front,query,1827,"The shirt this person wears has short sleeves and it is with chiffon fabric and solid color patterns. The neckline of the shirt is v-shape. This person wears a three-point shorts, with cotton fabric and solid color patterns. There is a ring on her finger. There is an accessory on her wrist."
WOMEN-Blouses_Shirts-id_00001708-02_4_full,id_00001708,WOMEN,Blouses_Shirts,full,query,1831,The person wears a short-sleeve T-shirt with graphic patterns. The T-shirt is with chiffon fabric. It has a crew neckline. The trousers the person wears is of long length. The trousers are with denim fabric and solid color patterns. There is an accessory on her wrist. This lady has neckwear. There is a ring on her finger.
WOMEN-Blouses_Shirts-id_00001712-01_4_full,id_00001712,WOMEN,Blouses_Shirts,full,query,1834,"Her shirt has medium sleeves, cotton fabric and pure color patterns. It has a lapel neckline. The trousers this lady wears is of long length. The trousers are with leather fabric and solid color patterns. There is a ring on her finger. There is an accessory on her wrist."
WOMEN-Blouses_Shirts-id_00001719-01_4_full,id_00001719,WOMEN,Blouses_Shirts,full,query,1835,This woman wears a long-sleeve sweater with graphic patterns and a three-point shorts. The sweater is with cotton fabric and its neckline is v-shape. The shorts are with denim fabric and pure color patterns.
WOMEN-Blouses_Shirts-id_00001739-03_4_full,id_00001739,WOMEN,Blouses_Shirts,full,query,1841,"The upper clothing has sleeves cut off, chiffon fabric and solid color patterns. It has a v-shape neckline. The lower clothing is of long length. The fabric is denim and it has pure color patterns. There is a belt on her waist. There is an accessory on her wrist. This person is wearing a ring on her finger."
WOMEN-Blouses_Shirts-id_00001769-03_7_additional,id_00001769,WOMEN,Blouses_Shirts,additional,query,1852,"The upper clothing has long sleeves, cotton fabric and pure color patterns. It has a lapel neckline. The lower clothing is of long length. The fabric is cotton and it has solid color patterns. This person wears a ring. This female has a hat in her head."
WOMEN-Blouses_Shirts-id_00001769-04_7_additional,id_00001769,WOMEN,Blouses_Shirts,additional,query,1853,The person is wearing a long-sleeve shirt with solid color patterns and a long trousers. The shirt is with cotton fabric. The neckline of the shirt is lapel. The trousers are with cotton fabric and pure color patterns. This person is wearing a ring on her finger. This lady has neckwear.
WOMEN-Blouses_Shirts-id_00001823-02_4_full,id_00001823,WOMEN,Blouses_Shirts,full,query,1865,"Her shirt has short sleeves, cotton fabric and graphic patterns. It has a crew neckline. The pants this woman wears is of short length. The pants are with chiffon fabric and graphic patterns. This woman wears a ring."
WOMEN-Blouses_Shirts-id_00001832-02_7_additional,id_00001832,WOMEN,Blouses_Shirts,additional,query,1869,"The shirt the person wears has long sleeves and its fabric is cotton. The pattern of it is graphic. It has a v-shape neckline. The person wears a long trousers, with denim fabric and pure color patterns."
WOMEN-Blouses_Shirts-id_00001895-01_7_additional,id_00001895,WOMEN,Blouses_Shirts,additional,query,1883,"Her shirt has long sleeves, cotton fabric and lattice patterns. It has a lapel neckline. The person wears a three-point shorts. The shorts are with other fabric and other patterns. The outer clothing is with cotton fabric and color block patterns. This person wears a ring. This person is wearing socks in shoes."
WOMEN-Blouses_Shirts-id_00001895-02_7_additional,id_00001895,WOMEN,Blouses_Shirts,additional,query,1884,The lady is wearing a long-sleeve shirt with lattice patterns and a three-point pants. The shirt is with cotton fabric. The neckline of the shirt is lapel. The pants are with other fabric and other patterns. The person is wearing socks in shoes.
WOMEN-Blouses_Shirts-id_00001915-02_4_full,id_00001915,WOMEN,Blouses_Shirts,full,query,1890,This female wears a short-sleeve T-shirt with graphic patterns. The T-shirt is with chiffon fabric. It has a crew neckline. This female wears a long pants. The pants are with denim fabric and pure color patterns. This person wears a ring.
WOMEN-Blouses_Shirts-id_00001916-01_4_full,id_00001916,WOMEN,Blouses_Shirts,full,query,1891,This female wears a long-sleeve sweater with pure color patterns and a long trousers. The sweater is with chiffon fabric. The neckline of the sweater is v-shape. The trousers are with leather fabric and solid color patterns. The lady is wearing a ring on her finger.
WOMEN-Blouses_Shirts-id_00001981-04_4_full,id_00001981,WOMEN,Blouses_Shirts,full,query,1908,"Her tank shirt has no sleeves, chiffon fabric and pure color patterns. It has a suspenders neckline. This lady wears a long pants. The pants are with cotton fabric and pure color patterns. There is an accessory on her wrist. This woman is wearing a ring on her finger."
WOMEN-Blouses_Shirts-id_00002005-06_4_full,id_00002005,WOMEN,Blouses_Shirts,full,query,1910,"The upper clothing has short sleeves, cotton fabric and stripe patterns. It has a round neckline. The lower clothing is of long length. The fabric is denim and it has pure color patterns. There is an accessory on her wrist. The lady is wearing a ring on her finger."
WOMEN-Blouses_Shirts-id_00002098-02_4_full,id_00002098,WOMEN,Blouses_Shirts,full,query,1923,This lady is wearing a long-sleeve shirt with other patterns and a long pants. The shirt is with cotton fabric and its neckline is lapel. The pants are with denim fabric and pure color patterns. The female has a hat in her head. This woman is wearing a ring on her finger. There is an accessory on her wrist.
WOMEN-Blouses_Shirts-id_00002135-01_4_full,id_00002135,WOMEN,Blouses_Shirts,full,query,1931,This lady wears a long-sleeve sweater with graphic patterns and a long pants. The sweater is with cotton fabric. The neckline of the sweater is round. The pants are with denim fabric and pure color patterns. This lady wears a ring. There is an accessory in his her neck.
WOMEN-Blouses_Shirts-id_00002140-02_7_additional,id_00002140,WOMEN,Blouses_Shirts,additional,query,1932,"Her shirt has long sleeves, chiffon fabric and striped patterns. The shorts the person wears is of three-point length. The shorts are with denim fabric and pure color patterns. There is a ring on her finger. This woman is wearing a hat."
WOMEN-Blouses_Shirts-id_00002182-02_4_full,id_00002182,WOMEN,Blouses_Shirts,full,query,1935,"The tank top this female wears has no sleeves, its fabric is cotton, and it has graphic patterns. The tank top has a suspenders neckline. This female wears a three-point pants, with denim fabric and pure color patterns. The female is wearing a ring on her finger. There is an accessory on her wrist. This person has neckwear."
WOMEN-Blouses_Shirts-id_00002193-02_4_full,id_00002193,WOMEN,Blouses_Shirts,full,query,1936,"Her tank shirt has no sleeves, chiffon fabric and floral patterns. The neckline of it is crew. The shorts this person wears is of three-point length. The shorts are with leather fabric and pure color patterns. There is a ring on her finger. There is an accessory in his her neck. There is an accessory on her wrist. This female is wearing a hat."
WOMEN-Blouses_Shirts-id_00002218-01_7_additional,id_00002218,WOMEN,Blouses_Shirts,additional,query,1938,"The shirt this lady wears has long sleeves and it is with chiffon fabric and solid color patterns. The neckline of the shirt is v-shape. This lady wears a long pants, with denim fabric and pure color patterns. The lady wears a ring."
WOMEN-Blouses_Shirts-id_00002235-01_7_additional,id_00002235,WOMEN,Blouses_Shirts,additional,query,1940,"Her shirt has long sleeves, cotton fabric and graphic patterns. It has a round neckline. This lady wears a three-quarter trousers. The trousers are with denim fabric and solid color patterns."
WOMEN-Blouses_Shirts-id_00002373-02_4_full,id_00002373,WOMEN,Blouses_Shirts,full,query,1965,This female is wearing a medium-sleeve shirt with graphic patterns and a long trousers. The shirt is with cotton fabric. The neckline of the shirt is suspenders. The trousers are with denim fabric and color block patterns. This female has neckwear. There is a ring on her finger.
WOMEN-Blouses_Shirts-id_00002374-02_7_additional,id_00002374,WOMEN,Blouses_Shirts,additional,query,1966,This woman is wearing a long-sleeve sweater with graphic patterns and a three-point shorts. The sweater is with chiffon fabric. The neckline of the sweater is v-shape. The shorts are with cotton fabric and solid color patterns. The female wears a ring.
WOMEN-Blouses_Shirts-id_00002378-04_4_full,id_00002378,WOMEN,Blouses_Shirts,full,query,1967,This female wears a long-sleeve sweater with pure color patterns and a long trousers. The sweater is with chiffon fabric. The neckline of the sweater is v-shape. The trousers are with cotton fabric and solid color patterns. There is a ring on her finger.
WOMEN-Blouses_Shirts-id_00002425-01_4_full,id_00002425,WOMEN,Blouses_Shirts,full,query,1975,The lady is wearing a tank tank shirt with pure color patterns. The tank shirt is with chiffon fabric and its neckline is round. The shorts the lady wears is of three-point length. The shorts are with chiffon fabric and pure color patterns. This woman is wearing a ring on her finger. There is an accessory on her wrist.
WOMEN-Blouses_Shirts-id_00002438-02_7_additional,id_00002438,WOMEN,Blouses_Shirts,additional,query,1978,"The upper clothing has long sleeves, cotton fabric and pure color patterns. The neckline of it is crew. The lower clothing is of long length. The fabric is denim and it has pure color patterns. The outer clothing is with chiffon fabric and floral patterns. This person is wearing a ring on her finger. There is an accessory on her wrist."
WOMEN-Blouses_Shirts-id_00002447-03_4_full,id_00002447,WOMEN,Blouses_Shirts,full,query,1980,"Her shirt has short sleeves, chiffon fabric and pure color patterns. It has a round neckline. The person wears a long pants. The pants are with denim fabric and pure color patterns. The person wears a ring. There is an accessory in his her neck."
WOMEN-Blouses_Shirts-id_00002447-04_4_full,id_00002447,WOMEN,Blouses_Shirts,full,query,1981,This person is wearing a short-sleeve T-shirt with solid color patterns. The T-shirt is with chiffon fabric. It has a round neckline. This person wears a long trousers. The trousers are with denim fabric and solid color patterns. This woman is wearing a ring on her finger. There is an accessory in his her neck.
WOMEN-Blouses_Shirts-id_00002501-04_4_full,id_00002501,WOMEN,Blouses_Shirts,full,query,1993,"Her tank top has sleeves cut off, cotton fabric and pure color patterns. It has a lapel neckline. The trousers the lady wears is of long length. The trousers are with denim fabric and pure color patterns. This female wears a ring. There is an accessory on her wrist."
WOMEN-Blouses_Shirts-id_00002504-01_4_full,id_00002504,WOMEN,Blouses_Shirts,full,query,1994,This lady wears a long-sleeve shirt with graphic patterns. The shirt is with chiffon fabric. It has a v-shape neckline. The pants this lady wears is of long length. The pants are with denim fabric and solid color patterns.
WOMEN-Blouses_Shirts-id_00002532-04_4_full,id_00002532,WOMEN,Blouses_Shirts,full,query,1996,This woman is wearing a long-sleeve shirt with pure color patterns and a long trousers. The shirt is with knitting fabric. The neckline of the shirt is crew. The trousers are with leather fabric and pure color patterns. There is a ring on her finger.
WOMEN-Blouses_Shirts-id_00002558-02_4_full,id_00002558,WOMEN,Blouses_Shirts,full,query,2005,This woman wears a tank tank top with graphic patterns. The tank top is with cotton fabric. It has a suspenders neckline. The shorts this woman wears is of three-point length. The shorts are with cotton fabric and pure color patterns. This female is wearing a ring on her finger. There is an accessory in his her neck. There is an accessory on her wrist.
WOMEN-Blouses_Shirts-id_00002558-03_4_full,id_00002558,WOMEN,Blouses_Shirts,full,query,2006,This woman is wearing a tank tank shirt with graphic patterns. The tank shirt is with cotton fabric. It has a suspenders neckline. The pants this woman wears is of three-point length. The pants are with cotton fabric and pure color patterns. There is an accessory in his her neck. There is a ring on her finger.
WOMEN-Blouses_Shirts-id_00002580-04_4_full,id_00002580,WOMEN,Blouses_Shirts,full,query,2008,"The upper clothing has no sleeves, cotton fabric and graphic patterns. It has a round neckline. The lower clothing is of three-point length. The fabric is denim and it has pure color patterns. There is an accessory in his her neck. There is a ring on her finger. There is an accessory on her wrist."
WOMEN-Blouses_Shirts-id_00002585-01_4_full,id_00002585,WOMEN,Blouses_Shirts,full,query,2009,The lady wears a medium-sleeve shirt with graphic patterns and a long trousers. The shirt is with cotton fabric. The neckline of the shirt is crew. The trousers are with cotton fabric and solid color patterns.
WOMEN-Blouses_Shirts-id_00002585-02_4_full,id_00002585,WOMEN,Blouses_Shirts,full,query,2010,The lady is wearing a medium-sleeve shirt with graphic patterns. The shirt is with cotton fabric and its neckline is crew. The pants the lady wears is of long length. The pants are with denim fabric and solid color patterns. There is a ring on her finger.
WOMEN-Blouses_Shirts-id_00002596-01_4_full,id_00002596,WOMEN,Blouses_Shirts,full,query,2013,"Her shirt has short sleeves, chiffon fabric and graphic patterns. The neckline of it is round. The person wears a long pants. The pants are with denim fabric and solid color patterns. This lady wears a ring. There is an accessory on her wrist."
WOMEN-Blouses_Shirts-id_00002597-02_7_additional,id_00002597,WOMEN,Blouses_Shirts,additional,query,2014,"The female wears a long-sleeve sweater with plaid patterns. The sweater is with cotton fabric. It has a round neckline. The pants the female wears is of long length. The pants are with denim fabric and pure color patterns. The female also wears an outer clothing, with cotton fabric and pure color patterns. There is a ring on her finger."
WOMEN-Blouses_Shirts-id_00002610-01_4_full,id_00002610,WOMEN,Blouses_Shirts,full,query,2016,"The upper clothing has long sleeves, chiffon fabric and graphic patterns. It has a v-shape neckline. The lower clothing is of long length. The fabric is denim and it has pure color patterns. There is a ring on her finger."
WOMEN-Blouses_Shirts-id_00002614-01_4_full,id_00002614,WOMEN,Blouses_Shirts,full,query,2017,"Her shirt has long sleeves, cotton fabric and pure color patterns. It has a round neckline. This person wears a long trousers. The trousers are with denim fabric and solid color patterns. The lady also wears an outer clothing, with chiffon fabric and floral patterns."
WOMEN-Blouses_Shirts-id_00002649-01_7_additional,id_00002649,WOMEN,Blouses_Shirts,additional,query,2023,"The sweater the lady wears has long sleeves and it is with chiffon fabric and pure color patterns. The neckline of the sweater is lapel. The lady wears a three-point pants, with denim fabric and solid color patterns."
WOMEN-Blouses_Shirts-id_00002723-01_4_full,id_00002723,WOMEN,Blouses_Shirts,full,query,2036,The person wears a tank tank top with graphic patterns. The tank top is with cotton fabric. It has a stand neckline. The pants the person wears is of long length. The pants are with leather fabric and pure color patterns. The female is wearing a ring on her finger. There is an accessory on her wrist.
WOMEN-Blouses_Shirts-id_00002723-02_4_full,id_00002723,WOMEN,Blouses_Shirts,full,query,2037,The person is wearing a tank tank top with graphic patterns. The tank top is with cotton fabric. It has a stand neckline. The trousers the person wears is of long length. The trousers are with leather fabric and solid color patterns. There is an accessory on her wrist. This woman is wearing a ring on her finger.
WOMEN-Blouses_Shirts-id_00002763-01_7_additional,id_00002763,WOMEN,Blouses_Shirts,additional,query,2041,The female is wearing a tank tank shirt with pure color patterns and a three-point shorts. The tank shirt is with denim fabric. The neckline of the tank shirt is suspenders. The shorts are with denim fabric and pure color patterns. There is an accessory on her wrist. The person wears a ring.
WOMEN-Blouses_Shirts-id_00002763-02_4_full,id_00002763,WOMEN,Blouses_Shirts,full,query,2042,This woman wears a tank tank shirt with solid color patterns and three-point pants. The tank shirt is with denim fabric and it has a suspenders neckline. The pants are with denim fabric and pure color patterns. The lady wears a ring. There is an accessory on her wrist.
WOMEN-Blouses_Shirts-id_00002773-02_4_full,id_00002773,WOMEN,Blouses_Shirts,full,query,2050,"This female is wearing a long-sleeve shirt with stripe patterns. The shirt is with cotton fabric and its neckline is round. This female wears a long trousers. The trousers are with denim fabric and solid color patterns. This person also wears an outer clothing, with cotton fabric and lattice patterns."
WOMEN-Blouses_Shirts-id_00002794-01_4_full,id_00002794,WOMEN,Blouses_Shirts,full,query,2054,The female is wearing a tank tank top with graphic patterns and a three-point pants. The tank top is with cotton fabric and its neckline is crew. The pants are with cotton fabric and pure color patterns. The female is wearing a ring on her finger. There is an accessory on her wrist.
WOMEN-Blouses_Shirts-id_00002799-03_1_front,id_00002799,WOMEN,Blouses_Shirts,front,query,2055,This female wears a long-sleeve sweater with lattice patterns and a three-point pants. The sweater is with cotton fabric and its neckline is lapel. The pants are with chiffon fabric and graphic patterns. This female is wearing a hat. This woman is wearing a pair of socks. This female has neckwear.
WOMEN-Blouses_Shirts-id_00002799-04_7_additional,id_00002799,WOMEN,Blouses_Shirts,additional,query,2056,"This lady wears a medium-sleeve shirt with solid color patterns. The shirt is with cotton fabric. It has a round neckline. The pants this lady wears is of long length. The pants are with cotton fabric and solid color patterns. This female also wears an outer clothing, with cotton fabric and plaid patterns. This woman wears a ring. There is an accessory in his her neck. There is a hat in her head."
WOMEN-Blouses_Shirts-id_00002806-02_4_full,id_00002806,WOMEN,Blouses_Shirts,full,query,2057,"Her tank top has no sleeves, cotton fabric and floral patterns. It has a suspenders neckline. The person wears a three-point shorts. The shorts are with denim fabric and solid color patterns. The female wears a ring. This person is wearing sunglasses. There is an accessory on her wrist."
WOMEN-Blouses_Shirts-id_00002890-04_7_additional,id_00002890,WOMEN,Blouses_Shirts,additional,query,2069,"The upper clothing has long sleeves, cotton fabric and plaid patterns. The neckline of it is lapel. The lower clothing is of long length. The fabric is denim and it has pure color patterns. This lady wears a pair of sunglasses."
WOMEN-Blouses_Shirts-id_00002900-01_4_full,id_00002900,WOMEN,Blouses_Shirts,full,query,2070,"The upper clothing has no sleeves, chiffon fabric and solid color patterns. The neckline of it is lapel. The lower clothing is of long length. The fabric is denim and it has solid color patterns. There is an accessory on her wrist. There is a ring on her finger. This person is wearing sunglasses."
WOMEN-Blouses_Shirts-id_00002930-02_4_full,id_00002930,WOMEN,Blouses_Shirts,full,query,2072,"The tank top this woman wears has no sleeves and its fabric is chiffon. The pattern of it is graphic. This woman wears a three-point pants, with denim fabric and solid color patterns. There is an accessory on her wrist."
WOMEN-Blouses_Shirts-id_00002930-03_4_full,id_00002930,WOMEN,Blouses_Shirts,full,query,2073,This woman is wearing a sleeveless tank top with graphic patterns. The tank top is with chiffon fabric. The pants this woman wears is of three-point length. The pants are with denim fabric and pure color patterns. There is an accessory on her wrist.
WOMEN-Blouses_Shirts-id_00002939-01_7_additional,id_00002939,WOMEN,Blouses_Shirts,additional,query,2075,This woman is wearing a long-sleeve shirt with graphic patterns and a three-point shorts. The shirt is with chiffon fabric and its neckline is crew. The shorts are with cotton fabric and solid color patterns. The outer clothing is with knitting fabric and pure color patterns. The female is wearing leggings. There is a hat in her head.
WOMEN-Blouses_Shirts-id_00002964-02_4_full,id_00002964,WOMEN,Blouses_Shirts,full,query,2079,"Her shirt has short sleeves, chiffon fabric and graphic patterns. The neckline of it is lapel. This woman wears a long trousers. The trousers are with denim fabric and pure color patterns. There is a ring on her finger. There is an accessory on her wrist."
WOMEN-Blouses_Shirts-id_00002965-01_1_front,id_00002965,WOMEN,Blouses_Shirts,front,query,2080,"This person is wearing a tank tank top with floral patterns. The tank top is with chiffon fabric and its neckline is suspenders. The shorts this person wears is of three-point length. The shorts are with cotton fabric and solid color patterns. This lady also wears an outer clothing, with knitting fabric and pure color patterns. There is an accessory in his her neck. The lady is wearing a ring on her finger."
WOMEN-Blouses_Shirts-id_00002997-04_4_full,id_00002997,WOMEN,Blouses_Shirts,full,query,2085,The female wears a sleeveless tank shirt with solid color patterns. The tank shirt is with chiffon fabric. It has a stand neckline. The female wears a long pants. The pants are with leather fabric and solid color patterns. There is a ring on her finger. There is an accessory on her wrist.
WOMEN-Blouses_Shirts-id_00003018-01_7_additional,id_00003018,WOMEN,Blouses_Shirts,additional,query,2090,"The upper clothing has short sleeves, chiffon fabric and solid color patterns. It has a round neckline. The lower clothing is of long length. The fabric is denim and it has solid color patterns. The female is wearing a pair of sunglasses. This person wears a ring."
WOMEN-Blouses_Shirts-id_00003036-02_7_additional,id_00003036,WOMEN,Blouses_Shirts,additional,query,2092,"Her sweater has long sleeves, cotton fabric and graphic patterns. The female wears a three-point pants. The pants are with leather fabric and pure color patterns. The lady is wearing a hat."
WOMEN-Blouses_Shirts-id_00003054-02_4_full,id_00003054,WOMEN,Blouses_Shirts,full,query,2096,"The sweater the female wears has long sleeves and its fabric is cotton. The pattern of it is graphic. It has a v-shape neckline. The female wears a long trousers, with denim fabric and solid color patterns. This woman is wearing a ring on her finger. This person has neckwear. There is an accessory on her wrist."
WOMEN-Blouses_Shirts-id_00003161-02_4_full,id_00003161,WOMEN,Blouses_Shirts,full,query,2112,The lady wears a sleeveless tank top with graphic patterns and a long pants. The tank top is with chiffon fabric and its neckline is crew. The pants are with denim fabric and solid color patterns. There is a ring on her finger. There is an accessory on her wrist.
WOMEN-Blouses_Shirts-id_00003370-02_4_full,id_00003370,WOMEN,Blouses_Shirts,full,query,2154,"The shirt this female wears has long sleeves and it is with cotton fabric and pure color patterns. The neckline of the shirt is v-shape. This female wears a long pants, with denim fabric and solid color patterns. The lady also wears an outer clothing, with cotton fabric and lattice patterns. The person is wearing a belt. There is a ring on her finger."
WOMEN-Blouses_Shirts-id_00003372-02_4_full,id_00003372,WOMEN,Blouses_Shirts,full,query,2155,This woman wears a tank tank shirt with graphic patterns. The tank shirt is with cotton fabric. It has a suspenders neckline. The pants this woman wears is of three-point length. The pants are with denim fabric and pure color patterns. This woman is wearing a ring on her finger. The female has neckwear.
WOMEN-Blouses_Shirts-id_00003372-03_4_full,id_00003372,WOMEN,Blouses_Shirts,full,query,2156,The female wears a sleeveless tank top with graphic patterns and a three-point shorts. The tank top is with cotton fabric. The neckline of the tank top is suspenders. The shorts are with denim fabric and pure color patterns. There is an accessory in his her neck. The lady wears a ring.
WOMEN-Blouses_Shirts-id_00003387-02_4_full,id_00003387,WOMEN,Blouses_Shirts,full,query,2163,"Her tank shirt has no sleeves, chiffon fabric and pure color patterns. It has a v-shape neckline. This woman wears a three-point shorts. The shorts are with cotton fabric and solid color patterns. There is a ring on her finger."
WOMEN-Blouses_Shirts-id_00003396-03_1_front,id_00003396,WOMEN,Blouses_Shirts,front,query,2164,This woman wears a sleeveless tank shirt with graphic patterns and long trousers. The tank shirt is with chiffon fabric and it has a round neckline. The trousers are with denim fabric and pure color patterns. There is an accessory on her wrist. There is a ring on her finger. This female has neckwear.
WOMEN-Blouses_Shirts-id_00003406-01_4_full,id_00003406,WOMEN,Blouses_Shirts,full,query,2167,"The upper clothing has no sleeves, cotton fabric and graphic patterns. It has a round neckline. The lower clothing is of three-point length. The fabric is denim and it has solid color patterns. This lady has neckwear. There is an accessory on her wrist. The person is wearing a ring on her finger."
WOMEN-Blouses_Shirts-id_00003456-02_7_additional,id_00003456,WOMEN,Blouses_Shirts,additional,query,2183,"The upper clothing has sleeves cut off, cotton fabric and graphic patterns. It has a suspenders neckline. The lower clothing is of three-point length. The fabric is denim and it has pure color patterns. This lady wears a ring. There is an accessory on her wrist. This lady has neckwear."
WOMEN-Blouses_Shirts-id_00003469-02_7_additional,id_00003469,WOMEN,Blouses_Shirts,additional,query,2184,This female wears a short-sleeve shirt with graphic patterns and three-point shorts. The shirt is with cotton fabric. The shorts are with denim fabric and pure color patterns.
WOMEN-Blouses_Shirts-id_00003486-01_4_full,id_00003486,WOMEN,Blouses_Shirts,full,query,2191,This lady is wearing a long-sleeve shirt with solid color patterns and a three-point shorts. The shirt is with chiffon fabric and its neckline is v-shape. The shorts are with cotton fabric and solid color patterns. The female has neckwear. The female wears a ring.
WOMEN-Blouses_Shirts-id_00003620-03_4_full,id_00003620,WOMEN,Blouses_Shirts,full,query,2213,"The upper clothing has no sleeves, chiffon fabric and graphic patterns. It has a round neckline. The lower clothing is of three-point length. The fabric is cotton and it has graphic patterns. There is an accessory on her wrist. The person is wearing a ring on her finger."
WOMEN-Blouses_Shirts-id_00003620-04_4_full,id_00003620,WOMEN,Blouses_Shirts,full,query,2214,This female is wearing a tank tank top with graphic patterns and a three-point shorts. The tank top is with chiffon fabric. The neckline of the tank top is round. The shorts are with cotton fabric and graphic patterns. The female is wearing a ring on her finger. There is an accessory on her wrist.
WOMEN-Blouses_Shirts-id_00003666-02_7_additional,id_00003666,WOMEN,Blouses_Shirts,additional,query,2223,"Her shirt has long sleeves, cotton fabric and color block patterns. The neckline of it is lapel. This person wears a long trousers. The trousers are with cotton fabric and pure color patterns. This lady has a hat in her head. There is a ring on her finger."
WOMEN-Blouses_Shirts-id_00003679-01_4_full,id_00003679,WOMEN,Blouses_Shirts,full,query,2224,The person wears a long-sleeve sweater with pure color patterns and a long trousers. The sweater is with cotton fabric and its neckline is v-shape. The trousers are with denim fabric and pure color patterns. There is a ring on her finger.
WOMEN-Blouses_Shirts-id_00003738-03_4_full,id_00003738,WOMEN,Blouses_Shirts,full,query,2232,This lady wears a medium-sleeve shirt with pure color patterns and long pants. The shirt is with cotton fabric. The pants are with denim fabric and pure color patterns. The lady is wearing a ring on her finger. This person wears a belt. There is an accessory on her wrist.
WOMEN-Blouses_Shirts-id_00003738-04_4_full,id_00003738,WOMEN,Blouses_Shirts,full,query,2233,This lady wears a medium-sleeve shirt with pure color patterns. The shirt is with cotton fabric. The pants this lady wears is of long length. The pants are with denim fabric and solid color patterns. There is a ring on her finger. The person wears a belt. There is an accessory on her wrist. There is a hat in her head.
WOMEN-Blouses_Shirts-id_00003750-01_7_additional,id_00003750,WOMEN,Blouses_Shirts,additional,query,2237,"Her tank shirt has sleeves cut off, cotton fabric and graphic patterns. It has a crew neckline. The trousers the female wears is of long length. The trousers are with cotton fabric and graphic patterns. There is an accessory in his her neck. There is a ring on her finger. There is an accessory on her wrist."
WOMEN-Blouses_Shirts-id_00003757-01_7_additional,id_00003757,WOMEN,Blouses_Shirts,additional,query,2238,This woman wears a medium-sleeve shirt with graphic patterns and long pants. The shirt is with cotton fabric and it has a round neckline. The pants are with cotton fabric and graphic patterns. There is an accessory on her wrist. The female is wearing a ring on her finger.
WOMEN-Blouses_Shirts-id_00003779-02_4_full,id_00003779,WOMEN,Blouses_Shirts,full,query,2246,The person is wearing a short-sleeve T-shirt with graphic patterns. The T-shirt is with cotton fabric. It has a round neckline. The pants the person wears is of long length. The pants are with denim fabric and solid color patterns. There is a ring on her finger. The person wears a hat. This person has neckwear. There is an accessory on her wrist.
WOMEN-Blouses_Shirts-id_00003799-01_4_full,id_00003799,WOMEN,Blouses_Shirts,full,query,2251,"Her shirt has long sleeves, cotton fabric and pure color patterns. The neckline of it is round. The person wears a three-point shorts. The shorts are with cotton fabric and graphic patterns. The lady also wears an outer clothing, with cotton fabric and graphic patterns. The lady is wearing a ring on her finger. There is an accessory on her wrist. This female has neckwear."
WOMEN-Blouses_Shirts-id_00003811-02_1_front,id_00003811,WOMEN,Blouses_Shirts,front,query,2259,This person wears a short-sleeve T-shirt with lattice patterns. The T-shirt is with cotton fabric. It has a lapel neckline. The pants this person wears is of long length. The pants are with denim fabric and pure color patterns. There is an accessory on her wrist. There is a ring on her finger.
WOMEN-Blouses_Shirts-id_00003814-05_4_full,id_00003814,WOMEN,Blouses_Shirts,full,query,2260,This woman is wearing a sleeveless tank shirt with pure color patterns. The tank shirt is with chiffon fabric. It has a crew neckline. This woman wears a long pants. The pants are with denim fabric and solid color patterns. There is an accessory on her wrist. The person has neckwear. This female is wearing a ring on her finger.
WOMEN-Blouses_Shirts-id_00003814-06_4_full,id_00003814,WOMEN,Blouses_Shirts,full,query,2261,"Her tank shirt has no sleeves, chiffon fabric and pure color patterns. The neckline of it is round. This lady wears a long trousers. The trousers are with denim fabric and solid color patterns. This lady wears a ring. There is an accessory on her wrist."
WOMEN-Blouses_Shirts-id_00003819-03_4_full,id_00003819,WOMEN,Blouses_Shirts,full,query,2262,The tank shirt this lady wears has no sleeves and it is with chiffon fabric and pure color patterns. The neckline of the tank shirt is stand. The lady is wearing a ring on her finger.
WOMEN-Blouses_Shirts-id_00003820-02_4_full,id_00003820,WOMEN,Blouses_Shirts,full,query,2263,This woman is wearing a long-sleeve sweater with graphic patterns. The sweater is with chiffon fabric. It has a v-shape neckline. This woman wears a three-point pants. The pants are with denim fabric and solid color patterns. There is a ring on her finger. There is an accessory in his her neck. There is an accessory on her wrist.
WOMEN-Blouses_Shirts-id_00003836-01_4_full,id_00003836,WOMEN,Blouses_Shirts,full,query,2265,"The shirt this woman wears has medium sleeves, its fabric is cotton, and it has graphic patterns. This woman wears a three-point pants, with cotton fabric and solid color patterns. There is an accessory on her wrist. The female is wearing a ring on her finger."
WOMEN-Blouses_Shirts-id_00003881-02_4_full,id_00003881,WOMEN,Blouses_Shirts,full,query,2271,This woman is wearing a tank tank top with graphic patterns. The tank top is with cotton fabric. This woman wears a three-point shorts. The shorts are with denim fabric and solid color patterns. There is an accessory on her wrist. This person has neckwear.
WOMEN-Blouses_Shirts-id_00003882-02_1_front,id_00003882,WOMEN,Blouses_Shirts,front,query,2272,The female wears a tank tank top with pure color patterns. The tank top is with chiffon fabric. It has a lapel neckline. The trousers the female wears is of long length. The trousers are with denim fabric and solid color patterns. The lady wears a ring. There is an accessory on her wrist.
WOMEN-Blouses_Shirts-id_00003914-05_4_full,id_00003914,WOMEN,Blouses_Shirts,full,query,2279,"The tank shirt this female wears has sleeves cut off and it is with cotton fabric and graphic patterns. The neckline of the tank shirt is round. This female wears a three-point pants, with cotton fabric and pure color patterns. There is an accessory on her wrist. The lady wears a ring."
WOMEN-Blouses_Shirts-id_00003914-08_4_full,id_00003914,WOMEN,Blouses_Shirts,full,query,2280,The person is wearing a sleeveless tank top with graphic patterns. The tank top is with cotton fabric. It has a crew neckline. The person wears a three-point pants. The pants are with cotton fabric and solid color patterns. There is a ring on her finger. There is an accessory on her wrist.
WOMEN-Blouses_Shirts-id_00003933-02_7_additional,id_00003933,WOMEN,Blouses_Shirts,additional,query,2285,"Her tank top has sleeves cut off, denim fabric and pure color patterns. The neckline of it is crew. This woman wears a three-point pants. The pants are with cotton fabric and pure color patterns. The female is wearing a ring on her finger. There is an accessory on her wrist."
WOMEN-Blouses_Shirts-id_00003961-02_4_full,id_00003961,WOMEN,Blouses_Shirts,full,query,2289,The person is wearing a long-sleeve shirt with graphic patterns and a long pants. The shirt is with chiffon fabric. The neckline of the shirt is crew. The pants are with denim fabric and color block patterns. There is an accessory on her wrist. This woman wears a ring.
WOMEN-Blouses_Shirts-id_00004106-02_4_full,id_00004106,WOMEN,Blouses_Shirts,full,query,2315,This lady is wearing a tank tank shirt with graphic patterns. The tank shirt is with cotton fabric. It has a suspenders neckline. The pants this lady wears is of three-point length. The pants are with leather fabric and solid color patterns. The female wears a ring. There is an accessory on her wrist.
WOMEN-Blouses_Shirts-id_00004107-02_7_additional,id_00004107,WOMEN,Blouses_Shirts,additional,query,2316,The female wears a long-sleeve shirt with floral patterns. The shirt is with chiffon fabric. The female wears a long pants. The pants are with cotton fabric and solid color patterns. There is a ring on her finger. The person wears a belt. There is an accessory on her wrist. This woman has neckwear.
WOMEN-Blouses_Shirts-id_00004116-02_7_additional,id_00004116,WOMEN,Blouses_Shirts,additional,query,2321,"Her T-shirt has short sleeves, cotton fabric and graphic patterns. It has a round neckline. The shorts this person wears is of three-point length. The shorts are with denim fabric and pure color patterns. There is an accessory in his her neck. The female wears a ring. There is an accessory on her wrist."
WOMEN-Blouses_Shirts-id_00004140-01_4_full,id_00004140,WOMEN,Blouses_Shirts,full,query,2322,"The sweater this female wears has long sleeves and its fabric is cotton. The pattern of it is stripe. It has a v-shape neckline. This female wears a long pants, with cotton fabric and solid color patterns. This female is wearing a ring on her finger. There is an accessory in his her neck."
WOMEN-Blouses_Shirts-id_00004157-01_7_additional,id_00004157,WOMEN,Blouses_Shirts,additional,query,2324,This lady is wearing a tank tank shirt with pure color patterns. The tank shirt is with chiffon fabric and its neckline is crew. The pants this lady wears is of long length. The pants are with denim fabric and pure color patterns. There is an accessory on her wrist. The female is wearing a ring on her finger. This woman is wearing a hat.
WOMEN-Blouses_Shirts-id_00004224-02_4_full,id_00004224,WOMEN,Blouses_Shirts,full,query,2335,"Her tank top has no sleeves, chiffon fabric and graphic patterns. The neckline of it is round. The lady wears a long trousers. The trousers are with denim fabric and solid color patterns. There is an accessory on her wrist. There is an accessory in his her neck. There is a ring on her finger."
WOMEN-Blouses_Shirts-id_00004224-04_4_full,id_00004224,WOMEN,Blouses_Shirts,full,query,2336,"Her tank shirt has sleeves cut off, cotton fabric and graphic patterns. It has a round neckline. This lady wears a long pants. The pants are with denim fabric and solid color patterns. This person is wearing a ring on her finger. There is an accessory in his her neck. There is an accessory on her wrist."
WOMEN-Blouses_Shirts-id_00004234-02_4_full,id_00004234,WOMEN,Blouses_Shirts,full,query,2340,This woman is wearing a long-sleeve shirt with pure color patterns. The shirt is with cotton fabric. It has a crew neckline. This woman wears a long trousers. The trousers are with leather fabric and solid color patterns. The outer clothing this person wears is with cotton fabric and solid color patterns. There is an accessory on her wrist. This person is wearing a ring on her finger.
WOMEN-Blouses_Shirts-id_00004263-01_7_additional,id_00004263,WOMEN,Blouses_Shirts,additional,query,2350,The lady wears a long-sleeve sweater with plaid patterns and medium shorts. The sweater is with cotton fabric and it has a lapel neckline. The shorts are with denim fabric and pure color patterns. The person wears a ring. The lady wears sunglasses. The lady is wearing a hat.
WOMEN-Blouses_Shirts-id_00004290-02_4_full,id_00004290,WOMEN,Blouses_Shirts,full,query,2360,"The upper clothing has sleeves cut off, cotton fabric and graphic patterns. The neckline of it is suspenders. The lower clothing is of long length. The fabric is denim and it has pure color patterns. The lady is wearing a ring on her finger. There is an accessory on her wrist."
WOMEN-Blouses_Shirts-id_00004310-02_4_full,id_00004310,WOMEN,Blouses_Shirts,full,query,2363,"Her shirt has medium sleeves, cotton fabric and graphic patterns. The neckline of it is crew. This lady wears a long trousers. The trousers are with denim fabric and solid color patterns. There is an accessory on her wrist. There is a ring on her finger."
WOMEN-Blouses_Shirts-id_00004411-02_4_full,id_00004411,WOMEN,Blouses_Shirts,full,query,2376,"Her shirt has long sleeves, cotton fabric and graphic patterns. It has a v-shape neckline. This lady wears a long trousers. The trousers are with denim fabric and solid color patterns. There is a ring on her finger. There is an accessory on her wrist."
WOMEN-Blouses_Shirts-id_00004437-02_7_additional,id_00004437,WOMEN,Blouses_Shirts,additional,query,2384,"Her T-shirt has short sleeves, cotton fabric and floral patterns. The neckline of it is round. The trousers the person wears is of long length. The trousers are with denim fabric and pure color patterns. The lady also wears an outer clothing, with cotton fabric and pure color patterns. There is a ring on her finger."
WOMEN-Blouses_Shirts-id_00004462-01_7_additional,id_00004462,WOMEN,Blouses_Shirts,additional,query,2387,"The shirt this woman wears has medium sleeves and its fabric is cotton. The pattern of it is striped. It has a lapel neckline. This woman wears a medium pants, with denim fabric and solid color patterns. This lady is wearing sunglasses. There is an accessory on her wrist. The person is wearing a ring on her finger."
WOMEN-Blouses_Shirts-id_00004504-03_4_full,id_00004504,WOMEN,Blouses_Shirts,full,query,2404,"The tank top the female wears has no sleeves, its fabric is chiffon, and it has pure color patterns. The tank top has a round neckline. The female wears a long trousers, with denim fabric and pure color patterns. The person is wearing a ring on her finger. There is an accessory on her wrist."
WOMEN-Blouses_Shirts-id_00004504-04_4_full,id_00004504,WOMEN,Blouses_Shirts,full,query,2405,"Her tank shirt has sleeves cut off, chiffon fabric and solid color patterns. It has a round neckline. The lady wears a long trousers. The trousers are with cotton fabric and pure color patterns. There is an accessory on her wrist."
WOMEN-Blouses_Shirts-id_00004556-01_7_additional,id_00004556,WOMEN,Blouses_Shirts,additional,query,2409,The person is wearing a medium-sleeve shirt with color block patterns and a long trousers. The shirt is with cotton fabric. The neckline of the shirt is lapel. The trousers are with denim fabric and solid color patterns. The person has a hat in her head. This person wears a ring.
WOMEN-Blouses_Shirts-id_00004556-02_7_additional,id_00004556,WOMEN,Blouses_Shirts,additional,query,2410,This lady wears a medium-sleeve shirt with color block patterns and a long pants. The shirt is with cotton fabric and its neckline is lapel. The pants are with denim fabric and solid color patterns. The person is wearing a ring on her finger. There is clothing on her waist. There is a hat in her head.
WOMEN-Blouses_Shirts-id_00004608-03_4_full,id_00004608,WOMEN,Blouses_Shirts,full,query,2425,This female wears a long-sleeve shirt with pure color patterns. The shirt is with chiffon fabric. It has a lapel neckline. This female wears a three-point shorts. The shorts are with cotton fabric and graphic patterns. This woman wears socks in shoes.
WOMEN-Blouses_Shirts-id_00004608-04_4_full,id_00004608,WOMEN,Blouses_Shirts,full,query,2426,"The upper clothing has long sleeves, chiffon fabric and solid color patterns. The neckline of it is lapel. The lower clothing is of three-point length. The fabric is cotton and it has graphic patterns. This person wears a ring. This female is wearing socks in shoes."
WOMEN-Blouses_Shirts-id_00004608-05_4_full,id_00004608,WOMEN,Blouses_Shirts,full,query,2427,The person is wearing a long-sleeve shirt with pure color patterns and a three-point shorts. The shirt is with chiffon fabric. The shorts are with cotton fabric and pure color patterns. The lady is wearing a pair of socks.
WOMEN-Blouses_Shirts-id_00004639-02_4_full,id_00004639,WOMEN,Blouses_Shirts,full,query,2434,"Her tank top has no sleeves, cotton fabric and solid color patterns. It has a crew neckline. The lady wears a three-point pants. The pants are with denim fabric and solid color patterns. The female has neckwear. There is a ring on her finger."
WOMEN-Blouses_Shirts-id_00004666-01_4_full,id_00004666,WOMEN,Blouses_Shirts,full,query,2438,The person is wearing a short-sleeve shirt with graphic patterns and a long trousers. The shirt is with cotton fabric and its neckline is v-shape. The trousers are with denim fabric and solid color patterns. The outer clothing is with knitting fabric and graphic patterns. There is an accessory on her wrist. This lady wears a ring.
WOMEN-Blouses_Shirts-id_00004712-02_4_full,id_00004712,WOMEN,Blouses_Shirts,full,query,2449,"The upper clothing has sleeves cut off, cotton fabric and graphic patterns. It has a crew neckline. The lower clothing is of three-point length. The fabric is denim and it has solid color patterns. There is an accessory in his her neck. There is an accessory on her wrist. This female wears a ring."
WOMEN-Blouses_Shirts-id_00004716-02_4_full,id_00004716,WOMEN,Blouses_Shirts,full,query,2450,This female wears a long-sleeve shirt with graphic patterns. The shirt is with cotton fabric. It has a round neckline. This female wears a three-point pants. The pants are with denim fabric and pure color patterns. There is a ring on her finger. There is an accessory on her wrist.
WOMEN-Blouses_Shirts-id_00004723-02_4_full,id_00004723,WOMEN,Blouses_Shirts,full,query,2451,The lady is wearing a short-sleeve shirt with graphic patterns. The shirt is with cotton fabric and its neckline is round. The lady wears a long pants. The pants are with denim fabric and solid color patterns. The person is wearing a ring on her finger. This female has neckwear. There is an accessory on her wrist.
WOMEN-Blouses_Shirts-id_00004727-01_4_full,id_00004727,WOMEN,Blouses_Shirts,full,query,2452,The person is wearing a long-sleeve sweater with stripe patterns and a three-point shorts. The sweater is with cotton fabric. The neckline of the sweater is crew. The shorts are with denim fabric and solid color patterns. The outer clothing is with cotton fabric and graphic patterns.
WOMEN-Blouses_Shirts-id_00004727-02_7_additional,id_00004727,WOMEN,Blouses_Shirts,additional,query,2453,"The shirt this person wears has long sleeves and it is with cotton fabric and solid color patterns. This person wears a three-point shorts, with denim fabric and pure color patterns. The outer clothing is with cotton fabric and graphic patterns."
WOMEN-Blouses_Shirts-id_00004761-03_4_full,id_00004761,WOMEN,Blouses_Shirts,full,query,2456,The lady is wearing a tank tank shirt with floral patterns. The tank shirt is with cotton fabric. It has a stand neckline. The shorts the lady wears is of three-point length. The shorts are with denim fabric and solid color patterns. There is clothing on her waist. There is an accessory on her wrist. This woman wears a ring.
WOMEN-Blouses_Shirts-id_00004766-02_7_additional,id_00004766,WOMEN,Blouses_Shirts,additional,query,2457,This person is wearing a sleeveless tank top with pure color patterns and a three-point pants. The tank top is with cotton fabric and its neckline is v-shape. The pants are with denim fabric and solid color patterns. There is an accessory on her wrist. There is an accessory in his her neck. The lady wears a ring.
WOMEN-Blouses_Shirts-id_00004772-02_4_full,id_00004772,WOMEN,Blouses_Shirts,full,query,2458,The female is wearing a tank tank shirt with graphic patterns. The tank shirt is with cotton fabric and its neckline is stand. The female wears a long pants. The pants are with leather fabric and solid color patterns. There is an accessory on her wrist. This lady wears a ring. There is an accessory in his her neck.
WOMEN-Blouses_Shirts-id_00004781-02_4_full,id_00004781,WOMEN,Blouses_Shirts,full,query,2462,"Her shirt has short sleeves, cotton fabric and solid color patterns. The neckline of it is round. The pants the lady wears is of long length. The pants are with denim fabric and pure color patterns. The lady wears a ring."
WOMEN-Blouses_Shirts-id_00004803-02_4_full,id_00004803,WOMEN,Blouses_Shirts,full,query,2464,"The upper clothing has no sleeves, cotton fabric and graphic patterns. The neckline of it is round. The lower clothing is of long length. The fabric is denim and it has pure color patterns. The person is wearing a ring on her finger. The female has neckwear. There is an accessory on her wrist."
WOMEN-Blouses_Shirts-id_00004803-03_4_full,id_00004803,WOMEN,Blouses_Shirts,full,query,2465,"The tank shirt the female wears has sleeves cut off and its fabric is cotton. The pattern of it is graphic. It has a round neckline. The female wears a long trousers, with denim fabric and solid color patterns. This female is wearing a ring on her finger. There is an accessory in his her neck."
WOMEN-Blouses_Shirts-id_00004810-01_7_additional,id_00004810,WOMEN,Blouses_Shirts,additional,query,2466,"This lady wears a long-sleeve sweater with pure color patterns and a long trousers. The sweater is with cotton fabric and its neckline is v-shape. The trousers are with denim fabric and pure color patterns. The female also wears an outer clothing, with cotton fabric and solid color patterns. There is an accessory on her wrist. This woman is wearing a ring on her finger."
WOMEN-Blouses_Shirts-id_00004810-03_7_additional,id_00004810,WOMEN,Blouses_Shirts,additional,query,2467,"The shirt the lady wears has medium sleeves and its fabric is cotton. The pattern of it is solid color. It has a v-shape neckline. The lady wears a long trousers, with denim fabric and solid color patterns. This person is wearing a ring on her finger. There is an accessory on her wrist."
WOMEN-Blouses_Shirts-id_00004859-02_4_full,id_00004859,WOMEN,Blouses_Shirts,full,query,2482,"The upper clothing has no sleeves, cotton fabric and floral patterns. It has a suspenders neckline. The lower clothing is of three-point length. The fabric is denim and it has pure color patterns. There is an accessory in his her neck."
WOMEN-Blouses_Shirts-id_00004864-02_7_additional,id_00004864,WOMEN,Blouses_Shirts,additional,query,2483,"Her T-shirt has short sleeves, cotton fabric and graphic patterns. It has a round neckline. The pants the lady wears is of long length. The pants are with denim fabric and pure color patterns. There is an accessory on her wrist. There is an accessory in his her neck."
WOMEN-Blouses_Shirts-id_00004881-02_4_full,id_00004881,WOMEN,Blouses_Shirts,full,query,2484,"Her tank top has no sleeves, cotton fabric and pure color patterns. The neckline of it is round. The shorts this woman wears is of three-point length. The shorts are with denim fabric and pure color patterns. There is an accessory on her wrist. This female wears a ring."
WOMEN-Blouses_Shirts-id_00004893-03_4_full,id_00004893,WOMEN,Blouses_Shirts,full,query,2487,The lady is wearing a sleeveless tank top with graphic patterns. The tank top is with cotton fabric. It has a round neckline. The shorts the lady wears is of three-point length. The shorts are with denim fabric and pure color patterns. There is an accessory in his her neck. The female is wearing a hat. This woman is wearing a ring on her finger. There is an accessory on her wrist.
WOMEN-Blouses_Shirts-id_00004893-04_4_full,id_00004893,WOMEN,Blouses_Shirts,full,query,2488,"Her tank shirt has no sleeves, cotton fabric and graphic patterns. It has a crew neckline. The shorts this female wears is of three-point length. The shorts are with denim fabric and solid color patterns. This lady wears a pair of sunglasses. There is an accessory in his her neck. There is an accessory on her wrist. This female is wearing a ring on her finger."
WOMEN-Blouses_Shirts-id_00004926-03_4_full,id_00004926,WOMEN,Blouses_Shirts,full,query,2500,The person is wearing a sleeveless tank top with graphic patterns and a long pants. The tank top is with other fabric and its neckline is suspenders. The pants are with denim fabric and solid color patterns. There is clothing on her waist. There is a ring on her finger. There is an accessory in his her neck. There is an accessory on her wrist.
WOMEN-Blouses_Shirts-id_00004929-01_4_full,id_00004929,WOMEN,Blouses_Shirts,full,query,2501,This person wears a long-sleeve sweater with stripe patterns. The sweater is with cotton fabric. It has a lapel neckline. This person wears a long pants. The pants are with denim fabric and solid color patterns.
WOMEN-Blouses_Shirts-id_00004948-03_1_front,id_00004948,WOMEN,Blouses_Shirts,front,query,2504,"The shirt this female wears has medium sleeves and it is with chiffon fabric and graphic patterns. The neckline of the shirt is v-shape. This female wears a three-point pants, with cotton fabric and graphic patterns. There is an accessory in his her neck. There is a ring on her finger."
WOMEN-Blouses_Shirts-id_00004948-04_2_side,id_00004948,WOMEN,Blouses_Shirts,side,query,2505,The female wears a medium-sleeve shirt with graphic patterns. The shirt is with chiffon fabric. It has a v-shape neckline. The pants the female wears is of three-point length. The pants are with cotton fabric and graphic patterns. The lady has neckwear. The person is wearing a ring on her finger.
WOMEN-Blouses_Shirts-id_00004948-04_7_additional,id_00004948,WOMEN,Blouses_Shirts,additional,query,2506,The female wears a medium-sleeve shirt with graphic patterns and three-point pants. The shirt is with chiffon fabric and it has a v-shape neckline. The pants are with cotton fabric and graphic patterns. There is an accessory in his her neck.
WOMEN-Blouses_Shirts-id_00004988-03_4_full,id_00004988,WOMEN,Blouses_Shirts,full,query,2519,The person is wearing a long-sleeve sweater with pure color patterns. The sweater is with chiffon fabric. It has a lapel neckline. The person wears a long pants. The pants are with denim fabric and pure color patterns. There is an accessory in his her neck. There is a ring on her finger.
WOMEN-Blouses_Shirts-id_00004994-02_4_full,id_00004994,WOMEN,Blouses_Shirts,full,query,2520,"The sweater this person wears has long sleeves and its fabric is chiffon. The pattern of it is graphic. It has a crew neckline. This person wears a long trousers, with denim fabric and pure color patterns. There is an accessory in his her neck. There is an accessory on her wrist. The female is wearing a ring on her finger."
WOMEN-Blouses_Shirts-id_00005001-02_4_full,id_00005001,WOMEN,Blouses_Shirts,full,query,2523,The person is wearing a short-sleeve shirt with solid color patterns and a three-point pants. The shirt is with chiffon fabric and its neckline is lapel. The pants are with chiffon fabric and solid color patterns. There is a ring on her finger. There is an accessory on her wrist.
WOMEN-Blouses_Shirts-id_00005024-01_4_full,id_00005024,WOMEN,Blouses_Shirts,full,query,2528,"The tank shirt the person wears has sleeves cut off and its fabric is cotton. The pattern of it is striped. It has a round neckline. The person wears a three-quarter pants, with cotton fabric and stripe patterns."
WOMEN-Blouses_Shirts-id_00005078-02_4_full,id_00005078,WOMEN,Blouses_Shirts,full,query,2539,"The tank shirt the female wears has sleeves cut off and its fabric is cotton. The pattern of it is graphic. It has a stand neckline. The female wears a three-point shorts, with chiffon fabric and solid color patterns. There is an accessory on her wrist. This woman wears a ring."
WOMEN-Blouses_Shirts-id_00005125-03_4_full,id_00005125,WOMEN,Blouses_Shirts,full,query,2543,This woman is wearing a tank tank top with solid color patterns. The tank top is with chiffon fabric and its neckline is round. This woman wears a three-point pants. The pants are with denim fabric and pure color patterns. There is an accessory on her wrist. There is a ring on her finger. This woman has neckwear.
WOMEN-Blouses_Shirts-id_00005142-01_4_full,id_00005142,WOMEN,Blouses_Shirts,full,query,2544,"The upper clothing has no sleeves, cotton fabric and stripe patterns. The neckline of it is crew. The lower clothing is of three-quarter length. The fabric is cotton and it has stripe patterns. This lady wears a ring. There is an accessory on her wrist."
WOMEN-Blouses_Shirts-id_00005162-01_4_full,id_00005162,WOMEN,Blouses_Shirts,full,query,2546,"This lady wears a long-sleeve shirt with solid color patterns and a long pants. The shirt is with cotton fabric. The neckline of the shirt is round. The pants are with denim fabric and solid color patterns. The female also wears an outer clothing, with chiffon fabric and floral patterns. This person has neckwear. There is a ring on her finger."
WOMEN-Blouses_Shirts-id_00005210-01_7_additional,id_00005210,WOMEN,Blouses_Shirts,additional,query,2549,The female wears a sleeveless tank shirt with pure color patterns and a long trousers. The tank shirt is with denim fabric and its neckline is lapel. The trousers are with cotton fabric and pure color patterns.
WOMEN-Blouses_Shirts-id_00005224-01_4_full,id_00005224,WOMEN,Blouses_Shirts,full,query,2551,This woman wears a long-sleeve sweater with graphic patterns and a long pants. The sweater is with cotton fabric. The neckline of the sweater is round. The pants are with denim fabric and solid color patterns. The female wears a ring. There is an accessory on her wrist. There is an accessory in his her neck.
WOMEN-Blouses_Shirts-id_00005273-03_4_full,id_00005273,WOMEN,Blouses_Shirts,full,query,2559,"Her sweater has long sleeves, chiffon fabric and solid color patterns. The neckline of it is v-shape. This woman wears a three-point pants. The pants are with chiffon fabric and graphic patterns. This woman wears a ring."
WOMEN-Blouses_Shirts-id_00005274-06_1_front,id_00005274,WOMEN,Blouses_Shirts,front,query,2560,"Her shirt has medium sleeves, chiffon fabric and pure color patterns. It has a v-shape neckline. The person wears a long trousers. The trousers are with denim fabric and solid color patterns. The person is wearing a ring on her finger."
WOMEN-Blouses_Shirts-id_00005323-02_7_additional,id_00005323,WOMEN,Blouses_Shirts,additional,query,2569,"Her tank top has sleeves cut off, cotton fabric and striped patterns. The neckline of it is lapel. This person wears a short shorts. The shorts are with denim fabric and pure color patterns. This female wears a ring."
WOMEN-Blouses_Shirts-id_00005348-02_4_full,id_00005348,WOMEN,Blouses_Shirts,full,query,2574,This lady wears a tank tank top with other patterns and a long trousers. The tank top is with chiffon fabric and its neckline is suspenders. The trousers are with denim fabric and pure color patterns. This female wears a ring. There is an accessory on her wrist.
WOMEN-Blouses_Shirts-id_00005416-03_4_full,id_00005416,WOMEN,Blouses_Shirts,full,query,2589,The lady wears a sleeveless tank shirt with graphic patterns and three-point pants. The tank shirt is with cotton fabric and it has a suspenders neckline. The pants are with denim fabric and solid color patterns. There is a hat in her head. The female wears a ring. This female has neckwear. There is an accessory on her wrist.
WOMEN-Blouses_Shirts-id_00005430-07_4_full,id_00005430,WOMEN,Blouses_Shirts,full,query,2593,The person is wearing a short-sleeve shirt with plaid patterns and a long pants. The shirt is with cotton fabric. The neckline of the shirt is round. The pants are with denim fabric and solid color patterns. There is an accessory on her wrist. There is a ring on her finger.
WOMEN-Blouses_Shirts-id_00005486-04_4_full,id_00005486,WOMEN,Blouses_Shirts,full,query,2611,This woman is wearing a sleeveless tank top with solid color patterns. The tank top is with cotton fabric and its neckline is v-shape. This woman wears a long pants. The pants are with denim fabric and pure color patterns. There is a ring on her finger. There is an accessory on her wrist.
WOMEN-Blouses_Shirts-id_00005486-05_7_additional,id_00005486,WOMEN,Blouses_Shirts,additional,query,2612,"The shirt this lady wears has long sleeves, its fabric is cotton, and it has solid color patterns. The shirt has a v-shape neckline. This lady wears a long pants, with cotton fabric and solid color patterns. This person also wears an outer clothing, with leather fabric and pure color patterns. This lady is wearing a hat. This person is wearing a ring on her finger."
WOMEN-Blouses_Shirts-id_00005486-08_7_additional,id_00005486,WOMEN,Blouses_Shirts,additional,query,2613,"The tank shirt this woman wears has no sleeves and it is with cotton fabric and pure color patterns. The neckline of the tank shirt is v-shape. This woman wears a long trousers, with cotton fabric and pure color patterns. The person wears a hat. The female is wearing a ring on her finger."
WOMEN-Blouses_Shirts-id_00005567-02_7_additional,id_00005567,WOMEN,Blouses_Shirts,additional,query,2621,"Her T-shirt has short sleeves, chiffon fabric and solid color patterns. It has a lapel neckline. The trousers the lady wears is of long length. The trousers are with chiffon fabric and solid color patterns. The person wears a ring. There is an accessory on her wrist."
WOMEN-Blouses_Shirts-id_00005568-02_7_additional,id_00005568,WOMEN,Blouses_Shirts,additional,query,2622,This person wears a tank tank shirt with pure color patterns and a three-point pants. The tank shirt is with mixed fabric and its neckline is crew. The pants are with cotton fabric and pure color patterns. There is a ring on her finger.
WOMEN-Blouses_Shirts-id_00005595-04_4_full,id_00005595,WOMEN,Blouses_Shirts,full,query,2631,The female wears a sleeveless tank shirt with graphic patterns. The tank shirt is with cotton fabric. It has a round neckline. The female wears a long pants. The pants are with denim fabric and pure color patterns. This woman is wearing a ring on her finger. There is an accessory on her wrist.
WOMEN-Blouses_Shirts-id_00005613-02_4_full,id_00005613,WOMEN,Blouses_Shirts,full,query,2635,"The tank shirt this woman wears has sleeves cut off, its fabric is cotton, and it has floral patterns. The tank shirt has a lapel neckline. This woman wears a three-point pants, with denim fabric and pure color patterns. There is an accessory on her wrist."
WOMEN-Blouses_Shirts-id_00005643-02_4_full,id_00005643,WOMEN,Blouses_Shirts,full,query,2648,"Her tank top has no sleeves, chiffon fabric and solid color patterns. The neckline of it is v-shape. The lady wears a long pants. The pants are with cotton fabric and pure color patterns. There is a ring on her finger. This woman is wearing sunglasses. There is an accessory on her wrist."
WOMEN-Blouses_Shirts-id_00005667-02_4_full,id_00005667,WOMEN,Blouses_Shirts,full,query,2656,This lady wears a long-sleeve shirt with plaid patterns and a three-point shorts. The shirt is with cotton fabric and its neckline is lapel. The shorts are with cotton fabric and solid color patterns. The person wears socks in shoes. There is a ring on her finger.
WOMEN-Blouses_Shirts-id_00005795-02_4_full,id_00005795,WOMEN,Blouses_Shirts,full,query,2677,The person wears a sleeveless tank top with plaid patterns. The tank top is with cotton fabric. It has a lapel neckline. The pants the person wears is of three-point length. The pants are with denim fabric and solid color patterns. There is a ring on her finger. There is an accessory on her wrist.
WOMEN-Blouses_Shirts-id_00005822-02_4_full,id_00005822,WOMEN,Blouses_Shirts,full,query,2683,This person wears a medium-sleeve shirt with graphic patterns. The shirt is with chiffon fabric. It has a round neckline. This person wears a long trousers. The trousers are with denim fabric and solid color patterns. There is an accessory on her wrist. There is a ring on her finger.
WOMEN-Blouses_Shirts-id_00005855-02_4_full,id_00005855,WOMEN,Blouses_Shirts,full,query,2687,This lady is wearing a sleeveless tank top with graphic patterns. The tank top is with cotton fabric. It has a suspenders neckline. The pants this lady wears is of three-point length. The pants are with denim fabric and pure color patterns. There is an accessory in his her neck. There is an accessory on her wrist. This person wears a ring.
WOMEN-Blouses_Shirts-id_00005863-01_4_full,id_00005863,WOMEN,Blouses_Shirts,full,query,2691,"Her tank top has no sleeves, cotton fabric and lattice patterns. The neckline of it is lapel. The pants this female wears is of three-point length. The pants are with denim fabric and solid color patterns. There is an accessory on her wrist."
WOMEN-Blouses_Shirts-id_00005873-02_4_full,id_00005873,WOMEN,Blouses_Shirts,full,query,2695,This female is wearing a short-sleeve shirt with graphic patterns and a long trousers. The shirt is with chiffon fabric and its neckline is crew. The trousers are with denim fabric and pure color patterns. The lady wears a ring. There is an accessory on her wrist.
WOMEN-Blouses_Shirts-id_00005888-03_4_full,id_00005888,WOMEN,Blouses_Shirts,full,query,2696,This woman is wearing a sleeveless tank shirt with graphic patterns and a three-point shorts. The tank shirt is with cotton fabric and its neckline is round. The shorts are with cotton fabric and graphic patterns. There is an accessory on her wrist.
WOMEN-Blouses_Shirts-id_00005912-02_7_additional,id_00005912,WOMEN,Blouses_Shirts,additional,query,2703,"Her tank top has no sleeves, chiffon fabric and floral patterns. The neckline of it is suspenders. This female wears a three-point shorts. The shorts are with cotton fabric and graphic patterns. There is a hat in her head. There is a ring on her finger."
WOMEN-Blouses_Shirts-id_00005926-01_4_full,id_00005926,WOMEN,Blouses_Shirts,full,query,2707,"Her T-shirt has short sleeves, chiffon fabric and graphic patterns. The neckline of it is v-shape. This woman wears a three-point pants. The pants are with denim fabric and pure color patterns. There is an accessory on her wrist."
WOMEN-Blouses_Shirts-id_00005956-02_4_full,id_00005956,WOMEN,Blouses_Shirts,full,query,2711,This female is wearing a medium-sleeve shirt with pure color patterns and a long pants. The shirt is with cotton fabric. The neckline of the shirt is suspenders. The pants are with cotton fabric and solid color patterns. The outer clothing is with knitting fabric and graphic patterns. There is a ring on her finger. There is an accessory on her wrist. The person has neckwear.
WOMEN-Blouses_Shirts-id_00006047-01_7_additional,id_00006047,WOMEN,Blouses_Shirts,additional,query,2723,The lady is wearing a long-sleeve sweater with pure color patterns. The sweater is with cotton fabric and its neckline is lapel. The pants the lady wears is of three-point length. The pants are with cotton fabric and pure color patterns. The outer clothing this woman wears is with cotton fabric and pure color patterns. The person wears a hat. There is a ring on her finger. This person is wearing a pair of socks.
WOMEN-Blouses_Shirts-id_00006107-02_4_full,id_00006107,WOMEN,Blouses_Shirts,full,query,2727,This female wears a long-sleeve shirt with graphic patterns and a long trousers. The shirt is with cotton fabric and its neckline is round. The trousers are with denim fabric and pure color patterns. There is an accessory on her wrist. This female is wearing a ring on her finger.
WOMEN-Blouses_Shirts-id_00006139-01_4_full,id_00006139,WOMEN,Blouses_Shirts,full,query,2731,"Her T-shirt has short sleeves, chiffon fabric and graphic patterns. The neckline of it is round. The trousers the person wears is of long length. The trousers are with denim fabric and pure color patterns. There is an accessory on her wrist. There is a ring on her finger."
WOMEN-Blouses_Shirts-id_00006154-02_4_full,id_00006154,WOMEN,Blouses_Shirts,full,query,2736,This person is wearing a tank tank top with solid color patterns. The tank top is with knitting fabric and its neckline is round. The shorts this person wears is of three-point length. The shorts are with cotton fabric and solid color patterns. The person wears a ring. This female is wearing leggings.
WOMEN-Blouses_Shirts-id_00006191-03_4_full,id_00006191,WOMEN,Blouses_Shirts,full,query,2741,The female is wearing a tank tank shirt with lattice patterns. The tank shirt is with cotton fabric. It has a lapel neckline. The female wears a long pants. The pants are with denim fabric and pure color patterns. This woman wears a ring.
WOMEN-Blouses_Shirts-id_00006191-04_4_full,id_00006191,WOMEN,Blouses_Shirts,full,query,2742,"Her tank top has sleeves cut off, cotton fabric and plaid patterns. The neckline of it is lapel. The trousers this woman wears is of long length. The trousers are with denim fabric and pure color patterns. There is a ring on her finger."
WOMEN-Blouses_Shirts-id_00006257-01_7_additional,id_00006257,WOMEN,Blouses_Shirts,additional,query,2759,This female wears a long-sleeve shirt with graphic patterns. The shirt is with chiffon fabric. It has a v-shape neckline. The pants this female wears is of three-point length. The pants are with chiffon fabric and solid color patterns. There is an accessory on her wrist. There is a ring on her finger.
WOMEN-Blouses_Shirts-id_00006326-02_4_full,id_00006326,WOMEN,Blouses_Shirts,full,query,2768,The female wears a tank tank top with graphic patterns. The tank top is with chiffon fabric. It has a v-shape neckline. The female wears a long pants. The pants are with denim fabric and pure color patterns. There is an accessory on her wrist. This woman is wearing a ring on her finger.
WOMEN-Blouses_Shirts-id_00006385-02_3_back,id_00006385,WOMEN,Blouses_Shirts,back,query,2777,"Her tank shirt has sleeves cut off, chiffon fabric and solid color patterns. The lady wears a medium shorts. The shorts are with cotton fabric and solid color patterns."
WOMEN-Blouses_Shirts-id_00006385-02_7_additional,id_00006385,WOMEN,Blouses_Shirts,additional,query,2778,This lady wears a tank tank shirt with pure color patterns and a short shorts. The tank shirt is with chiffon fabric. The shorts are with cotton fabric and pure color patterns. The person wears a ring.
WOMEN-Blouses_Shirts-id_00006401-02_7_additional,id_00006401,WOMEN,Blouses_Shirts,additional,query,2785,"Her shirt has short sleeves, denim fabric and pure color patterns. It has a lapel neckline. This female wears a three-point pants. The pants are with cotton fabric and solid color patterns. There is an accessory in his her neck. There is a ring on her finger. There is an accessory on her wrist."
WOMEN-Blouses_Shirts-id_00006464-02_7_additional,id_00006464,WOMEN,Blouses_Shirts,additional,query,2790,This person is wearing a long-sleeve shirt with graphic patterns. The shirt is with chiffon fabric and its neckline is v-shape. This person wears a long trousers. The trousers are with denim fabric and solid color patterns. This lady wears a ring. There is an accessory in his her neck.
WOMEN-Blouses_Shirts-id_00006468-02_7_additional,id_00006468,WOMEN,Blouses_Shirts,additional,query,2794,"This person wears a long-sleeve shirt with pure color patterns and long trousers. The shirt is with cotton fabric. The trousers are with denim fabric and solid color patterns. This lady also wears an outer clothing, with cotton fabric and plaid patterns. There is an accessory on her wrist. This woman wears a hat. There is a ring on her finger. There is an accessory in his her neck."
WOMEN-Blouses_Shirts-id_00006474-02_4_full,id_00006474,WOMEN,Blouses_Shirts,full,query,2795,"The T-shirt the lady wears has short sleeves and its fabric is chiffon. The pattern of it is pure color. It has a crew neckline. The lady wears a three-point pants, with denim fabric and pure color patterns. The lady is wearing a ring on her finger."
WOMEN-Blouses_Shirts-id_00006513-02_4_full,id_00006513,WOMEN,Blouses_Shirts,full,query,2806,The female wears a long-sleeve shirt with graphic patterns and a long pants. The shirt is with cotton fabric. The neckline of the shirt is crew. The pants are with denim fabric and solid color patterns. There is a ring on her finger.
WOMEN-Blouses_Shirts-id_00006530-01_4_full,id_00006530,WOMEN,Blouses_Shirts,full,query,2815,This female is wearing a medium-sleeve shirt with graphic patterns. The shirt is with chiffon fabric and its neckline is round. This female wears a three-point shorts. The shorts are with denim fabric and pure color patterns. This woman is wearing a ring on her finger.
WOMEN-Blouses_Shirts-id_00006577-03_4_full,id_00006577,WOMEN,Blouses_Shirts,full,query,2821,This lady wears a sleeveless tank top with graphic patterns and three-point shorts. The tank top is with cotton fabric and it has a crew neckline. The shorts are with denim fabric and solid color patterns. There is an accessory on her wrist. There is a ring on her finger.
WOMEN-Blouses_Shirts-id_00006601-02_7_additional,id_00006601,WOMEN,Blouses_Shirts,additional,query,2829,The female is wearing a sleeveless tank shirt with graphic patterns and a three-point pants. The tank shirt is with cotton fabric. The pants are with cotton fabric and pure color patterns. This person wears a ring. This female has a hat in her head. There is an accessory in his her neck. There is an accessory on her wrist.
WOMEN-Blouses_Shirts-id_00006662-02_4_full,id_00006662,WOMEN,Blouses_Shirts,full,query,2847,This female wears a sleeveless tank top with graphic patterns and a three-point shorts. The tank top is with chiffon fabric and its neckline is lapel. The shorts are with denim fabric and pure color patterns. This woman has neckwear. There is an accessory on her wrist. There is a ring on her finger.
WOMEN-Blouses_Shirts-id_00006668-02_4_full,id_00006668,WOMEN,Blouses_Shirts,full,query,2850,This woman wears a short-sleeve shirt with solid color patterns and a long pants. The shirt is with chiffon fabric and its neckline is v-shape. The pants are with cotton fabric and pure color patterns. There is an accessory on her wrist. This woman is wearing a ring on her finger.
WOMEN-Blouses_Shirts-id_00006668-03_4_full,id_00006668,WOMEN,Blouses_Shirts,full,query,2851,This female is wearing a short-sleeve T-shirt with pure color patterns. The T-shirt is with chiffon fabric. It has a v-shape neckline. This female wears a long trousers. The trousers are with cotton fabric and pure color patterns. The lady wears a ring. There is an accessory on her wrist.
WOMEN-Blouses_Shirts-id_00006708-01_4_full,id_00006708,WOMEN,Blouses_Shirts,full,query,2860,"The upper clothing has long sleeves, cotton fabric and pure color patterns. The neckline of it is round. The lower clothing is of three-point length. The fabric is chiffon and it has floral patterns. The outer clothing the person wears is with chiffon fabric and graphic patterns. This person is wearing a pair of sunglasses. There is a ring on her finger. There is an accessory on her wrist."
WOMEN-Blouses_Shirts-id_00006708-02_4_full,id_00006708,WOMEN,Blouses_Shirts,full,query,2861,"The shirt the person wears has long sleeves and its fabric is cotton. The pattern of it is graphic. It has a crew neckline. The person wears a three-point pants, with denim fabric and solid color patterns. The female also wears an outer clothing, with chiffon fabric and graphic patterns. The female has neckwear. The person wears a ring."
WOMEN-Blouses_Shirts-id_00006731-03_7_additional,id_00006731,WOMEN,Blouses_Shirts,additional,query,2863,This person wears a sleeveless tank shirt with graphic patterns and long pants. The tank shirt is with knitting fabric and it has a crew neckline. The pants are with denim fabric and solid color patterns. There is an accessory in his her neck. The person wears a ring. There is an accessory on her wrist.
WOMEN-Blouses_Shirts-id_00006735-04_4_full,id_00006735,WOMEN,Blouses_Shirts,full,query,2865,The person is wearing a medium-sleeve shirt with pure color patterns. The shirt is with chiffon fabric. It has a v-shape neckline. The person wears a long trousers. The trousers are with denim fabric and solid color patterns. The female wears a ring. There is an accessory on her wrist.
WOMEN-Blouses_Shirts-id_00006744-02_4_full,id_00006744,WOMEN,Blouses_Shirts,full,query,2866,"The upper clothing has no sleeves, chiffon fabric and graphic patterns. It has a square neckline. The lower clothing is of long length. The fabric is denim and it has solid color patterns. The female is wearing a ring on her finger. There is an accessory on her wrist."
WOMEN-Blouses_Shirts-id_00006774-02_4_full,id_00006774,WOMEN,Blouses_Shirts,full,query,2867,"Her shirt has short sleeves, cotton fabric and graphic patterns. It has a crew neckline. The female wears a three-point pants. The pants are with cotton fabric and solid color patterns. This woman wears a ring. There is an accessory on her wrist."
WOMEN-Blouses_Shirts-id_00006815-02_4_full,id_00006815,WOMEN,Blouses_Shirts,full,query,2873,"Her T-shirt has short sleeves, cotton fabric and graphic patterns. It has a round neckline. This person wears a long pants. The pants are with cotton fabric and pure color patterns. There is an accessory on her wrist. The female wears a ring."
WOMEN-Blouses_Shirts-id_00006831-01_4_full,id_00006831,WOMEN,Blouses_Shirts,full,query,2879,This female wears a long-sleeve shirt with solid color patterns and a three-point pants. The shirt is with chiffon fabric. The neckline of the shirt is v-shape. The pants are with cotton fabric and solid color patterns. This female wears a belt. The person is wearing a ring on her finger.
WOMEN-Blouses_Shirts-id_00006851-03_4_full,id_00006851,WOMEN,Blouses_Shirts,full,query,2882,This lady is wearing a tank tank shirt with solid color patterns and a long trousers. The tank shirt is with chiffon fabric and its neckline is round. The trousers are with denim fabric and pure color patterns. This woman is wearing a ring on her finger. There is an accessory on her wrist.
WOMEN-Blouses_Shirts-id_00006927-02_4_full,id_00006927,WOMEN,Blouses_Shirts,full,query,2894,"Her tank top has no sleeves, chiffon fabric and graphic patterns. It has a round neckline. This lady wears a three-point shorts. The shorts are with denim fabric and solid color patterns. The lady is wearing a ring on her finger."
WOMEN-Blouses_Shirts-id_00006945-03_4_full,id_00006945,WOMEN,Blouses_Shirts,full,query,2907,"The upper clothing has no sleeves, cotton fabric and graphic patterns. It has a suspenders neckline. The lower clothing is of three-point length. The fabric is chiffon and it has graphic patterns. There is a ring on her finger. There is an accessory on her wrist. The lady has neckwear."
WOMEN-Blouses_Shirts-id_00006950-02_4_full,id_00006950,WOMEN,Blouses_Shirts,full,query,2910,The person wears a sleeveless tank shirt with solid color patterns and a long trousers. The tank shirt is with chiffon fabric. The neckline of the tank shirt is v-shape. The trousers are with denim fabric and pure color patterns. This lady wears a ring.
WOMEN-Blouses_Shirts-id_00006978-01_7_additional,id_00006978,WOMEN,Blouses_Shirts,additional,query,2915,This woman wears a long-sleeve sweater with solid color patterns. The sweater is with cotton fabric. It has a lapel neckline. The pants this woman wears is of long length. The pants are with denim fabric and solid color patterns.
WOMEN-Blouses_Shirts-id_00007045-01_7_additional,id_00007045,WOMEN,Blouses_Shirts,additional,query,2931,This woman is wearing a tank tank top with floral patterns. The tank top is with cotton fabric and its neckline is lapel. The pants this woman wears is of three-quarter length. The pants are with denim fabric and solid color patterns. The person wears a ring.
WOMEN-Blouses_Shirts-id_00007218-01_4_full,id_00007218,WOMEN,Blouses_Shirts,full,query,2964,This person wears a sleeveless tank top with graphic patterns and three-point shorts. The tank top is with chiffon fabric and it has a crew neckline. The shorts are with chiffon fabric and solid color patterns. There is an accessory on her wrist. The lady is wearing a ring on her finger. This lady is wearing leggings.
WOMEN-Blouses_Shirts-id_00007273-01_4_full,id_00007273,WOMEN,Blouses_Shirts,full,query,2977,The female wears a long-sleeve shirt with pure color patterns and a long trousers. The shirt is with cotton fabric and its neckline is crew. The trousers are with denim fabric and pure color patterns. The outer clothing is with chiffon fabric and graphic patterns.
WOMEN-Blouses_Shirts-id_00007273-02_4_full,id_00007273,WOMEN,Blouses_Shirts,full,query,2978,"This woman wears a long-sleeve shirt with solid color patterns and a long pants. The shirt is with cotton fabric. The neckline of the shirt is round. The pants are with denim fabric and solid color patterns. The female also wears an outer clothing, with chiffon fabric and graphic patterns."
WOMEN-Blouses_Shirts-id_00007284-03_4_full,id_00007284,WOMEN,Blouses_Shirts,full,query,2979,"The shirt this person wears has long sleeves, its fabric is cotton, and it has pure color patterns. The shirt has a round neckline. The outer clothing is with leather fabric and solid color patterns. There is a ring on her finger. There is an accessory on her wrist. The person is wearing sunglasses. There is an accessory in his her neck."
WOMEN-Blouses_Shirts-id_00007314-03_7_additional,id_00007314,WOMEN,Blouses_Shirts,additional,query,2987,"Her shirt has long sleeves, chiffon fabric and solid color patterns. The neckline of it is v-shape. This person wears a long pants. The pants are with leather fabric and pure color patterns. The outer clothing is with cotton fabric and solid color patterns. There is a ring on her finger."
WOMEN-Blouses_Shirts-id_00007314-04_7_additional,id_00007314,WOMEN,Blouses_Shirts,additional,query,2988,"Her tank top has no sleeves, chiffon fabric and pure color patterns. The neckline of it is v-shape. This female wears a long trousers. The trousers are with leather fabric and pure color patterns. There is a ring on her finger."
WOMEN-Blouses_Shirts-id_00007336-01_4_full,id_00007336,WOMEN,Blouses_Shirts,full,query,2991,"The sweater the person wears has long sleeves, its fabric is cotton, and it has graphic patterns. The sweater has a crew neckline. The person wears a long pants, with denim fabric and solid color patterns. There is a ring on her finger."
WOMEN-Blouses_Shirts-id_00007364-02_7_additional,id_00007364,WOMEN,Blouses_Shirts,additional,query,3009,This lady is wearing a medium-sleeve shirt with solid color patterns. The shirt is with denim fabric and its neckline is lapel. This lady wears a long pants. The pants are with cotton fabric and plaid patterns.
WOMEN-Blouses_Shirts-id_00007407-02_4_full,id_00007407,WOMEN,Blouses_Shirts,full,query,3015,This lady wears a sleeveless tank top with graphic patterns. The tank top is with chiffon fabric. It has a suspenders neckline. This lady wears a three-point pants. The pants are with denim fabric and pure color patterns. There is an accessory in his her neck.
WOMEN-Blouses_Shirts-id_00007412-01_4_full,id_00007412,WOMEN,Blouses_Shirts,full,query,3017,The female wears a long-sleeve sweater with graphic patterns and a three-point pants. The sweater is with chiffon fabric. The neckline of the sweater is round. The pants are with denim fabric and pure color patterns. The female is wearing a ring on her finger. This lady has neckwear. There is an accessory on her wrist.
WOMEN-Blouses_Shirts-id_00007424-02_7_additional,id_00007424,WOMEN,Blouses_Shirts,additional,query,3020,The female wears a sleeveless tank shirt with striped patterns. The tank shirt is with chiffon fabric. It has a round neckline. The shorts the female wears is of three-point length. The shorts are with leather fabric and pure color patterns. This person wears a ring. The lady is wearing a pair of socks. There is an accessory on her wrist.
WOMEN-Blouses_Shirts-id_00007472-02_4_full,id_00007472,WOMEN,Blouses_Shirts,full,query,3031,"Her sweater has long sleeves, chiffon fabric and pure color patterns. It has a crew neckline. The pants this female wears is of three-point length. The pants are with leather fabric and solid color patterns. The person is wearing leggings. There is a hat in her head. There is an accessory on her wrist."
WOMEN-Blouses_Shirts-id_00007489-02_4_full,id_00007489,WOMEN,Blouses_Shirts,full,query,3034,This female wears a medium-sleeve shirt with pure color patterns and a long pants. The shirt is with chiffon fabric and its neckline is crew. The pants are with denim fabric and pure color patterns. There is an accessory on her wrist. The person is wearing a ring on her finger.
WOMEN-Blouses_Shirts-id_00007489-03_4_full,id_00007489,WOMEN,Blouses_Shirts,full,query,3035,The female wears a medium-sleeve shirt with solid color patterns. The shirt is with chiffon fabric. It has a round neckline. The female wears a long pants. The pants are with denim fabric and pure color patterns. This woman wears sunglasses. This female wears a ring. There is an accessory on her wrist.
WOMEN-Blouses_Shirts-id_00007493-01_4_full,id_00007493,WOMEN,Blouses_Shirts,full,query,3036,This woman is wearing a short-sleeve T-shirt with solid color patterns. The T-shirt is with cotton fabric. It has a crew neckline. The trousers this woman wears is of long length. The trousers are with denim fabric and solid color patterns. There is a ring on her finger.
WOMEN-Blouses_Shirts-id_00007503-02_4_full,id_00007503,WOMEN,Blouses_Shirts,full,query,3039,"Her shirt has short sleeves, cotton fabric and graphic patterns. It has a round neckline. The lady wears a three-point shorts. The shorts are with denim fabric and pure color patterns. This person has neckwear. This woman wears a ring."
WOMEN-Blouses_Shirts-id_00007503-03_7_additional,id_00007503,WOMEN,Blouses_Shirts,additional,query,3040,This person is wearing a short-sleeve shirt with graphic patterns and a three-point shorts. The shirt is with cotton fabric and its neckline is crew. The shorts are with denim fabric and pure color patterns. This woman has a hat in her head. This female wears a ring.
WOMEN-Blouses_Shirts-id_00007533-01_4_full,id_00007533,WOMEN,Blouses_Shirts,full,query,3045,"The upper clothing has medium sleeves, cotton fabric and plaid patterns. It has a lapel neckline. The lower clothing is of long length. The fabric is denim and it has solid color patterns. The person is wearing a ring on her finger. There is an accessory on her wrist."
WOMEN-Blouses_Shirts-id_00007533-02_4_full,id_00007533,WOMEN,Blouses_Shirts,full,query,3046,This lady wears a medium-sleeve shirt with lattice patterns and three-point shorts. The shirt is with cotton fabric and it has a lapel neckline. The shorts are with denim fabric and pure color patterns. This female wears a ring. There is an accessory on her wrist.
WOMEN-Blouses_Shirts-id_00007544-05_4_full,id_00007544,WOMEN,Blouses_Shirts,full,query,3047,This person wears a sleeveless tank top with solid color patterns and a long pants. The tank top is with cotton fabric. The neckline of the tank top is lapel. The pants are with cotton fabric and graphic patterns. The outer clothing this lady wears is with denim fabric and pure color patterns. There is a belt on her waist. There is an accessory on her wrist. There is a ring on her finger.
WOMEN-Blouses_Shirts-id_00007544-06_4_full,id_00007544,WOMEN,Blouses_Shirts,full,query,3048,The lady is wearing a tank tank top with pure color patterns. The tank top is with cotton fabric. It has a lapel neckline. The shorts the lady wears is of three-point length. The shorts are with denim fabric and other patterns. The lady is wearing a pair of sunglasses. There is an accessory on her wrist. This person is wearing a ring on her finger.
WOMEN-Blouses_Shirts-id_00007574-02_4_full,id_00007574,WOMEN,Blouses_Shirts,full,query,3059,The lady wears a short-sleeve shirt with pure color patterns. The shirt is with cotton fabric. The pants the lady wears is of three-point length. The pants are with denim fabric and pure color patterns. The female is wearing a ring on her finger.
WOMEN-Blouses_Shirts-id_00007581-01_4_full,id_00007581,WOMEN,Blouses_Shirts,full,query,3060,The person wears a long-sleeve shirt with graphic patterns and three-point pants. The shirt is with chiffon fabric and it has a crew neckline. The pants are with cotton fabric and pure color patterns. There is a ring on her finger. There is an accessory on her wrist. There is an accessory in his her neck.
WOMEN-Blouses_Shirts-id_00007602-04_7_additional,id_00007602,WOMEN,Blouses_Shirts,additional,query,3066,"Her sweater has long sleeves, chiffon fabric and graphic patterns. The neckline of it is round. The pants this woman wears is of long length. The pants are with denim fabric and solid color patterns. This female is wearing a hat. The female is wearing a ring on her finger."
WOMEN-Blouses_Shirts-id_00007631-02_7_additional,id_00007631,WOMEN,Blouses_Shirts,additional,query,3072,The lady wears a long-sleeve shirt with solid color patterns and a long pants. The shirt is with cotton fabric and its neckline is v-shape. The pants are with denim fabric and pure color patterns. The outer clothing is with chiffon fabric and graphic patterns. There is an accessory in his her neck. This person is wearing a ring on her finger. This female wears a belt.
WOMEN-Blouses_Shirts-id_00007634-02_4_full,id_00007634,WOMEN,Blouses_Shirts,full,query,3073,This person is wearing a sleeveless tank shirt with graphic patterns and a long trousers. The tank shirt is with chiffon fabric and its neckline is round. The trousers are with denim fabric and solid color patterns. There is a ring on her finger. There is an accessory on her wrist. There is an accessory in his her neck.
WOMEN-Blouses_Shirts-id_00007636-01_4_full,id_00007636,WOMEN,Blouses_Shirts,full,query,3074,This woman is wearing a tank tank shirt with graphic patterns and a long pants. The tank shirt is with cotton fabric and its neckline is square. The pants are with denim fabric and pure color patterns. This female wears a ring. There is an accessory on her wrist.
WOMEN-Blouses_Shirts-id_00007730-01_7_additional,id_00007730,WOMEN,Blouses_Shirts,additional,query,3098,The lady wears a long-sleeve sweater with graphic patterns and three-point pants. The sweater is with chiffon fabric and it has a v-shape neckline. The pants are with chiffon fabric and solid color patterns. There is a hat in her head.
WOMEN-Blouses_Shirts-id_00007735-05_4_full,id_00007735,WOMEN,Blouses_Shirts,full,query,3099,This lady is wearing a tank tank shirt with pure color patterns and a long trousers. The tank shirt is with chiffon fabric and its neckline is v-shape. The trousers are with cotton fabric and pure color patterns. There is an accessory on her wrist. The female is wearing a ring on her finger.
WOMEN-Blouses_Shirts-id_00007761-01_4_full,id_00007761,WOMEN,Blouses_Shirts,full,query,3107,This lady is wearing a tank tank top with graphic patterns. The tank top is with cotton fabric. It has a crew neckline. This lady wears a long trousers. The trousers are with denim fabric and solid color patterns. There is a ring on her finger. There is an accessory on her wrist.
WOMEN-Blouses_Shirts-id_00007771-02_4_full,id_00007771,WOMEN,Blouses_Shirts,full,query,3108,"The tank top this person wears has sleeves cut off and its fabric is chiffon. The pattern of it is graphic. It has a crew neckline. This person wears a long pants, with cotton fabric and pure color patterns. This female wears a ring."
WOMEN-Blouses_Shirts-id_00007772-02_4_full,id_00007772,WOMEN,Blouses_Shirts,full,query,3109,"The upper clothing has long sleeves, chiffon fabric and floral patterns. The neckline of it is round. The lower clothing is of three-point length. The fabric is leather and it has pure color patterns."
WOMEN-Blouses_Shirts-id_00007773-03_4_full,id_00007773,WOMEN,Blouses_Shirts,full,query,3110,"Her shirt has short sleeves, chiffon fabric and floral patterns. It has a round neckline. This female wears a three-point shorts. The shorts are with denim fabric and pure color patterns. There is an accessory in his her neck. There is an accessory on her wrist."
WOMEN-Blouses_Shirts-id_00007773-04_4_full,id_00007773,WOMEN,Blouses_Shirts,full,query,3111,"The shirt the lady wears has short sleeves and its fabric is chiffon. The pattern of it is floral. It has a round neckline. The lady wears a three-point pants, with denim fabric and solid color patterns. There is an accessory on her wrist. There is an accessory in his her neck."
WOMEN-Blouses_Shirts-id_00007883-01_7_additional,id_00007883,WOMEN,Blouses_Shirts,additional,query,3126,The person wears a long-sleeve shirt with lattice patterns. The shirt is with cotton fabric. It has a lapel neckline. The person wears a long pants. The pants are with denim fabric and solid color patterns. This lady wears socks in shoes.
WOMEN-Blouses_Shirts-id_00007950-02_1_front,id_00007950,WOMEN,Blouses_Shirts,front,query,3137,This woman wears a medium-sleeve shirt with pure color patterns and a three-point pants. The shirt is with chiffon fabric and its neckline is v-shape. The pants are with cotton fabric and solid color patterns. The lady is wearing a ring on her finger. The female is wearing socks in shoes. There is an accessory on her wrist. The lady is wearing a hat.
WOMEN-Cardigans-id_00000036-02_7_additional,id_00000036,WOMEN,Cardigans,additional,query,3142,"Her sweater has long sleeves, chiffon fabric and pure color patterns. It has a lapel neckline. This person wears a three-point shorts. The shorts are with cotton fabric and pure color patterns. The outer clothing is with knitting fabric and graphic patterns. There is a ring on her finger."
WOMEN-Cardigans-id_00000119-03_4_full,id_00000119,WOMEN,Cardigans,full,query,3148,The person wears a tank tank shirt with solid color patterns and three-point shorts. The tank shirt is with cotton fabric and it has a crew neckline. The shorts are with denim fabric and graphic patterns. The outer clothing is with knitting fabric and graphic patterns. This person wears a ring. There is an accessory in his her neck. There is an accessory on her wrist.
WOMEN-Cardigans-id_00000292-01_1_front,id_00000292,WOMEN,Cardigans,front,query,3157,"Her sweater has long sleeves, cotton fabric and solid color patterns. The neckline of it is round. The shorts the person wears is of three-point length. The shorts are with denim fabric and solid color patterns. This person also wears an outer clothing, with chiffon fabric and graphic patterns. This person has neckwear. The lady wears a ring. The lady is wearing sunglasses. The female wears a hat. There is an accessory on her wrist."
WOMEN-Cardigans-id_00000292-01_2_side,id_00000292,WOMEN,Cardigans,side,query,3158,"The shirt this woman wears has long sleeves and its fabric is chiffon. The pattern of it is graphic. This woman wears a three-quarter trousers, with chiffon fabric and graphic patterns. There is an accessory on her wrist. This female has neckwear. This female is wearing a ring on her finger."
WOMEN-Cardigans-id_00001046-02_4_full,id_00001046,WOMEN,Cardigans,full,query,3214,This person wears a sleeveless tank top with solid color patterns. The tank top is with cotton fabric. It has a round neckline. The pants this person wears is of three-point length. The pants are with denim fabric and pure color patterns. The outer clothing is with chiffon fabric and graphic patterns. There is an accessory in his her neck. This lady wears a hat.
WOMEN-Cardigans-id_00001229-02_7_additional,id_00001229,WOMEN,Cardigans,additional,query,3235,"The upper clothing has long sleeves, cotton fabric and solid color patterns. It has a lapel neckline. The lower clothing is of three-point length. The fabric is cotton and it has lattice patterns. The outer clothing the person wears is with furry fabric and pure color patterns. There is a hat in her head. There is an accessory in his her neck. The person is wearing leggings."
WOMEN-Cardigans-id_00001229-03_7_additional,id_00001229,WOMEN,Cardigans,additional,query,3236,"This lady wears a long-sleeve sweater with solid color patterns and a three-point shorts. The sweater is with cotton fabric. The shorts are with cotton fabric and plaid patterns. This female also wears an outer clothing, with furry fabric and solid color patterns. This woman is wearing leggings. The person is wearing a hat."
WOMEN-Cardigans-id_00001542-01_1_front,id_00001542,WOMEN,Cardigans,front,query,3250,"The upper clothing has long sleeves, cotton fabric and graphic patterns. The neckline of it is round. The lower clothing is of three-point length. The fabric is leather and it has pure color patterns. The outer clothing is with knitting fabric and solid color patterns. There is an accessory in his her neck."
WOMEN-Cardigans-id_00001542-02_7_additional,id_00001542,WOMEN,Cardigans,additional,query,3251,This person wears a long-sleeve shirt with graphic patterns. The shirt is with cotton fabric. It has a crew neckline. The pants this person wears is of long length. The pants are with denim fabric and color block patterns. The outer clothing is with knitting fabric and pure color patterns. There is an accessory in his her neck. This woman wears a belt. There is an accessory on her wrist. There is a ring on her finger.
WOMEN-Cardigans-id_00001693-01_7_additional,id_00001693,WOMEN,Cardigans,additional,query,3260,This female wears a long-sleeve shirt with solid color patterns. The shirt is with knitting fabric. It has a v-shape neckline. The pants this female wears is of long length. The pants are with denim fabric and pure color patterns. The outer clothing the person wears is with knitting fabric and complicated patterns. There is an accessory on her wrist. The female has a hat in her head. This female wears a ring.
WOMEN-Cardigans-id_00001796-02_1_front,id_00001796,WOMEN,Cardigans,front,query,3265,"Her shirt has long sleeves, cotton fabric and pure color patterns. It has a round neckline. The pants this woman wears is of three-point length. The pants are with leather fabric and solid color patterns. The outer clothing this lady wears is with cotton fabric and lattice patterns. The female has neckwear. This lady wears a ring. There is a hat in her head. There is an accessory on her wrist. There is a belt on her waist."
WOMEN-Cardigans-id_00001796-02_7_additional,id_00001796,WOMEN,Cardigans,additional,query,3266,This woman is wearing a long-sleeve sweater with solid color patterns. The sweater is with cotton fabric. This woman wears a three-point shorts. The shorts are with other fabric and other patterns. The outer clothing the person wears is with cotton fabric and plaid patterns. There is a hat in her head. This lady wears a ring.
WOMEN-Cardigans-id_00001851-04_3_back,id_00001851,WOMEN,Cardigans,back,query,3269,"Her shirt has long sleeves, cotton fabric and solid color patterns. The person is wearing a ring on her finger."
WOMEN-Cardigans-id_00001851-04_7_additional,id_00001851,WOMEN,Cardigans,additional,query,3270,This person is wearing a long-sleeve shirt with pure color patterns and a long trousers. The shirt is with cotton fabric. The neckline of the shirt is crew. The trousers are with cotton fabric and solid color patterns. The outer clothing is with cotton fabric and solid color patterns. There is an accessory in his her neck. There is a ring on her finger.
WOMEN-Cardigans-id_00001963-01_1_front,id_00001963,WOMEN,Cardigans,front,query,3290,"Her sweater has long sleeves, cotton fabric and solid color patterns. The neckline of it is round. The shorts this person wears is of three-point length. The shorts are with denim fabric and graphic patterns. The outer clothing is with knitting fabric and pure color patterns. This person wears leggings."
WOMEN-Cardigans-id_00002021-01_7_additional,id_00002021,WOMEN,Cardigans,additional,query,3295,"The sweater this female wears has long sleeves and its fabric is denim. The pattern of it is solid color. It has a round neckline. This female wears a long trousers, with denim fabric and pure color patterns. This female also wears an outer clothing, with cotton fabric and solid color patterns. This lady has neckwear. There is a ring on her finger."
WOMEN-Cardigans-id_00002125-01_7_additional,id_00002125,WOMEN,Cardigans,additional,query,3321,This woman is wearing a long-sleeve sweater with solid color patterns and a three-point pants. The sweater is with cotton fabric. The neckline of the sweater is round. The pants are with chiffon fabric and graphic patterns. The outer clothing the lady wears is with knitting fabric and solid color patterns. This person is wearing socks in shoes. This person wears a hat.
WOMEN-Cardigans-id_00002215-02_7_additional,id_00002215,WOMEN,Cardigans,additional,query,3332,"This lady is wearing a medium-sleeve shirt with plaid patterns. The shirt is with cotton fabric. It has a round neckline. The shorts this lady wears is of three-point length. The shorts are with denim fabric and solid color patterns. This woman also wears an outer clothing, with knitting fabric and graphic patterns. There is an accessory in his her neck. This female is wearing a ring on her finger. This person wears leggings."
WOMEN-Cardigans-id_00002215-03_7_additional,id_00002215,WOMEN,Cardigans,additional,query,3333,This person is wearing a medium-sleeve shirt with lattice patterns. The shirt is with cotton fabric and its neckline is round. The pants this person wears is of three-point length. The pants are with denim fabric and solid color patterns. The outer clothing the female wears is with knitting fabric and graphic patterns. This lady wears leggings. The lady has neckwear. The lady wears a ring.
WOMEN-Cardigans-id_00002275-02_7_additional,id_00002275,WOMEN,Cardigans,additional,query,3342,The person is wearing a long-sleeve shirt with solid color patterns. The shirt is with cotton fabric. It has a stand neckline. The person wears a three-point pants. The pants are with cotton fabric and pure color patterns. The outer clothing this lady wears is with furry fabric and graphic patterns. This woman has neckwear. This woman is wearing a ring on her finger. This person is wearing leggings. The lady wears a hat.
WOMEN-Cardigans-id_00002444-01_7_additional,id_00002444,WOMEN,Cardigans,additional,query,3349,"This person is wearing a long-sleeve shirt with solid color patterns. The shirt is with cotton fabric and its neckline is stand. The pants this person wears is of three-point length. The pants are with knitting fabric and graphic patterns. This person also wears an outer clothing, with knitting fabric and other patterns. This lady has a hat in her head. The lady is wearing a pair of socks."
WOMEN-Cardigans-id_00002488-01_4_full,id_00002488,WOMEN,Cardigans,full,query,3353,"The female is wearing a long-sleeve shirt with pure color patterns and a long trousers. The shirt is with cotton fabric. The neckline of the shirt is round. The trousers are with denim fabric and pure color patterns. This woman also wears an outer clothing, with chiffon fabric and graphic patterns. This person wears a hat. There is an accessory on her wrist. There is a ring on her finger. This female has neckwear."
WOMEN-Cardigans-id_00002690-02_1_front,id_00002690,WOMEN,Cardigans,front,query,3361,The female wears a long-sleeve sweater with graphic patterns and a three-point pants. The sweater is with cotton fabric. The neckline of the sweater is round. The pants are with leather fabric and pure color patterns. The outer clothing is with knitting fabric and graphic patterns. This woman wears a hat. There is an accessory on her wrist.
WOMEN-Cardigans-id_00002859-02_1_front,id_00002859,WOMEN,Cardigans,front,query,3367,"The shirt the lady wears has long sleeves and its fabric is cotton. The pattern of it is lattice. The lady wears a three-point pants, with cotton fabric and lattice patterns. This female also wears an outer clothing, with knitting fabric and graphic patterns. This female wears socks in shoes. There is a ring on her finger. This lady is wearing a hat."
WOMEN-Cardigans-id_00002880-01_4_full,id_00002880,WOMEN,Cardigans,full,query,3368,"The shirt the person wears has long sleeves and its fabric is cotton. The pattern of it is striped. It has a round neckline. The person wears a long trousers, with denim fabric and solid color patterns. The outer clothing the female wears is with knitting fabric and pure color patterns. There is an accessory in his her neck. There is a ring on her finger."
WOMEN-Cardigans-id_00003254-03_4_full,id_00003254,WOMEN,Cardigans,full,query,3392,The female wears a long-sleeve shirt with pure color patterns. The shirt is with cotton fabric. It has a crew neckline. The trousers the female wears is of long length. The trousers are with denim fabric and pure color patterns. The outer clothing is with cotton fabric and solid color patterns. The female wears a ring.
WOMEN-Cardigans-id_00003576-02_4_full,id_00003576,WOMEN,Cardigans,full,query,3399,The lady wears a long-sleeve shirt with pure color patterns and three-point shorts. The shirt is with cotton fabric and it has a round neckline. The shorts are with cotton fabric and solid color patterns. The outer clothing is with knitting fabric and graphic patterns. There is a ring on her finger. There is an accessory on her wrist. The lady has neckwear.
WOMEN-Cardigans-id_00003644-05_7_additional,id_00003644,WOMEN,Cardigans,additional,query,3405,This lady wears a long-sleeve shirt with graphic patterns. The shirt is with chiffon fabric. It has a lapel neckline. This lady wears a long pants. The pants are with chiffon fabric and graphic patterns. The outer clothing the female wears is with cotton fabric and solid color patterns. There is an accessory on her wrist. There is an accessory in his her neck. This lady wears a hat. The female wears a ring.
WOMEN-Cardigans-id_00003696-01_4_full,id_00003696,WOMEN,Cardigans,full,query,3411,The female wears a long-sleeve shirt with graphic patterns. The shirt is with chiffon fabric. It has a v-shape neckline. The pants the female wears is of long length. The pants are with chiffon fabric and graphic patterns. The outer clothing this person wears is with knitting fabric and graphic patterns. There is a ring on her finger. There is an accessory on her wrist. There is a hat in her head.
WOMEN-Cardigans-id_00003993-02_4_full,id_00003993,WOMEN,Cardigans,full,query,3422,"Her shirt has long sleeves, cotton fabric and solid color patterns. The neckline of it is round. This woman wears a three-point shorts. The shorts are with denim fabric and pure color patterns. The outer clothing the lady wears is with knitting fabric and pure color patterns. The person has neckwear. There is an accessory on her wrist. There is a ring on her finger."
WOMEN-Cardigans-id_00004408-02_4_full,id_00004408,WOMEN,Cardigans,full,query,3433,"Her sweater has long sleeves, chiffon fabric and floral patterns. The neckline of it is v-shape. This woman wears a three-point pants. The pants are with chiffon fabric and floral patterns. The female also wears an outer clothing, with furry fabric and pure color patterns. This female has neckwear. There is an accessory on her wrist. The person wears a ring. The person is wearing socks in shoes. There is a hat in her head."
WOMEN-Cardigans-id_00004815-05_4_full,id_00004815,WOMEN,Cardigans,full,query,3455,"The sweater this person wears has long sleeves and its fabric is cotton. The pattern of it is pure color. It has a round neckline. This person wears a three-point pants, with leather fabric and graphic patterns. The outer clothing this person wears is with knitting fabric and graphic patterns. There is a ring on her finger. There is an accessory in his her neck."
WOMEN-Cardigans-id_00005164-01_4_full,id_00005164,WOMEN,Cardigans,full,query,3462,"Her sweater has long sleeves, knitting fabric and pure color patterns. The neckline of it is crew. The person wears a long pants. The pants are with denim fabric and pure color patterns. The person has a hat in her head. There is an accessory on her wrist. The female is wearing a ring on her finger. This woman has neckwear. There is clothing on her waist."
WOMEN-Cardigans-id_00005260-03_7_additional,id_00005260,WOMEN,Cardigans,additional,query,3470,"The shirt this female wears has medium sleeves and its fabric is cotton. The pattern of it is graphic. It has a v-shape neckline. This female wears a three-point shorts, with denim fabric and pure color patterns. This person also wears an outer clothing, with cotton fabric and graphic patterns. There is an accessory in his her neck. There is an accessory on her wrist. The person wears a ring."
WOMEN-Cardigans-id_00005303-04_7_additional,id_00005303,WOMEN,Cardigans,additional,query,3472,"Her sweater has long sleeves, chiffon fabric and graphic patterns. It has a suspenders neckline. The pants this lady wears is of three-point length. The pants are with chiffon fabric and graphic patterns. The outer clothing is with knitting fabric and pure color patterns. There is an accessory in his her neck."
WOMEN-Cardigans-id_00005303-05_1_front,id_00005303,WOMEN,Cardigans,front,query,3473,"Her sweater has long sleeves, chiffon fabric and graphic patterns. It has a crew neckline. This female wears a long trousers. The trousers are with chiffon fabric and graphic patterns. The outer clothing this person wears is with knitting fabric and pure color patterns. This female has neckwear."
WOMEN-Cardigans-id_00005303-06_7_additional,id_00005303,WOMEN,Cardigans,additional,query,3474,"The shirt this person wears has long sleeves and its fabric is chiffon. The pattern of it is graphic. It has a suspenders neckline. This person wears a three-point shorts, with chiffon fabric and graphic patterns. This person also wears an outer clothing, with knitting fabric and solid color patterns. The female has neckwear."
WOMEN-Cardigans-id_00005321-02_7_additional,id_00005321,WOMEN,Cardigans,additional,query,3477,This person wears a long-sleeve shirt with pure color patterns and three-quarter pants. The shirt is with cotton fabric and it has a v-shape neckline. The pants are with denim fabric and pure color patterns. The outer clothing this lady wears is with knitting fabric and graphic patterns. There is an accessory in his her neck. This person wears a ring. There is an accessory on her wrist.
WOMEN-Cardigans-id_00005577-01_4_full,id_00005577,WOMEN,Cardigans,full,query,3488,The female is wearing a long-sleeve sweater with solid color patterns. The sweater is with cotton fabric. It has a round neckline. The pants the female wears is of three-point length. The pants are with denim fabric and solid color patterns. The outer clothing this person wears is with knitting fabric and stripe patterns.
WOMEN-Cardigans-id_00005577-02_7_additional,id_00005577,WOMEN,Cardigans,additional,query,3489,"This person wears a three-point shorts, with denim fabric and solid color patterns. The outer clothing the person wears is with knitting fabric and striped patterns. There is a hat in her head. The lady has neckwear."
WOMEN-Cardigans-id_00006754-01_4_full,id_00006754,WOMEN,Cardigans,full,query,3551,"The upper clothing has long sleeves, cotton fabric and pure color patterns. It has a round neckline. The lower clothing is of long length. The fabric is denim and it has solid color patterns. The outer clothing this woman wears is with cotton fabric and pure color patterns. The female is wearing a ring on her finger. This female wears a hat. There is an accessory in his her neck."
WOMEN-Cardigans-id_00006845-02_4_full,id_00006845,WOMEN,Cardigans,full,query,3558,This woman is wearing a medium-sleeve shirt with graphic patterns. The shirt is with cotton fabric. It has a crew neckline. The pants this woman wears is of three-point length. The pants are with chiffon fabric and floral patterns. The outer clothing the female wears is with knitting fabric and solid color patterns. This lady wears socks in shoes.
WOMEN-Cardigans-id_00007372-01_4_full,id_00007372,WOMEN,Cardigans,full,query,3569,This woman is wearing a long-sleeve sweater with solid color patterns. The sweater is with cotton fabric and its neckline is round. This woman wears a three-point shorts. The shorts are with denim fabric and pure color patterns. The outer clothing this female wears is with knitting fabric and pure color patterns. There is an accessory in his her neck. There is an accessory on her wrist. There is a ring on her finger. There is clothing on her waist. The person wears a pair of socks.
WOMEN-Cardigans-id_00007372-02_4_full,id_00007372,WOMEN,Cardigans,full,query,3570,"Her sweater has long sleeves, cotton fabric and solid color patterns. It has a crew neckline. The female wears a three-point pants. The pants are with other fabric and other patterns. The female also wears an outer clothing, with knitting fabric and solid color patterns. This female is wearing a ring on her finger. This woman has neckwear. There is clothing on her waist. This female is wearing a pair of socks. There is an accessory on her wrist."
WOMEN-Denim-id_00000055-04_1_front,id_00000055,WOMEN,Denim,front,query,3586,"The shirt the female wears has medium sleeves and it is with cotton fabric and graphic patterns. The neckline of the shirt is crew. The female wears a long trousers, with cotton fabric and pure color patterns. The person also wears an outer clothing, with cotton fabric and graphic patterns. There is an accessory on her wrist. There is a hat in her head. There is a ring on her finger."
WOMEN-Denim-id_00000361-01_1_front,id_00000361,WOMEN,Denim,front,query,3596,This lady is wearing a long-sleeve sweater with solid color patterns. The sweater is with chiffon fabric and its neckline is lapel. This lady wears a long trousers. The trousers are with cotton fabric and striped patterns. There is an accessory on her wrist. There is a ring on her finger.
WOMEN-Denim-id_00000444-01_1_front,id_00000444,WOMEN,Denim,front,query,3597,"Her sweater has long sleeves, cotton fabric and pure color patterns. The neckline of it is round. This woman wears a long trousers. The trousers are with denim fabric and pure color patterns. This female wears a pair of sunglasses. The lady is wearing a hat."
WOMEN-Denim-id_00000741-01_1_front,id_00000741,WOMEN,Denim,front,query,3602,"The person wears a long-sleeve shirt with solid color patterns and long trousers. The shirt is with cotton fabric and it has a round neckline. The trousers are with denim fabric and pure color patterns. This person also wears an outer clothing, with cotton fabric and pure color patterns. There is an accessory on her wrist. There is clothing on her waist. This female is wearing a ring on her finger."
WOMEN-Denim-id_00001248-01_1_front,id_00001248,WOMEN,Denim,front,query,3608,"The female wears a long-sleeve sweater with striped patterns. The sweater is with cotton fabric. It has a round neckline. The trousers the female wears is of long length. The trousers are with denim fabric and other patterns. This lady also wears an outer clothing, with cotton fabric and pure color patterns. The female wears a ring."
WOMEN-Denim-id_00001248-02_1_front,id_00001248,WOMEN,Denim,front,query,3609,"The shirt this female wears has long sleeves and it is with cotton fabric and stripe patterns. The neckline of the shirt is stand. This female wears a long trousers, with denim fabric and solid color patterns. There is a ring on her finger."
WOMEN-Denim-id_00001248-02_2_side,id_00001248,WOMEN,Denim,side,query,3610,"Her shirt has long sleeves, cotton fabric and pure color patterns. The neckline of it is stand. The lady wears a long trousers. The trousers are with denim fabric and pure color patterns. The female is wearing a ring on her finger."
WOMEN-Denim-id_00001830-02_1_front,id_00001830,WOMEN,Denim,front,query,3617,"Her tank shirt has no sleeves, cotton fabric and solid color patterns. The neckline of it is round. The trousers the female wears is of long length. The trousers are with denim fabric and solid color patterns. There is an accessory on her wrist. The person has a hat in her head. The female wears a ring."
WOMEN-Denim-id_00001865-02_4_full,id_00001865,WOMEN,Denim,full,query,3618,"Her T-shirt has short sleeves, cotton fabric and pure color patterns. This female wears a long trousers. The trousers are with denim fabric and pure color patterns. The female has neckwear. There is an accessory on her wrist. This female is wearing a ring on her finger."
WOMEN-Denim-id_00002132-02_1_front,id_00002132,WOMEN,Denim,front,query,3621,"The upper clothing has long sleeves, cotton fabric and solid color patterns. The neckline of it is round. The lower clothing is of long length. The fabric is denim and it has solid color patterns. This female is wearing a ring on her finger. There is an accessory on her wrist."
WOMEN-Denim-id_00003321-01_1_front,id_00003321,WOMEN,Denim,front,query,3646,"The shirt this female wears has medium sleeves and its fabric is cotton. The pattern of it is pure color. It has a round neckline. This female wears a long trousers, with denim fabric and pure color patterns. There is an accessory on her wrist. There is a ring on her finger. There is an accessory in his her neck."
WOMEN-Denim-id_00006100-01_1_front,id_00006100,WOMEN,Denim,front,query,3679,"Her tank top has no sleeves, chiffon fabric and graphic patterns. It has a suspenders neckline. This lady wears a long pants. The pants are with denim fabric and solid color patterns. This person has neckwear. There is an accessory on her wrist. This lady is wearing a ring on her finger."
WOMEN-Denim-id_00006672-01_1_front,id_00006672,WOMEN,Denim,front,query,3688,"The upper clothing has long sleeves, cotton fabric and graphic patterns. It has a crew neckline. The lower clothing is of long length. The fabric is denim and it has pure color patterns. The outer clothing this woman wears is with cotton fabric and lattice patterns."
WOMEN-Dresses-id_00000008-02_7_additional,id_00000008,WOMEN,Dresses,additional,query,3691,"The shirt this person wears has short sleeves and its fabric is cotton. The pattern of it is pure color. It has a crew neckline. This person wears a three-point shorts, with cotton fabric and pure color patterns. This woman wears socks in shoes. There is a ring on her finger."
WOMEN-Dresses-id_00000027-01_1_front,id_00000027,WOMEN,Dresses,front,query,3705,This lady wears a long-sleeve shirt with pure color patterns and three-point pants. The shirt is with cotton fabric and it has a v-shape neckline. The pants are with cotton fabric and solid color patterns.
WOMEN-Dresses-id_00000027-02_1_front,id_00000027,WOMEN,Dresses,front,query,3706,"Her sweater has long sleeves, cotton fabric and solid color patterns. It has a v-shape neckline. The shorts the person wears is of three-point length. The shorts are with cotton fabric and pure color patterns."
WOMEN-Dresses-id_00000042-02_4_full,id_00000042,WOMEN,Dresses,full,query,3720,The female wears a tank tank top with graphic patterns and a three-point shorts. The tank top is with cotton fabric. The neckline of the tank top is round. The shorts are with cotton fabric and graphic patterns. There is a ring on her finger. There is an accessory on her wrist.
WOMEN-Dresses-id_00000073-02_1_front,id_00000073,WOMEN,Dresses,front,query,3726,This woman is wearing a tank tank top with graphic patterns. The tank top is with cotton fabric. This woman wears a three-point shorts. The shorts are with cotton fabric and graphic patterns. There is an accessory on her wrist.
WOMEN-Dresses-id_00000087-02_4_full,id_00000087,WOMEN,Dresses,full,query,3732,"The upper clothing has no sleeves, chiffon fabric and solid color patterns. The neckline of it is v-shape. The lower clothing is of three-point length. The fabric is chiffon and it has solid color patterns. There is an accessory on her wrist. This person is wearing a ring on her finger."
WOMEN-Dresses-id_00000088-02_4_full,id_00000088,WOMEN,Dresses,full,query,3733,This lady wears a sleeveless tank top with solid color patterns and a three-point shorts. The tank top is with cotton fabric. The neckline of the tank top is suspenders. The shorts are with cotton fabric and solid color patterns. The person is wearing a ring on her finger.
WOMEN-Dresses-id_00000106-03_1_front,id_00000106,WOMEN,Dresses,front,query,3737,"Her tank top has sleeves cut off, cotton fabric and striped patterns. It has a crew neckline. The pants this person wears is of three-point length. The pants are with cotton fabric and stripe patterns. There is an accessory in his her neck. The lady is wearing a ring on her finger. There is an accessory on her wrist."
WOMEN-Dresses-id_00000201-01_1_front,id_00000201,WOMEN,Dresses,front,query,3757,The lady is wearing a sleeveless tank shirt with graphic patterns and a three-point pants. The tank shirt is with cotton fabric. The neckline of the tank shirt is crew. The pants are with cotton fabric and graphic patterns. The outer clothing this female wears is with chiffon fabric and graphic patterns. This female is wearing socks in shoes. This female wears a hat. There is an accessory in his her neck.
WOMEN-Dresses-id_00000201-02_4_full,id_00000201,WOMEN,Dresses,full,query,3758,The person wears a sleeveless tank top with graphic patterns. The tank top is with cotton fabric. It has a round neckline. The shorts the person wears is of three-point length. The shorts are with cotton fabric and graphic patterns. There is an accessory in his her neck. The female is wearing a pair of socks.
WOMEN-Dresses-id_00000203-02_4_full,id_00000203,WOMEN,Dresses,full,query,3762,This lady wears a sleeveless tank top with graphic patterns. The tank top is with cotton fabric. It has a round neckline. The pants this lady wears is of three-point length. The pants are with cotton fabric and graphic patterns. This woman has neckwear. The female is wearing a ring on her finger. There is an accessory on her wrist.
WOMEN-Dresses-id_00000280-02_4_full,id_00000280,WOMEN,Dresses,full,query,3783,This female is wearing a short-sleeve T-shirt with solid color patterns and a three-point shorts. The T-shirt is with cotton fabric and its neckline is round. The shorts are with cotton fabric and pure color patterns. This person is wearing a pair of socks.
WOMEN-Dresses-id_00000399-02_4_full,id_00000399,WOMEN,Dresses,full,query,3813,The lady wears a sleeveless tank shirt with pure color patterns and a three-point pants. The tank shirt is with cotton fabric and its neckline is v-shape. The pants are with cotton fabric and solid color patterns. There is an accessory on her wrist. This lady wears a ring.
WOMEN-Dresses-id_00000404-02_4_full,id_00000404,WOMEN,Dresses,full,query,3817,This woman wears a sleeveless tank top with graphic patterns and a three-point shorts. The tank top is with cotton fabric. The neckline of the tank top is crew. The shorts are with cotton fabric and graphic patterns. There is an accessory on her wrist. The female is wearing a hat. The female is wearing a ring on her finger.
WOMEN-Dresses-id_00000472-02_4_full,id_00000472,WOMEN,Dresses,full,query,3830,The person is wearing a tank tank shirt with graphic patterns and a three-point pants. The tank shirt is with cotton fabric. The neckline of the tank shirt is v-shape. The pants are with cotton fabric and graphic patterns. This woman is wearing a ring on her finger.
WOMEN-Dresses-id_00000481-03_4_full,id_00000481,WOMEN,Dresses,full,query,3835,This female is wearing a tank tank shirt with solid color patterns. The tank shirt is with cotton fabric. It has a crew neckline. The pants this female wears is of three-point length. The pants are with cotton fabric and solid color patterns. This woman wears a ring. There is an accessory on her wrist. This person wears socks in shoes.
WOMEN-Dresses-id_00000481-04_4_full,id_00000481,WOMEN,Dresses,full,query,3836,This woman wears a sleeveless tank top with pure color patterns and three-point shorts. The tank top is with cotton fabric and it has a round neckline. The shorts are with cotton fabric and solid color patterns. This female is wearing socks in shoes. The person is wearing a ring on her finger. There is an accessory on her wrist.
WOMEN-Dresses-id_00000583-01_4_full,id_00000583,WOMEN,Dresses,full,query,3856,This lady wears a short-sleeve shirt with other patterns. The shirt is with cotton fabric. It has a round neckline. This lady wears a three-point shorts. The shorts are with cotton fabric and other patterns. There is a ring on her finger. There is an accessory on her wrist. This female has neckwear. This woman wears leggings.
WOMEN-Dresses-id_00000585-01_4_full,id_00000585,WOMEN,Dresses,full,query,3857,"Her T-shirt has short sleeves, chiffon fabric and striped patterns. The neckline of it is round. The pants this woman wears is of three-point length. The pants are with chiffon fabric and stripe patterns. The female wears sunglasses. There is an accessory on her wrist. This woman is wearing a ring on her finger."
WOMEN-Dresses-id_00000673-02_4_full,id_00000673,WOMEN,Dresses,full,query,3901,This person is wearing a tank tank top with complicated patterns. The tank top is with cotton fabric. It has a suspenders neckline. The pants this person wears is of three-point length. The pants are with cotton fabric and complicated patterns. The person is wearing a ring on her finger. There is an accessory in his her neck.
WOMEN-Dresses-id_00000770-02_4_full,id_00000770,WOMEN,Dresses,full,query,3931,This female wears a tank tank shirt with graphic patterns. The tank shirt is with cotton fabric. It has a crew neckline. The pants this female wears is of three-point length. The pants are with cotton fabric and graphic patterns. There is an accessory on her wrist. This woman is wearing a ring on her finger.
WOMEN-Dresses-id_00000787-01_7_additional,id_00000787,WOMEN,Dresses,additional,query,3935,"The tank top this person wears has sleeves cut off, its fabric is chiffon, and it has graphic patterns. This person wears a three-point shorts, with chiffon fabric and graphic patterns. There is an accessory in his her neck. There is an accessory on her wrist. The lady wears a ring."
WOMEN-Dresses-id_00000792-01_7_additional,id_00000792,WOMEN,Dresses,additional,query,3940,"The upper clothing has medium sleeves, chiffon fabric and graphic patterns. The neckline of it is lapel. The lower clothing is of three-point length. The fabric is chiffon and it has pure color patterns. This female is wearing socks in shoes. This lady has a hat in her head. There is a ring on her finger."
WOMEN-Dresses-id_00000793-01_7_additional,id_00000793,WOMEN,Dresses,additional,query,3941,This lady is wearing a short-sleeve shirt with lattice patterns. The shirt is with cotton fabric. It has a crew neckline. The shorts this lady wears is of three-point length. The shorts are with cotton fabric and lattice patterns. The outer clothing is with leather fabric and solid color patterns. The person wears a ring. This female is wearing leggings. There is an accessory in his her neck.
WOMEN-Dresses-id_00000872-02_4_full,id_00000872,WOMEN,Dresses,full,query,3976,"The tank top this person wears has no sleeves, its fabric is cotton, and it has floral patterns. The tank top has a v-shape neckline. This person wears a three-point pants, with cotton fabric and floral patterns. There is an accessory in his her neck. There is an accessory on her wrist."
WOMEN-Dresses-id_00000939-02_4_full,id_00000939,WOMEN,Dresses,full,query,3995,"The person wears a three-point pants, with cotton fabric and graphic patterns. There is an accessory on her wrist. This lady is wearing a ring on her finger. There is an accessory in his her neck."
WOMEN-Dresses-id_00001124-03_4_full,id_00001124,WOMEN,Dresses,full,query,4033,"Her shirt has short sleeves, cotton fabric and solid color patterns. It has a crew neckline. The pants this lady wears is of three-point length. The pants are with cotton fabric and pure color patterns. There is a ring on her finger. There is an accessory on her wrist."
WOMEN-Dresses-id_00001124-04_4_full,id_00001124,WOMEN,Dresses,full,query,4034,The person is wearing a short-sleeve shirt with pure color patterns. The shirt is with cotton fabric. It has a crew neckline. The shorts the person wears is of three-point length. The shorts are with cotton fabric and solid color patterns. There is an accessory on her wrist. This woman wears sunglasses. This person is wearing a ring on her finger.
WOMEN-Dresses-id_00001162-02_4_full,id_00001162,WOMEN,Dresses,full,query,4046,The pants the person wears is of three-point length. The pants are with chiffon fabric and graphic patterns.
WOMEN-Dresses-id_00001162-02_7_additional,id_00001162,WOMEN,Dresses,additional,query,4047,The shorts this person wears is of three-point length. The shorts are with chiffon fabric and graphic patterns. There is an accessory on her wrist.
WOMEN-Dresses-id_00001218-01_1_front,id_00001218,WOMEN,Dresses,front,query,4056,"The shirt the female wears has long sleeves and it is with chiffon fabric and floral patterns. The neckline of the shirt is round. The female wears a three-point shorts, with chiffon fabric and floral patterns. The female has neckwear. There is an accessory on her wrist."
WOMEN-Dresses-id_00001218-01_7_additional,id_00001218,WOMEN,Dresses,additional,query,4057,"The sweater this person wears has long sleeves, its fabric is chiffon, and it has floral patterns. The sweater has a square neckline. This person wears a three-point shorts, with chiffon fabric and floral patterns. There is an accessory in his her neck. There is an accessory on her wrist."
WOMEN-Dresses-id_00001267-03_4_full,id_00001267,WOMEN,Dresses,full,query,4059,"The upper clothing has sleeves cut off, cotton fabric and graphic patterns. It has a round neckline. The lower clothing is of three-point length. The fabric is cotton and it has graphic patterns. This female is wearing a ring on her finger."
WOMEN-Dresses-id_00001450-01_4_full,id_00001450,WOMEN,Dresses,full,query,4118,"The tank top this female wears has sleeves cut off and it is with cotton fabric and solid color patterns. This female wears a three-point pants, with cotton fabric and solid color patterns."
WOMEN-Dresses-id_00001572-03_4_full,id_00001572,WOMEN,Dresses,full,query,4148,"The upper clothing has no sleeves, cotton fabric and graphic patterns. It has a round neckline. The lower clothing is of three-point length. The fabric is cotton and it has graphic patterns. There is a ring on her finger. The female wears socks in shoes."
WOMEN-Dresses-id_00001572-06_4_full,id_00001572,WOMEN,Dresses,full,query,4149,The person wears a tank tank shirt with graphic patterns and a three-point shorts. The tank shirt is with cotton fabric. The neckline of the tank shirt is crew. The shorts are with cotton fabric and graphic patterns. There is an accessory on her wrist.
WOMEN-Dresses-id_00001572-07_4_full,id_00001572,WOMEN,Dresses,full,query,4150,"Her tank top has sleeves cut off, cotton fabric and graphic patterns. The neckline of it is round. This female wears a three-point shorts. The shorts are with cotton fabric and graphic patterns. There is an accessory on her wrist."
WOMEN-Dresses-id_00001610-01_7_additional,id_00001610,WOMEN,Dresses,additional,query,4155,The person is wearing a short-sleeve shirt with lattice patterns and a three-point shorts. The shirt is with cotton fabric and its neckline is crew. The shorts are with cotton fabric and plaid patterns. There is an accessory on her wrist. This female is wearing a ring on her finger.
WOMEN-Dresses-id_00001701-04_4_full,id_00001701,WOMEN,Dresses,full,query,4180,"This female is wearing a tank tank shirt with graphic patterns. The tank shirt is with chiffon fabric and its neckline is v-shape. This female wears a three-point shorts. The shorts are with chiffon fabric and solid color patterns. This lady also wears an outer clothing, with leather fabric and solid color patterns. This person wears a ring. There is an accessory on her wrist. This female wears leggings."
WOMEN-Dresses-id_00001701-05_1_front,id_00001701,WOMEN,Dresses,front,query,4181,This woman is wearing a tank tank top with graphic patterns. The tank top is with chiffon fabric. This woman wears a three-point pants. The pants are with chiffon fabric and pure color patterns. This female is wearing a ring on her finger. The female is wearing leggings.
WOMEN-Dresses-id_00001714-01_4_full,id_00001714,WOMEN,Dresses,full,query,4183,The female is wearing a sleeveless tank shirt with graphic patterns. The tank shirt is with cotton fabric. It has a crew neckline. The pants the female wears is of three-point length. The pants are with cotton fabric and solid color patterns. There is a ring on her finger.
WOMEN-Dresses-id_00001986-02_1_front,id_00001986,WOMEN,Dresses,front,query,4253,"Her shirt has long sleeves, cotton fabric and lattice patterns. The neckline of it is lapel. This lady wears a three-point shorts. The shorts are with cotton fabric and plaid patterns. There is an accessory in his her neck."
WOMEN-Dresses-id_00002093-02_1_front,id_00002093,WOMEN,Dresses,front,query,4295,"The tank top this woman wears has sleeves cut off and it is with cotton fabric and pure color patterns. The neckline of the tank top is crew. This woman wears a medium pants, with cotton fabric and solid color patterns. The person wears a pair of socks."
WOMEN-Dresses-id_00002093-02_7_additional,id_00002093,WOMEN,Dresses,additional,query,4296,This person wears a tank tank top with solid color patterns and medium shorts. The tank top is with cotton fabric and it has a round neckline. The shorts are with cotton fabric and pure color patterns. The person wears a pair of socks.
WOMEN-Dresses-id_00002127-01_1_front,id_00002127,WOMEN,Dresses,front,query,4305,The lady wears a sleeveless tank shirt with solid color patterns and a long pants. The tank shirt is with chiffon fabric and its neckline is round. The pants are with chiffon fabric and solid color patterns.
WOMEN-Dresses-id_00002127-01_7_additional,id_00002127,WOMEN,Dresses,additional,query,4306,"The tank top the lady wears has no sleeves and its fabric is chiffon. The pattern of it is solid color. It has a crew neckline. The lady wears a long trousers, with chiffon fabric and pure color patterns."
WOMEN-Dresses-id_00002190-02_4_full,id_00002190,WOMEN,Dresses,full,query,4317,"The tank top this woman wears has sleeves cut off, its fabric is cotton, and it has solid color patterns. The tank top has a crew neckline. This woman wears a three-point shorts, with cotton fabric and solid color patterns. There is a ring on her finger. There is an accessory on her wrist."
WOMEN-Dresses-id_00002307-01_1_front,id_00002307,WOMEN,Dresses,front,query,4353,This female is wearing a sleeveless tank top with graphic patterns and a three-point shorts. The tank top is with cotton fabric and its neckline is round. The shorts are with cotton fabric and graphic patterns. There is an accessory on her wrist. The female is wearing socks in shoes. There is a ring on her finger. This female has neckwear.
WOMEN-Dresses-id_00002454-01_4_full,id_00002454,WOMEN,Dresses,full,query,4407,"Her shirt has medium sleeves, chiffon fabric and graphic patterns. The neckline of it is crew. The shorts the female wears is of three-point length. The shorts are with chiffon fabric and pure color patterns. The female also wears an outer clothing, with knitting fabric and graphic patterns. This lady wears a ring. There is an accessory on her wrist."
WOMEN-Dresses-id_00002477-02_2_side,id_00002477,WOMEN,Dresses,side,query,4416,The lady is wearing a sleeveless tank top with floral patterns and a short pants. The tank top is with cotton fabric. The pants are with cotton fabric and floral patterns. This woman wears a ring. There is an accessory on her wrist.
WOMEN-Dresses-id_00002477-02_7_additional,id_00002477,WOMEN,Dresses,additional,query,4417,"Her tank top has no sleeves, cotton fabric and floral patterns. The pants the person wears is of medium length. The pants are with cotton fabric and floral patterns. This female is wearing a ring on her finger. There is an accessory on her wrist."
WOMEN-Dresses-id_00002529-03_7_additional,id_00002529,WOMEN,Dresses,additional,query,4435,This person is wearing a sleeveless tank shirt with floral patterns and a three-point shorts. The tank shirt is with cotton fabric. The neckline of the tank shirt is crew. The shorts are with cotton fabric and floral patterns. There is a ring on her finger. There is an accessory in his her neck.
WOMEN-Dresses-id_00002718-01_4_full,id_00002718,WOMEN,Dresses,full,query,4476,This female is wearing a short-sleeve T-shirt with pure color patterns and a three-point shorts. The T-shirt is with cotton fabric and its neckline is crew. The shorts are with cotton fabric and solid color patterns. This female is wearing leggings. This female is wearing a ring on her finger. There is an accessory on her wrist.
WOMEN-Dresses-id_00002783-01_7_additional,id_00002783,WOMEN,Dresses,additional,query,4498,"Her sweater has long sleeves, cotton fabric and lattice patterns. The neckline of it is lapel. This female wears a three-point pants. The pants are with cotton fabric and lattice patterns. The outer clothing is with knitting fabric and pure color patterns. This lady is wearing a pair of socks. This person wears a belt."
WOMEN-Dresses-id_00002860-02_1_front,id_00002860,WOMEN,Dresses,front,query,4540,This woman wears a tank tank top with graphic patterns. The tank top is with cotton fabric. It has a round neckline. This woman wears a three-point pants. The pants are with cotton fabric and graphic patterns. There is an accessory on her wrist. There is a ring on her finger. There is an accessory in his her neck.
WOMEN-Dresses-id_00002879-01_1_front,id_00002879,WOMEN,Dresses,front,query,4550,"The tank shirt this woman wears has no sleeves and it is with chiffon fabric and floral patterns. This woman wears a short shorts, with chiffon fabric and floral patterns. This female has neckwear. There is a ring on her finger."
WOMEN-Dresses-id_00002879-01_7_additional,id_00002879,WOMEN,Dresses,additional,query,4551,The female wears a tank tank top with floral patterns. The tank top is with chiffon fabric. The shorts the female wears is of medium length. The shorts are with chiffon fabric and floral patterns. There is an accessory on her wrist. There is an accessory in his her neck. There is a ring on her finger.
WOMEN-Dresses-id_00002914-01_4_full,id_00002914,WOMEN,Dresses,full,query,4561,"Her shirt has medium sleeves, cotton fabric and stripe patterns. It has a round neckline. The pants this person wears is of three-point length. The pants are with cotton fabric and striped patterns. There is an accessory on her wrist."
WOMEN-Dresses-id_00002976-03_4_full,id_00002976,WOMEN,Dresses,full,query,4583,The lady is wearing a tank tank top with graphic patterns. The tank top is with cotton fabric and its neckline is suspenders. The shorts the lady wears is of three-point length. The shorts are with cotton fabric and graphic patterns. This lady has neckwear. The person is wearing a ring on her finger. There is an accessory on her wrist.
WOMEN-Dresses-id_00002979-02_7_additional,id_00002979,WOMEN,Dresses,additional,query,4584,"The tank shirt the lady wears has no sleeves, its fabric is cotton, and it has graphic patterns. The tank shirt has a suspenders neckline. The lady wears a three-point shorts, with cotton fabric and graphic patterns. There is an accessory in his her neck."
WOMEN-Dresses-id_00002992-02_4_full,id_00002992,WOMEN,Dresses,full,query,4588,"Her shirt has long sleeves, chiffon fabric and graphic patterns. It has a round neckline. The female wears a three-point pants. The pants are with chiffon fabric and graphic patterns. The outer clothing the person wears is with knitting fabric and solid color patterns. There is an accessory on her wrist. There is an accessory in his her neck. The female is wearing a ring on her finger."
WOMEN-Dresses-id_00003007-01_1_front,id_00003007,WOMEN,Dresses,front,query,4595,"Her shirt has long sleeves, cotton fabric and solid color patterns. It has a round neckline. This female wears a three-point pants. The pants are with cotton fabric and solid color patterns. The outer clothing is with furry fabric and pure color patterns. The female is wearing a pair of socks. There is a ring on her finger."
WOMEN-Dresses-id_00003007-02_7_additional,id_00003007,WOMEN,Dresses,additional,query,4596,"The sweater the female wears has long sleeves and it is with cotton fabric and solid color patterns. The neckline of the sweater is round. The female wears a three-point pants, with cotton fabric and solid color patterns. This person also wears an outer clothing, with furry fabric and solid color patterns. This lady is wearing socks in shoes. This lady wears a ring. The person wears a hat."
WOMEN-Dresses-id_00003059-05_1_front,id_00003059,WOMEN,Dresses,front,query,4613,"Her shirt has long sleeves, chiffon fabric and pure color patterns. The neckline of it is v-shape. The shorts this female wears is of three-point length. The shorts are with chiffon fabric and pure color patterns. There is an accessory on her wrist. This woman is wearing a ring on her finger. This female is wearing a belt."
WOMEN-Dresses-id_00003059-06_4_full,id_00003059,WOMEN,Dresses,full,query,4614,The female wears a long-sleeve sweater with solid color patterns. The sweater is with chiffon fabric. It has a v-shape neckline. The shorts the female wears is of three-point length. The shorts are with chiffon fabric and pure color patterns. There is an accessory on her wrist. The lady is wearing a belt. This woman wears a ring.
WOMEN-Dresses-id_00003088-02_7_additional,id_00003088,WOMEN,Dresses,additional,query,4617,"Her shirt has long sleeves, cotton fabric and floral patterns. It has a crew neckline. The pants the lady wears is of three-quarter length. The pants are with cotton fabric and floral patterns. The outer clothing this person wears is with cotton fabric and pure color patterns. This woman wears a ring."
WOMEN-Dresses-id_00003122-03_7_additional,id_00003122,WOMEN,Dresses,additional,query,4622,"Her shirt has long sleeves, chiffon fabric and floral patterns. The neckline of it is round. The lady wears a three-point shorts. The shorts are with chiffon fabric and floral patterns. The female wears leggings. This woman wears a ring. The lady has a hat in her head. There is an accessory in his her neck."
WOMEN-Dresses-id_00003167-02_4_full,id_00003167,WOMEN,Dresses,full,query,4628,This woman is wearing a short-sleeve T-shirt with graphic patterns. The T-shirt is with cotton fabric. It has a v-shape neckline. The pants this woman wears is of three-point length. The pants are with cotton fabric and graphic patterns. The lady wears a ring. There is an accessory on her wrist. The female wears a hat.
WOMEN-Dresses-id_00003171-02_4_full,id_00003171,WOMEN,Dresses,full,query,4630,This female wears a tank tank top with pure color patterns and three-point pants. The tank top is with cotton fabric. The pants are with cotton fabric and pure color patterns. There is an accessory on her wrist. The female wears a ring.
WOMEN-Dresses-id_00003206-03_7_additional,id_00003206,WOMEN,Dresses,additional,query,4638,"The upper clothing has long sleeves, cotton fabric and graphic patterns. It has a round neckline. The lower clothing is of three-point length. The fabric is cotton and it has graphic patterns. There is a ring on her finger."
WOMEN-Dresses-id_00003206-05_7_additional,id_00003206,WOMEN,Dresses,additional,query,4639,"The shirt this female wears has long sleeves and it is with cotton fabric and graphic patterns. The neckline of the shirt is crew. This female wears a three-point shorts, with cotton fabric and graphic patterns. There is an accessory on her wrist. This female wears a ring."
WOMEN-Dresses-id_00003215-06_4_full,id_00003215,WOMEN,Dresses,full,query,4640,The female is wearing a tank tank top with graphic patterns. The tank top is with cotton fabric. It has a suspenders neckline. The shorts the female wears is of three-point length. The shorts are with cotton fabric and graphic patterns. This lady wears a ring. There is an accessory on her wrist.
WOMEN-Dresses-id_00003331-02_1_front,id_00003331,WOMEN,Dresses,front,query,4675,"The upper clothing has short sleeves, cotton fabric and pure color patterns. It has a lapel neckline. The lower clothing is of three-point length. The fabric is cotton and it has solid color patterns. This woman wears leggings. The female wears a ring."
WOMEN-Dresses-id_00003355-01_1_front,id_00003355,WOMEN,Dresses,front,query,4682,"This woman is wearing a long-sleeve sweater with graphic patterns. The sweater is with cotton fabric and its neckline is crew. This woman wears a three-point pants. The pants are with cotton fabric and graphic patterns. This lady also wears an outer clothing, with furry fabric and solid color patterns. There is a ring on her finger. This person is wearing leggings. There is an accessory on her wrist."
WOMEN-Dresses-id_00003399-01_7_additional,id_00003399,WOMEN,Dresses,additional,query,4691,"Her tank shirt has no sleeves, denim fabric and solid color patterns. It has a round neckline. The lady wears a three-point pants. The pants are with denim fabric and solid color patterns. The female is wearing socks in shoes. There is a ring on her finger. The lady has neckwear."
WOMEN-Dresses-id_00003426-03_7_additional,id_00003426,WOMEN,Dresses,additional,query,4695,The lady wears a short-sleeve T-shirt with color block patterns. The T-shirt is with cotton fabric. It has a round neckline. The shorts the lady wears is of three-point length. The shorts are with cotton fabric and solid color patterns. There is a belt on her waist. This person is wearing a hat. This woman is wearing a ring on her finger. The female wears socks in shoes.
WOMEN-Dresses-id_00003490-05_4_full,id_00003490,WOMEN,Dresses,full,query,4716,"The sweater the female wears has long sleeves and its fabric is cotton. The pattern of it is solid color. It has a round neckline. The female wears a three-point shorts, with cotton fabric and solid color patterns. This person also wears an outer clothing, with furry fabric and solid color patterns. The female has neckwear."
WOMEN-Dresses-id_00003490-08_7_additional,id_00003490,WOMEN,Dresses,additional,query,4717,The lady is wearing a long-sleeve sweater with pure color patterns. The sweater is with cotton fabric and its neckline is round. The pants the lady wears is of three-point length. The pants are with cotton fabric and pure color patterns. There is a hat in her head. The person is wearing a ring on her finger. There is an accessory on her wrist. There is an accessory in his her neck.
WOMEN-Dresses-id_00003603-06_7_additional,id_00003603,WOMEN,Dresses,additional,query,4750,This female wears a long-sleeve shirt with stripe patterns and a three-point pants. The shirt is with cotton fabric. The neckline of the shirt is round. The pants are with cotton fabric and stripe patterns. The female has neckwear. There is clothing on her waist. This female is wearing a ring on her finger.
WOMEN-Dresses-id_00003701-03_7_additional,id_00003701,WOMEN,Dresses,additional,query,4788,"The lady wears a long-sleeve sweater with graphic patterns. The sweater is with cotton fabric. The lady wears a medium pants. The pants are with chiffon fabric and pure color patterns. The lady also wears an outer clothing, with furry fabric and pure color patterns. This female wears a ring. There is an accessory on her wrist."
WOMEN-Dresses-id_00003701-04_4_full,id_00003701,WOMEN,Dresses,full,query,4789,This female is wearing a long-sleeve shirt with graphic patterns. The shirt is with cotton fabric. This female wears a short shorts. The shorts are with chiffon fabric and solid color patterns. The outer clothing is with furry fabric and pure color patterns. There is a ring on her finger. There is an accessory on her wrist.
WOMEN-Dresses-id_00003701-05_7_additional,id_00003701,WOMEN,Dresses,additional,query,4790,This person wears a sleeveless tank shirt with graphic patterns and short pants. The tank shirt is with cotton fabric. The pants are with chiffon fabric and solid color patterns. There is a ring on her finger. There is an accessory on her wrist.
WOMEN-Dresses-id_00003742-02_4_full,id_00003742,WOMEN,Dresses,full,query,4810,"The upper clothing has short sleeves, cotton fabric and graphic patterns. The lower clothing is of three-point length. The fabric is cotton and it has graphic patterns. There is an accessory on her wrist. There is a hat in her head. The female wears a ring."
WOMEN-Dresses-id_00003833-02_7_additional,id_00003833,WOMEN,Dresses,additional,query,4823,"The shirt this lady wears has long sleeves, its fabric is cotton, and it has other patterns. The shirt has a round neckline. This lady wears a three-point pants, with cotton fabric and other patterns. This lady has neckwear. This person wears leggings. There is a ring on her finger."
WOMEN-Dresses-id_00003866-07_4_full,id_00003866,WOMEN,Dresses,full,query,4830,This woman wears a tank tank top with stripe patterns and a three-point pants. The tank top is with cotton fabric. The neckline of the tank top is crew. The pants are with cotton fabric and stripe patterns. This woman wears a ring. There is an accessory on her wrist.
WOMEN-Dresses-id_00003904-02_4_full,id_00003904,WOMEN,Dresses,full,query,4842,"The person is wearing a tank tank top with graphic patterns and a three-point pants. The tank top is with cotton fabric and its neckline is crew. The pants are with cotton fabric and graphic patterns. The female also wears an outer clothing, with cotton fabric and pure color patterns. There is an accessory on her wrist."
WOMEN-Dresses-id_00003925-01_4_full,id_00003925,WOMEN,Dresses,full,query,4858,The female is wearing a tank tank shirt with graphic patterns. The tank shirt is with cotton fabric and its neckline is lapel. The female wears a three-point shorts. The shorts are with cotton fabric and pure color patterns. There is a ring on her finger. There is an accessory on her wrist.
WOMEN-Dresses-id_00003975-01_7_additional,id_00003975,WOMEN,Dresses,additional,query,4876,"The tank top the female wears has sleeves cut off, its fabric is denim, and it has solid color patterns. The tank top has a crew neckline. The female wears a three-point pants, with denim fabric and solid color patterns. There is an accessory on her wrist."
WOMEN-Dresses-id_00004077-02_4_full,id_00004077,WOMEN,Dresses,full,query,4909,"The upper clothing has no sleeves, cotton fabric and graphic patterns. The lower clothing is of three-point length. The fabric is cotton and it has graphic patterns. The person is wearing a ring on her finger. There is an accessory on her wrist. There is a hat in her head."
WOMEN-Dresses-id_00004082-02_7_additional,id_00004082,WOMEN,Dresses,additional,query,4915,This female is wearing a sleeveless tank shirt with floral patterns and a three-point shorts. The tank shirt is with chiffon fabric and its neckline is suspenders. The shorts are with chiffon fabric and floral patterns. There is an accessory on her wrist. The person has neckwear. The person is wearing a ring on her finger.
WOMEN-Dresses-id_00004112-02_4_full,id_00004112,WOMEN,Dresses,full,query,4929,The female wears a sleeveless tank shirt with graphic patterns and a three-point pants. The tank shirt is with cotton fabric and its neckline is crew. The pants are with cotton fabric and graphic patterns. There is an accessory on her wrist. The female wears a belt. This person wears a ring.
WOMEN-Dresses-id_00004138-02_4_full,id_00004138,WOMEN,Dresses,full,query,4940,"Her tank shirt has sleeves cut off, cotton fabric and graphic patterns. It has a crew neckline. The lady wears a three-point pants. The pants are with cotton fabric and graphic patterns. This female is wearing a belt. There is an accessory on her wrist. This female wears a ring."
WOMEN-Dresses-id_00004147-02_1_front,id_00004147,WOMEN,Dresses,front,query,4941,This woman is wearing a tank tank top with floral patterns. The tank top is with chiffon fabric and its neckline is crew. This woman wears a three-quarter trousers. The trousers are with chiffon fabric and floral patterns. This female is wearing a ring on her finger. There is an accessory on her wrist.
WOMEN-Dresses-id_00004161-01_7_additional,id_00004161,WOMEN,Dresses,additional,query,4942,"The shirt the female wears has long sleeves and it is with cotton fabric and plaid patterns. The neckline of the shirt is lapel. The female wears a three-point shorts, with cotton fabric and plaid patterns. The female also wears an outer clothing, with cotton fabric and pure color patterns. The female is wearing socks in shoes. This lady has a hat in her head."
WOMEN-Dresses-id_00004167-04_4_full,id_00004167,WOMEN,Dresses,full,query,4943,This female wears a short-sleeve shirt with graphic patterns. The shirt is with cotton fabric. It has a round neckline. The shorts this female wears is of three-point length. The shorts are with cotton fabric and graphic patterns. There is a ring on her finger. There is an accessory on her wrist.
WOMEN-Dresses-id_00004167-05_4_full,id_00004167,WOMEN,Dresses,full,query,4944,This female wears a short-sleeve shirt with graphic patterns and three-point shorts. The shirt is with cotton fabric and it has a round neckline. The shorts are with cotton fabric and graphic patterns. There is a ring on her finger. There is an accessory on her wrist.
WOMEN-Dresses-id_00004167-06_4_full,id_00004167,WOMEN,Dresses,full,query,4945,"Her T-shirt has short sleeves, cotton fabric and graphic patterns. It has a crew neckline. The shorts this person wears is of three-point length. The shorts are with cotton fabric and graphic patterns. There is an accessory on her wrist. This person is wearing a ring on her finger."
WOMEN-Dresses-id_00004167-07_4_full,id_00004167,WOMEN,Dresses,full,query,4946,This woman wears a short-sleeve T-shirt with graphic patterns and a three-point shorts. The T-shirt is with cotton fabric. The neckline of the T-shirt is crew. The shorts are with cotton fabric and graphic patterns. There is a ring on her finger. There is an accessory on her wrist.
WOMEN-Dresses-id_00004347-02_7_additional,id_00004347,WOMEN,Dresses,additional,query,4979,"Her tank top has no sleeves, cotton fabric and pure color patterns. It has a round neckline. The pants the person wears is of three-point length. The pants are with cotton fabric and pure color patterns. There is a ring on her finger. There is an accessory on her wrist."
WOMEN-Dresses-id_00004390-02_7_additional,id_00004390,WOMEN,Dresses,additional,query,5000,The female wears a long-sleeve shirt with floral patterns and three-point shorts. The shirt is with cotton fabric. The shorts are with cotton fabric and floral patterns. The lady has neckwear. The lady is wearing leggings. There is a ring on her finger. The lady is wearing a hat.
WOMEN-Dresses-id_00004449-01_4_full,id_00004449,WOMEN,Dresses,full,query,5013,The person is wearing a short-sleeve T-shirt with graphic patterns. The T-shirt is with cotton fabric. It has a round neckline. The person wears a three-point pants. The pants are with cotton fabric and graphic patterns. This woman wears a ring. This female has a hat in her head. There is an accessory on her wrist.
WOMEN-Dresses-id_00004499-05_4_full,id_00004499,WOMEN,Dresses,full,query,5044,"The shirt the person wears has short sleeves, its fabric is cotton, and it has solid color patterns. The shirt has a lapel neckline. The person wears a three-point pants, with cotton fabric and pure color patterns. The lady is wearing a belt."
WOMEN-Dresses-id_00004578-02_1_front,id_00004578,WOMEN,Dresses,front,query,5072,"The upper clothing has sleeves cut off, cotton fabric and solid color patterns. The neckline of it is stand. The lower clothing is of medium length. The fabric is cotton and it has pure color patterns. There is a ring on her finger. There is an accessory on her wrist."
WOMEN-Dresses-id_00004578-02_7_additional,id_00004578,WOMEN,Dresses,additional,query,5073,This female is wearing a sleeveless tank shirt with solid color patterns and a medium pants. The tank shirt is with cotton fabric. The neckline of the tank shirt is stand. The pants are with cotton fabric and pure color patterns. There is a ring on her finger.
WOMEN-Dresses-id_00004651-03_4_full,id_00004651,WOMEN,Dresses,full,query,5085,The person wears a short-sleeve T-shirt with solid color patterns. The T-shirt is with cotton fabric. It has a v-shape neckline. The person wears a three-point shorts. The shorts are with cotton fabric and solid color patterns. There is an accessory on her wrist. This woman has neckwear. There is a belt on her waist. This woman wears a ring.
WOMEN-Dresses-id_00004651-04_4_full,id_00004651,WOMEN,Dresses,full,query,5086,This female wears a short-sleeve T-shirt with pure color patterns. The T-shirt is with cotton fabric. It has a v-shape neckline. This female wears a three-point shorts. The shorts are with cotton fabric and solid color patterns. This lady wears a belt. There is an accessory on her wrist. There is a ring on her finger. There is an accessory in his her neck.
WOMEN-Dresses-id_00004651-05_4_full,id_00004651,WOMEN,Dresses,full,query,5087,This female wears a short-sleeve T-shirt with pure color patterns and three-point shorts. The T-shirt is with cotton fabric and it has a v-shape neckline. The shorts are with cotton fabric and pure color patterns. The female is wearing a ring on her finger. There is a belt on her waist. There is an accessory in his her neck. There is an accessory on her wrist.
WOMEN-Dresses-id_00004733-02_7_additional,id_00004733,WOMEN,Dresses,additional,query,5101,"The upper clothing has sleeves cut off, cotton fabric and solid color patterns. It has a round neckline. The lower clothing is of three-point length. The fabric is cotton and it has pure color patterns. This female wears a ring. There is an accessory in his her neck."
WOMEN-Dresses-id_00004743-02_4_full,id_00004743,WOMEN,Dresses,full,query,5104,The lady is wearing a tank tank top with stripe patterns. The tank top is with cotton fabric and its neckline is crew. The shorts the lady wears is of three-point length. The shorts are with cotton fabric and striped patterns. The female wears a ring. There is an accessory on her wrist.
WOMEN-Dresses-id_00004808-03_7_additional,id_00004808,WOMEN,Dresses,additional,query,5119,This woman is wearing a sleeveless tank top with striped patterns. The tank top is with cotton fabric and its neckline is round. The shorts this woman wears is of three-point length. The shorts are with cotton fabric and stripe patterns. This woman has neckwear. The lady wears a ring. This lady is wearing a belt.
WOMEN-Dresses-id_00004848-03_7_additional,id_00004848,WOMEN,Dresses,additional,query,5141,"The shirt this woman wears has medium sleeves and its fabric is chiffon. The pattern of it is solid color. It has a round neckline. This woman wears a three-point pants, with chiffon fabric and complicated patterns. The person is wearing a ring on her finger."
WOMEN-Dresses-id_00004868-02_4_full,id_00004868,WOMEN,Dresses,full,query,5142,This lady wears a sleeveless tank shirt with pure color patterns and a three-point shorts. The tank shirt is with cotton fabric. The neckline of the tank shirt is round. The shorts are with chiffon fabric and pure color patterns. There is an accessory on her wrist. There is a ring on her finger.
WOMEN-Dresses-id_00004871-02_4_full,id_00004871,WOMEN,Dresses,full,query,5143,"Her tank top has sleeves cut off, cotton fabric and floral patterns. The neckline of it is crew. This woman wears a three-point shorts. The shorts are with cotton fabric and floral patterns. This lady is wearing a ring on her finger. There is an accessory on her wrist. The female has neckwear."
WOMEN-Dresses-id_00004936-02_4_full,id_00004936,WOMEN,Dresses,full,query,5169,"Her sweater has long sleeves, cotton fabric and graphic patterns. The neckline of it is v-shape. The shorts this female wears is of three-point length. The shorts are with cotton fabric and graphic patterns. There is an accessory on her wrist. There is a ring on her finger."
WOMEN-Dresses-id_00004954-02_7_additional,id_00004954,WOMEN,Dresses,additional,query,5171,"The tank top the lady wears has no sleeves, its fabric is cotton, and it has pure color patterns. The tank top has a round neckline. The lady wears a three-point pants, with cotton fabric and solid color patterns. There is an accessory on her wrist. The female wears a ring."
WOMEN-Dresses-id_00004957-02_4_full,id_00004957,WOMEN,Dresses,full,query,5172,"Her sweater has long sleeves, cotton fabric and solid color patterns. The neckline of it is crew. The pants the person wears is of three-point length. The pants are with cotton fabric and pure color patterns. The female also wears an outer clothing, with cotton fabric and pure color patterns. There is a belt on her waist. The female is wearing socks in shoes."
WOMEN-Dresses-id_00005087-02_7_additional,id_00005087,WOMEN,Dresses,additional,query,5228,"The shirt the lady wears has short sleeves, its fabric is cotton, and it has graphic patterns. The shirt has a v-shape neckline. The lady wears a three-point shorts, with cotton fabric and graphic patterns. There is an accessory on her wrist."
WOMEN-Dresses-id_00005111-02_4_full,id_00005111,WOMEN,Dresses,full,query,5234,"The upper clothing has sleeves cut off, cotton fabric and floral patterns. It has a v-shape neckline. The lower clothing is of three-point length. The fabric is cotton and it has floral patterns. The person is wearing a ring on her finger. There is an accessory on her wrist."
WOMEN-Dresses-id_00005143-02_4_full,id_00005143,WOMEN,Dresses,full,query,5252,The lady wears a short-sleeve T-shirt with pure color patterns. The T-shirt is with cotton fabric. It has a lapel neckline. The shorts the lady wears is of three-point length. The shorts are with cotton fabric and pure color patterns. This lady is wearing a pair of socks.
WOMEN-Dresses-id_00005173-02_4_full,id_00005173,WOMEN,Dresses,full,query,5260,"Her tank shirt has sleeves cut off, cotton fabric and color block patterns. It has a round neckline. This lady wears a three-point shorts. The shorts are with cotton fabric and pure color patterns. This woman wears socks in shoes. This lady wears a ring."
WOMEN-Dresses-id_00005196-01_1_front,id_00005196,WOMEN,Dresses,front,query,5267,The female is wearing a sleeveless tank top with solid color patterns. The tank top is with chiffon fabric and its neckline is round. The female wears a three-quarter pants. The pants are with chiffon fabric and solid color patterns. There is an accessory on her wrist. This person wears a ring.
WOMEN-Dresses-id_00005196-01_7_additional,id_00005196,WOMEN,Dresses,additional,query,5268,"The tank shirt this woman wears has no sleeves, its fabric is chiffon, and it has pure color patterns. This woman wears a three-quarter trousers, with chiffon fabric and solid color patterns. There is an accessory on her wrist. This woman is wearing a ring on her finger."
WOMEN-Dresses-id_00005198-02_4_full,id_00005198,WOMEN,Dresses,full,query,5274,"Her tank top has no sleeves, cotton fabric and floral patterns. It has a round neckline. The female wears a three-point shorts. The shorts are with cotton fabric and floral patterns. There is an accessory on her wrist. There is an accessory in his her neck."
WOMEN-Dresses-id_00005250-04_4_full,id_00005250,WOMEN,Dresses,full,query,5287,This person wears a tank tank shirt with pure color patterns and a three-point pants. The tank shirt is with chiffon fabric. The neckline of the tank shirt is suspenders. The pants are with chiffon fabric and solid color patterns. There is an accessory on her wrist. There is a ring on her finger. This woman wears a pair of sunglasses.
WOMEN-Dresses-id_00005265-02_4_full,id_00005265,WOMEN,Dresses,full,query,5292,This female wears a long-sleeve sweater with graphic patterns. The sweater is with cotton fabric. The shorts this female wears is of three-point length. The shorts are with cotton fabric and solid color patterns. The outer clothing this female wears is with furry fabric and pure color patterns. This woman wears leggings. This lady is wearing a ring on her finger.
WOMEN-Dresses-id_00005281-02_7_additional,id_00005281,WOMEN,Dresses,additional,query,5299,This woman wears a sleeveless tank top with pure color patterns. The tank top is with cotton fabric. It has a crew neckline. This woman wears a three-point pants. The pants are with cotton fabric and pure color patterns. This female is wearing a ring on her finger. This person is wearing a belt. There is an accessory on her wrist.
WOMEN-Dresses-id_00005350-03_4_full,id_00005350,WOMEN,Dresses,full,query,5319,The female is wearing a short-sleeve T-shirt with graphic patterns. The T-shirt is with chiffon fabric and its neckline is lapel. The female wears a three-point shorts. The shorts are with chiffon fabric and graphic patterns. The person is wearing socks in shoes. This person wears a ring.
WOMEN-Dresses-id_00005380-02_4_full,id_00005380,WOMEN,Dresses,full,query,5323,"Her tank top has sleeves cut off, cotton fabric and floral patterns. It has a crew neckline. This female wears a three-point shorts. The shorts are with cotton fabric and floral patterns. There is a ring on her finger. There is an accessory on her wrist."
WOMEN-Dresses-id_00005384-01_1_front,id_00005384,WOMEN,Dresses,front,query,5324,The female wears a sleeveless tank shirt with solid color patterns. The tank shirt is with chiffon fabric. It has a v-shape neckline. The female wears a medium shorts. The shorts are with chiffon fabric and pure color patterns. The lady is wearing a ring on her finger.
WOMEN-Dresses-id_00005408-05_4_full,id_00005408,WOMEN,Dresses,full,query,5336,The female is wearing a tank tank top with graphic patterns. The tank top is with cotton fabric and its neckline is crew. The female wears a medium pants. The pants are with cotton fabric and graphic patterns. This lady wears a ring. There is a belt on her waist.
WOMEN-Dresses-id_00005425-01_7_additional,id_00005425,WOMEN,Dresses,additional,query,5346,The person is wearing a short-sleeve shirt with striped patterns. The shirt is with cotton fabric. The pants the person wears is of three-point length. The pants are with cotton fabric and striped patterns.
WOMEN-Dresses-id_00005443-02_4_full,id_00005443,WOMEN,Dresses,full,query,5348,This person is wearing a short-sleeve shirt with graphic patterns. The shirt is with cotton fabric and its neckline is round. This person wears a three-point shorts. The shorts are with cotton fabric and graphic patterns. This woman has neckwear. There is a ring on her finger.
WOMEN-Dresses-id_00005509-04_4_full,id_00005509,WOMEN,Dresses,full,query,5371,The female wears a short-sleeve T-shirt with graphic patterns and a three-point pants. The T-shirt is with cotton fabric. The pants are with cotton fabric and graphic patterns. There is an accessory on her wrist. This woman has neckwear. The person is wearing a ring on her finger.
WOMEN-Dresses-id_00005511-02_4_full,id_00005511,WOMEN,Dresses,full,query,5375,The female is wearing a tank tank top with graphic patterns. The tank top is with cotton fabric. The shorts the female wears is of three-point length. The shorts are with cotton fabric and graphic patterns. There is a ring on her finger.
WOMEN-Dresses-id_00005531-02_4_full,id_00005531,WOMEN,Dresses,full,query,5384,This woman wears a sleeveless tank top with graphic patterns and a three-point shorts. The tank top is with cotton fabric. The neckline of the tank top is round. The shorts are with cotton fabric and graphic patterns. There is an accessory on her wrist. There is an accessory in his her neck. This female is wearing a ring on her finger.
WOMEN-Dresses-id_00005539-02_4_full,id_00005539,WOMEN,Dresses,full,query,5387,The female is wearing a sleeveless tank top with floral patterns. The tank top is with chiffon fabric and its neckline is suspenders. The female wears a three-point pants. The pants are with chiffon fabric and floral patterns. There is an accessory in his her neck. There is an accessory on her wrist. There is a ring on her finger.
WOMEN-Dresses-id_00005549-01_4_full,id_00005549,WOMEN,Dresses,full,query,5393,The lady is wearing a long-sleeve shirt with graphic patterns. The shirt is with cotton fabric and its neckline is crew. The lady wears a three-point shorts. The shorts are with cotton fabric and graphic patterns. The lady is wearing sunglasses. There is a ring on her finger. There is an accessory on her wrist. The person wears a pair of socks.
WOMEN-Dresses-id_00005585-01_4_full,id_00005585,WOMEN,Dresses,full,query,5398,The lady wears a short-sleeve shirt with floral patterns. The shirt is with cotton fabric. It has a crew neckline. The pants the lady wears is of three-point length. The pants are with cotton fabric and floral patterns. There is an accessory in his her neck. This female has a hat in her head. This woman wears a pair of socks.
WOMEN-Dresses-id_00005648-04_4_full,id_00005648,WOMEN,Dresses,full,query,5408,The person is wearing a sleeveless tank top with graphic patterns. The tank top is with cotton fabric and its neckline is crew. The shorts the person wears is of three-point length. The shorts are with cotton fabric and graphic patterns. There is an accessory on her wrist. The person wears a ring.
WOMEN-Dresses-id_00005676-02_4_full,id_00005676,WOMEN,Dresses,full,query,5417,This lady is wearing a sleeveless tank shirt with graphic patterns and a three-point pants. The tank shirt is with cotton fabric and its neckline is round. The pants are with cotton fabric and graphic patterns. There is an accessory on her wrist. This lady wears a ring.
WOMEN-Dresses-id_00005725-03_4_full,id_00005725,WOMEN,Dresses,full,query,5438,"The upper clothing has sleeves cut off, cotton fabric and graphic patterns. The neckline of it is crew. The lower clothing is of three-point length. The fabric is cotton and it has graphic patterns. The person wears a hat. There is an accessory in his her neck. This woman wears a ring."
WOMEN-Dresses-id_00005725-04_4_full,id_00005725,WOMEN,Dresses,full,query,5439,This lady is wearing a long-sleeve shirt with graphic patterns. The shirt is with cotton fabric and its neckline is round. The shorts this lady wears is of three-point length. The shorts are with cotton fabric and graphic patterns. The outer clothing is with knitting fabric and complicated patterns. This person has neckwear. The female is wearing a hat. This lady is wearing a ring on her finger.
WOMEN-Dresses-id_00005754-03_2_side,id_00005754,WOMEN,Dresses,side,query,5458,The female wears a sleeveless tank shirt with graphic patterns. The tank shirt is with chiffon fabric. It has a lapel neckline. The female wears a three-point shorts. The shorts are with chiffon fabric and graphic patterns.
WOMEN-Dresses-id_00005788-09_4_full,id_00005788,WOMEN,Dresses,full,query,5493,The person is wearing a short-sleeve T-shirt with solid color patterns. The T-shirt is with cotton fabric and its neckline is crew. The pants the person wears is of three-point length. The pants are with cotton fabric and pure color patterns. There is an accessory on her wrist.
WOMEN-Dresses-id_00005802-01_1_front,id_00005802,WOMEN,Dresses,front,query,5495,"The shirt this person wears has medium sleeves and it is with chiffon fabric and graphic patterns. The neckline of the shirt is round. This person wears a three-point shorts, with chiffon fabric and graphic patterns."
WOMEN-Dresses-id_00005846-04_4_full,id_00005846,WOMEN,Dresses,full,query,5532,"Her tank top has no sleeves, chiffon fabric and pure color patterns. The lady wears a medium pants. The pants are with chiffon fabric and pure color patterns. There is an accessory on her wrist. There is a ring on her finger. The lady has neckwear."
WOMEN-Dresses-id_00005850-03_4_full,id_00005850,WOMEN,Dresses,full,query,5533,"The upper clothing has sleeves cut off, cotton fabric and graphic patterns. It has a suspenders neckline. The lower clothing is of short length. The fabric is cotton and it has graphic patterns. There is an accessory on her wrist. This lady is wearing a ring on her finger."
WOMEN-Dresses-id_00005948-02_4_full,id_00005948,WOMEN,Dresses,full,query,5576,The female is wearing a tank tank top with pure color patterns. The tank top is with cotton fabric. It has a square neckline. The shorts the female wears is of three-point length. The shorts are with cotton fabric and solid color patterns. The female is wearing a ring on her finger. There is an accessory on her wrist.
WOMEN-Dresses-id_00005964-01_4_full,id_00005964,WOMEN,Dresses,full,query,5580,The female is wearing a long-sleeve sweater with graphic patterns. The sweater is with chiffon fabric. It has a v-shape neckline. The female wears a three-point pants. The pants are with chiffon fabric and graphic patterns. This female is wearing a pair of socks. This female has neckwear.
WOMEN-Dresses-id_00005964-01_7_additional,id_00005964,WOMEN,Dresses,additional,query,5581,This person wears a long-sleeve sweater with graphic patterns. The sweater is with chiffon fabric. It has a v-shape neckline. The pants this person wears is of three-point length. The pants are with chiffon fabric and graphic patterns. This lady is wearing a pair of socks. The female has neckwear.
WOMEN-Dresses-id_00005978-02_7_additional,id_00005978,WOMEN,Dresses,additional,query,5588,"The tank shirt this woman wears has no sleeves and its fabric is cotton. The pattern of it is pure color. It has a crew neckline. This woman wears a three-point shorts, with cotton fabric and solid color patterns. The female is wearing a ring on her finger. There is an accessory on her wrist."
WOMEN-Dresses-id_00005995-02_7_additional,id_00005995,WOMEN,Dresses,additional,query,5610,The lady is wearing a tank tank top with floral patterns. The tank top is with cotton fabric. It has a crew neckline. The lady wears a three-point shorts. The shorts are with cotton fabric and floral patterns. There is a ring on her finger. There is an accessory on her wrist.
WOMEN-Dresses-id_00006067-01_4_full,id_00006067,WOMEN,Dresses,full,query,5623,"Her tank shirt has no sleeves, cotton fabric and floral patterns. The neckline of it is round. The shorts the person wears is of three-point length. The shorts are with cotton fabric and floral patterns. There is an accessory on her wrist. This person is wearing a ring on her finger."
WOMEN-Dresses-id_00006067-02_4_full,id_00006067,WOMEN,Dresses,full,query,5624,This woman is wearing a sleeveless tank shirt with floral patterns. The tank shirt is with cotton fabric and its neckline is round. This woman wears a three-point shorts. The shorts are with cotton fabric and floral patterns. The female wears a ring. There is an accessory on her wrist.
WOMEN-Dresses-id_00006109-04_7_additional,id_00006109,WOMEN,Dresses,additional,query,5644,"The lady is wearing a tank tank shirt with graphic patterns and a three-point pants. The tank shirt is with cotton fabric and its neckline is round. The pants are with cotton fabric and graphic patterns. The lady also wears an outer clothing, with knitting fabric and pure color patterns. There is an accessory on her wrist. The lady wears a ring. The female has a hat in her head."
WOMEN-Dresses-id_00006123-02_4_full,id_00006123,WOMEN,Dresses,full,query,5647,"The tank shirt this female wears has sleeves cut off, its fabric is cotton, and it has pure color patterns. The tank shirt has a v-shape neckline. This female wears a three-point shorts, with cotton fabric and pure color patterns. There is an accessory on her wrist."
WOMEN-Dresses-id_00006153-01_4_full,id_00006153,WOMEN,Dresses,full,query,5648,"The tank shirt the female wears has sleeves cut off and it is with cotton fabric and stripe patterns. The neckline of the tank shirt is suspenders. The female wears a three-point shorts, with cotton fabric and stripe patterns. There is an accessory on her wrist. This woman wears a pair of socks. This lady is wearing a ring on her finger."
WOMEN-Dresses-id_00006164-02_1_front,id_00006164,WOMEN,Dresses,front,query,5650,The female is wearing a tank tank shirt with graphic patterns and a medium pants. The tank shirt is with cotton fabric and its neckline is round. The pants are with cotton fabric and pure color patterns. There is a ring on her finger.
WOMEN-Dresses-id_00006202-04_4_full,id_00006202,WOMEN,Dresses,full,query,5662,"The upper clothing has sleeves cut off, cotton fabric and solid color patterns. The neckline of it is round. The lower clothing is of three-point length. The fabric is cotton and it has pure color patterns. There is an accessory on her wrist."
WOMEN-Dresses-id_00006245-03_7_additional,id_00006245,WOMEN,Dresses,additional,query,5673,"The upper clothing has short sleeves, cotton fabric and other patterns. It has a round neckline. The lower clothing is of three-point length. The fabric is cotton and it has complicated patterns. This female wears a ring. There is an accessory on her wrist."
WOMEN-Dresses-id_00006288-01_7_additional,id_00006288,WOMEN,Dresses,additional,query,5684,"The upper clothing has sleeves cut off, cotton fabric and graphic patterns. The neckline of it is suspenders. The lower clothing is of three-point length. The fabric is cotton and it has graphic patterns. There is a ring on her finger. There is an accessory in his her neck."
WOMEN-Dresses-id_00006323-02_7_additional,id_00006323,WOMEN,Dresses,additional,query,5689,"The tank top the person wears has sleeves cut off and its fabric is cotton. The pattern of it is pure color. The person wears a three-point shorts, with cotton fabric and solid color patterns. There is an accessory on her wrist. The lady has neckwear. There is a ring on her finger."
WOMEN-Dresses-id_00006340-05_4_full,id_00006340,WOMEN,Dresses,full,query,5696,The female wears a long-sleeve sweater with graphic patterns. The sweater is with cotton fabric. It has a crew neckline. The pants the female wears is of three-point length. The pants are with cotton fabric and graphic patterns. The lady has neckwear. There is an accessory on her wrist. The lady is wearing a ring on her finger.
WOMEN-Dresses-id_00006378-04_4_full,id_00006378,WOMEN,Dresses,full,query,5704,"The T-shirt the female wears has short sleeves and its fabric is cotton. The pattern of it is solid color. It has a round neckline. The female wears a three-point pants, with cotton fabric and pure color patterns."
WOMEN-Dresses-id_00006412-02_1_front,id_00006412,WOMEN,Dresses,front,query,5718,"Her shirt has medium sleeves, cotton fabric and graphic patterns. It has a suspenders neckline. The pants the person wears is of three-point length. The pants are with cotton fabric and graphic patterns. The outer clothing is with knitting fabric and solid color patterns. The person has neckwear. There is a ring on her finger. There is an accessory on her wrist."
WOMEN-Dresses-id_00006635-04_7_additional,id_00006635,WOMEN,Dresses,additional,query,5767,This person is wearing a sleeveless tank top with pure color patterns. The tank top is with cotton fabric. It has a crew neckline. This person wears a three-point pants. The pants are with cotton fabric and solid color patterns. There is a ring on her finger. The person wears a belt. There is an accessory on her wrist. This female is wearing leggings.
WOMEN-Dresses-id_00006659-02_4_full,id_00006659,WOMEN,Dresses,full,query,5772,"The tank shirt the female wears has sleeves cut off, its fabric is cotton, and it has floral patterns. The female wears a three-point shorts, with cotton fabric and floral patterns. The female has neckwear. There is an accessory on her wrist."
WOMEN-Dresses-id_00006698-01_4_full,id_00006698,WOMEN,Dresses,full,query,5776,This woman is wearing a sleeveless tank shirt with graphic patterns and a three-point shorts. The tank shirt is with cotton fabric and its neckline is crew. The shorts are with cotton fabric and graphic patterns. There is an accessory on her wrist. This person is wearing a ring on her finger.
WOMEN-Dresses-id_00006699-04_4_full,id_00006699,WOMEN,Dresses,full,query,5777,"Her tank shirt has sleeves cut off, cotton fabric and solid color patterns. It has a suspenders neckline. The lady wears a three-point pants. The pants are with cotton fabric and solid color patterns. There is a ring on her finger. There is an accessory on her wrist."
WOMEN-Dresses-id_00006706-01_7_additional,id_00006706,WOMEN,Dresses,additional,query,5782,This person is wearing a sleeveless tank shirt with graphic patterns. The tank shirt is with cotton fabric. It has a suspenders neckline. The pants this person wears is of three-point length. The pants are with cotton fabric and solid color patterns. There is an accessory in his her neck. This person wears a ring.
WOMEN-Dresses-id_00006752-02_4_full,id_00006752,WOMEN,Dresses,full,query,5801,This female is wearing a tank tank top with floral patterns. The tank top is with cotton fabric. This female wears a three-point pants. The pants are with cotton fabric and floral patterns. There is an accessory on her wrist. There is an accessory in his her neck. There is a ring on her finger.
WOMEN-Dresses-id_00006803-01_4_full,id_00006803,WOMEN,Dresses,full,query,5837,This person is wearing a long-sleeve shirt with graphic patterns. The shirt is with cotton fabric. It has a crew neckline. This person wears a three-point shorts. The shorts are with cotton fabric and graphic patterns. The outer clothing is with knitting fabric and solid color patterns. This lady wears a ring. There is a hat in her head. There is an accessory in his her neck. There is an accessory on her wrist.
WOMEN-Dresses-id_00006805-02_1_front,id_00006805,WOMEN,Dresses,front,query,5838,The lady is wearing a short-sleeve shirt with graphic patterns. The shirt is with cotton fabric. The lady wears a long trousers. The trousers are with cotton fabric and graphic patterns. There is an accessory on her wrist. There is a ring on her finger. This woman has neckwear.
WOMEN-Dresses-id_00006805-02_7_additional,id_00006805,WOMEN,Dresses,additional,query,5839,"The T-shirt this woman wears has short sleeves, its fabric is cotton, and it has graphic patterns. This woman wears a long pants, with cotton fabric and graphic patterns. There is a ring on her finger. There is an accessory in his her neck."
WOMEN-Dresses-id_00006835-03_4_full,id_00006835,WOMEN,Dresses,full,query,5845,"Her tank shirt has sleeves cut off, cotton fabric and graphic patterns. The neckline of it is crew. The pants this woman wears is of three-point length. The pants are with cotton fabric and pure color patterns. The person is wearing a ring on her finger. There is an accessory on her wrist."
WOMEN-Dresses-id_00006839-02_4_full,id_00006839,WOMEN,Dresses,full,query,5846,"Her sweater has long sleeves, chiffon fabric and solid color patterns. It has a v-shape neckline. The pants this woman wears is of three-point length. The pants are with chiffon fabric and solid color patterns. There is an accessory on her wrist. This lady wears a ring."
WOMEN-Dresses-id_00006855-04_3_back,id_00006855,WOMEN,Dresses,back,query,5854,"The tank top the lady wears has no sleeves and it is with cotton fabric and solid color patterns. The lady wears a three-point pants, with cotton fabric and pure color patterns. This woman is wearing a ring on her finger. There is an accessory on her wrist."
WOMEN-Dresses-id_00006855-05_4_full,id_00006855,WOMEN,Dresses,full,query,5855,"The tank top this person wears has no sleeves and its fabric is cotton. The pattern of it is solid color. It has a crew neckline. This person wears a three-point pants, with cotton fabric and solid color patterns. There is an accessory on her wrist. The lady wears a ring."
WOMEN-Dresses-id_00006855-06_4_full,id_00006855,WOMEN,Dresses,full,query,5856,"The upper clothing has sleeves cut off, cotton fabric and solid color patterns. The neckline of it is crew. The lower clothing is of three-point length. The fabric is cotton and it has solid color patterns. There is an accessory on her wrist. The lady is wearing a ring on her finger."
WOMEN-Dresses-id_00006898-01_7_additional,id_00006898,WOMEN,Dresses,additional,query,5865,"Her tank top has no sleeves, cotton fabric and graphic patterns. The neckline of it is round. The lady wears a three-point pants. The pants are with cotton fabric and graphic patterns. There is an accessory in his her neck. This lady has a hat in her head."
WOMEN-Dresses-id_00006898-02_7_additional,id_00006898,WOMEN,Dresses,additional,query,5866,"The upper clothing has sleeves cut off, cotton fabric and graphic patterns. It has a round neckline. The lower clothing is of three-point length. The fabric is cotton and it has graphic patterns. There is a ring on her finger. The person has a hat in her head. The female has neckwear."
WOMEN-Dresses-id_00006925-05_4_full,id_00006925,WOMEN,Dresses,full,query,5874,"Her tank shirt has sleeves cut off, chiffon fabric and solid color patterns. It has a suspenders neckline. The female wears a three-point pants. The pants are with chiffon fabric and pure color patterns. There is an accessory in his her neck. The lady is wearing a ring on her finger."
WOMEN-Dresses-id_00006964-02_7_additional,id_00006964,WOMEN,Dresses,additional,query,5888,The female wears a sleeveless tank top with floral patterns and three-point shorts. The tank top is with cotton fabric and it has a square neckline. The shorts are with cotton fabric and floral patterns. This person is wearing a ring on her finger. There is an accessory in his her neck.
WOMEN-Dresses-id_00007036-02_4_full,id_00007036,WOMEN,Dresses,full,query,5912,This woman wears a tank tank top with pure color patterns. The tank top is with cotton fabric. This woman wears a three-point shorts. The shorts are with cotton fabric and pure color patterns. This female has neckwear.
WOMEN-Dresses-id_00007095-02_1_front,id_00007095,WOMEN,Dresses,front,query,5929,"Her sweater has long sleeves, cotton fabric and lattice patterns. It has a lapel neckline. The female wears a short shorts. The shorts are with cotton fabric and lattice patterns."
WOMEN-Dresses-id_00007095-02_7_additional,id_00007095,WOMEN,Dresses,additional,query,5930,The lady is wearing a long-sleeve sweater with lattice patterns. The sweater is with cotton fabric and its neckline is lapel. The lady wears a medium shorts. The shorts are with cotton fabric and plaid patterns.
WOMEN-Dresses-id_00007124-01_7_additional,id_00007124,WOMEN,Dresses,additional,query,5939,The lady is wearing a tank tank shirt with floral patterns and a three-point shorts. The tank shirt is with cotton fabric and its neckline is square. The shorts are with cotton fabric and floral patterns. This person is wearing a ring on her finger. There is an accessory on her wrist.
WOMEN-Dresses-id_00007140-01_1_front,id_00007140,WOMEN,Dresses,front,query,5941,This female wears a short-sleeve T-shirt with striped patterns. The T-shirt is with cotton fabric. It has a crew neckline. This female wears a three-point pants. The pants are with cotton fabric and striped patterns.
WOMEN-Dresses-id_00007169-02_4_full,id_00007169,WOMEN,Dresses,full,query,5951,"The upper clothing has no sleeves, cotton fabric and graphic patterns. It has a crew neckline. The lower clothing is of three-point length. The fabric is cotton and it has pure color patterns. There is an accessory in his her neck. There is an accessory on her wrist. This person is wearing a ring on her finger."
WOMEN-Dresses-id_00007176-01_4_full,id_00007176,WOMEN,Dresses,full,query,5952,This female is wearing a sleeveless tank top with graphic patterns and a three-point pants. The tank top is with chiffon fabric. The neckline of the tank top is crew. The pants are with chiffon fabric and solid color patterns. The outer clothing is with denim fabric and solid color patterns. There is a belt on her waist.
WOMEN-Dresses-id_00007215-02_4_full,id_00007215,WOMEN,Dresses,full,query,5958,"The upper clothing has sleeves cut off, cotton fabric and complicated patterns. It has a v-shape neckline. The lower clothing is of three-point length. The fabric is cotton and it has other patterns. The person wears a ring."
WOMEN-Dresses-id_00007249-02_4_full,id_00007249,WOMEN,Dresses,full,query,5964,The person is wearing a sleeveless tank top with graphic patterns and a three-point pants. The tank top is with cotton fabric and its neckline is suspenders. The pants are with cotton fabric and graphic patterns. There is an accessory on her wrist.
WOMEN-Dresses-id_00007249-03_1_front,id_00007249,WOMEN,Dresses,front,query,5965,This female wears a tank tank top with graphic patterns. The tank top is with cotton fabric. The pants this female wears is of three-point length. The pants are with cotton fabric and graphic patterns. There is an accessory on her wrist.
WOMEN-Dresses-id_00007270-04_4_full,id_00007270,WOMEN,Dresses,full,query,5976,"The upper clothing has no sleeves, denim fabric and complicated patterns. The neckline of it is suspenders. The lower clothing is of three-point length. The fabric is denim and it has complicated patterns. This woman has neckwear."
WOMEN-Dresses-id_00007335-02_1_front,id_00007335,WOMEN,Dresses,front,query,5995,"Her tank top has no sleeves, cotton fabric and graphic patterns. The neckline of it is suspenders. This female wears a three-point shorts. The shorts are with cotton fabric and graphic patterns. There is an accessory on her wrist. The person wears a ring. The person has neckwear."
WOMEN-Dresses-id_00007405-02_4_full,id_00007405,WOMEN,Dresses,full,query,6006,This person is wearing a sleeveless tank shirt with floral patterns. The tank shirt is with cotton fabric. It has a round neckline. This person wears a three-point shorts. The shorts are with cotton fabric and floral patterns. The female is wearing a belt. This woman has neckwear. The person is wearing a ring on her finger.
WOMEN-Dresses-id_00007415-02_4_full,id_00007415,WOMEN,Dresses,full,query,6007,"The upper clothing has sleeves cut off, chiffon fabric and pure color patterns. The neckline of it is v-shape. The lower clothing is of three-point length. The fabric is chiffon and it has solid color patterns. There is an accessory on her wrist. The female wears a ring."
WOMEN-Dresses-id_00007415-02_7_additional,id_00007415,WOMEN,Dresses,additional,query,6008,This female wears a sleeveless tank shirt with pure color patterns. The tank shirt is with chiffon fabric. It has a v-shape neckline. This female wears a three-point pants. The pants are with chiffon fabric and pure color patterns. There is an accessory on her wrist. There is a ring on her finger.
WOMEN-Dresses-id_00007415-04_4_full,id_00007415,WOMEN,Dresses,full,query,6009,This female is wearing a tank tank top with pure color patterns and a three-point pants. The tank top is with chiffon fabric and its neckline is v-shape. The pants are with chiffon fabric and solid color patterns. There is an accessory on her wrist. There is a ring on her finger.
WOMEN-Dresses-id_00007419-02_4_full,id_00007419,WOMEN,Dresses,full,query,6012,This female wears a short-sleeve shirt with graphic patterns and a three-point shorts. The shirt is with cotton fabric. The neckline of the shirt is v-shape. The shorts are with cotton fabric and solid color patterns. There is a ring on her finger. There is an accessory on her wrist.
WOMEN-Dresses-id_00007475-04_1_front,id_00007475,WOMEN,Dresses,front,query,6017,This woman is wearing a short-sleeve shirt with pure color patterns. The shirt is with cotton fabric. This woman wears a three-point shorts. The shorts are with cotton fabric and solid color patterns. There is an accessory on her wrist. There is a ring on her finger.
WOMEN-Dresses-id_00007499-02_7_additional,id_00007499,WOMEN,Dresses,additional,query,6024,The lady wears a short-sleeve shirt with striped patterns and a three-point pants. The shirt is with mixed fabric and its neckline is round. The pants are with mixed fabric and stripe patterns. The outer clothing this woman wears is with furry fabric and solid color patterns. There is an accessory on her wrist. This person is wearing a ring on her finger.
WOMEN-Dresses-id_00007586-02_1_front,id_00007586,WOMEN,Dresses,front,query,6056,This person wears a sleeveless tank shirt with pure color patterns and medium pants. The tank shirt is with cotton fabric and it has a v-shape neckline. The pants are with cotton fabric and pure color patterns. There is an accessory in his her neck. The person is wearing a ring on her finger.
WOMEN-Dresses-id_00007595-02_4_full,id_00007595,WOMEN,Dresses,full,query,6058,The lady is wearing a sleeveless tank top with complicated patterns. The tank top is with cotton fabric and its neckline is v-shape. The pants the lady wears is of three-point length. The pants are with cotton fabric and other patterns. This woman is wearing leggings. This lady is wearing a ring on her finger. The female has neckwear.
WOMEN-Dresses-id_00007622-01_7_additional,id_00007622,WOMEN,Dresses,additional,query,6073,The lady is wearing a long-sleeve sweater with floral patterns. The sweater is with chiffon fabric and its neckline is crew. The pants the lady wears is of three-point length. The pants are with chiffon fabric and floral patterns.
WOMEN-Dresses-id_00007742-01_3_back,id_00007742,WOMEN,Dresses,back,query,6106,"The upper clothing has short sleeves, other fabric and graphic patterns. The lower clothing is of three-point length. The fabric is other and it has pure color patterns. There is an accessory on her wrist. This person wears a ring."
WOMEN-Dresses-id_00007743-01_1_front,id_00007743,WOMEN,Dresses,front,query,6107,This female wears a tank tank top with solid color patterns and three-point pants. The tank top is with denim fabric and it has a suspenders neckline. The pants are with denim fabric and solid color patterns. There is a ring on her finger. There is an accessory in his her neck. There is an accessory on her wrist.
WOMEN-Dresses-id_00007754-02_4_full,id_00007754,WOMEN,Dresses,full,query,6117,This person is wearing a sleeveless tank top with floral patterns and a three-point pants. The tank top is with cotton fabric. The neckline of the tank top is round. The pants are with cotton fabric and floral patterns. This lady has neckwear. The female is wearing a ring on her finger. There is an accessory on her wrist.
WOMEN-Dresses-id_00007769-07_4_full,id_00007769,WOMEN,Dresses,full,query,6118,"The tank shirt this lady wears has sleeves cut off and its fabric is cotton. The pattern of it is pure color. This lady wears a three-point pants, with cotton fabric and solid color patterns. The female is wearing a ring on her finger. There is an accessory on her wrist."
WOMEN-Dresses-id_00007785-06_7_additional,id_00007785,WOMEN,Dresses,additional,query,6119,This female wears a tank tank shirt with solid color patterns. The tank shirt is with cotton fabric. It has a suspenders neckline. The pants this female wears is of three-point length. The pants are with cotton fabric and solid color patterns. There is a ring on her finger. There is clothing on her waist. The lady has neckwear.
WOMEN-Dresses-id_00007785-07_7_additional,id_00007785,WOMEN,Dresses,additional,query,6120,This female wears a tank tank top with pure color patterns and a three-point pants. The tank top is with cotton fabric. The neckline of the tank top is suspenders. The pants are with cotton fabric and solid color patterns. There is an accessory in his her neck. There is clothing on her waist. This person is wearing a ring on her finger.
WOMEN-Dresses-id_00007785-08_7_additional,id_00007785,WOMEN,Dresses,additional,query,6121,"Her tank top has sleeves cut off, cotton fabric and pure color patterns. It has a suspenders neckline. The shorts this person wears is of three-point length. The shorts are with cotton fabric and solid color patterns. There is an accessory in his her neck. There is clothing on her waist. There is a ring on her finger."
WOMEN-Dresses-id_00007820-01_4_full,id_00007820,WOMEN,Dresses,full,query,6139,"Her T-shirt has short sleeves, cotton fabric and solid color patterns. The neckline of it is round. The pants this female wears is of three-point length. The pants are with cotton fabric and solid color patterns. The lady wears a belt. The person is wearing a ring on her finger. There is an accessory on her wrist."
WOMEN-Dresses-id_00007871-03_7_additional,id_00007871,WOMEN,Dresses,additional,query,6169,"Her tank shirt has sleeves cut off, cotton fabric and graphic patterns. It has a crew neckline. The person wears a three-point shorts. The shorts are with cotton fabric and graphic patterns. There is an accessory on her wrist. There is a ring on her finger."
WOMEN-Dresses-id_00007871-04_1_front,id_00007871,WOMEN,Dresses,front,query,6170,This lady wears a tank tank top with graphic patterns and three-point pants. The tank top is with cotton fabric and it has a round neckline. The pants are with cotton fabric and graphic patterns. There is an accessory on her wrist. There is a ring on her finger.
WOMEN-Dresses-id_00007906-03_1_front,id_00007906,WOMEN,Dresses,front,query,6177,This lady wears a medium-sleeve shirt with floral patterns. The shirt is with chiffon fabric. It has a suspenders neckline. This lady wears a long pants. The pants are with chiffon fabric and floral patterns. This female is wearing a ring on her finger. The lady has neckwear. There is an accessory on her wrist.
WOMEN-Dresses-id_00007906-03_7_additional,id_00007906,WOMEN,Dresses,additional,query,6178,"The upper clothing has medium sleeves, chiffon fabric and floral patterns. The neckline of it is suspenders. The lower clothing is of long length. The fabric is chiffon and it has floral patterns. The lady wears a ring. There is an accessory in his her neck. There is an accessory on her wrist."
WOMEN-Dresses-id_00007909-02_4_full,id_00007909,WOMEN,Dresses,full,query,6179,The female is wearing a tank tank top with graphic patterns and a three-point pants. The tank top is with chiffon fabric. The neckline of the tank top is suspenders. The pants are with chiffon fabric and graphic patterns. There is an accessory on her wrist. The female is wearing a ring on her finger. There is an accessory in his her neck.
WOMEN-Dresses-id_00007920-02_4_full,id_00007920,WOMEN,Dresses,full,query,6186,The female is wearing a sleeveless tank top with graphic patterns. The tank top is with cotton fabric and its neckline is round. The shorts the female wears is of three-point length. The shorts are with cotton fabric and graphic patterns. The female is wearing a ring on her finger.
WOMEN-Dresses-id_00007924-02_4_full,id_00007924,WOMEN,Dresses,full,query,6187,The female is wearing a long-sleeve sweater with graphic patterns and a three-point pants. The sweater is with cotton fabric and its neckline is round. The pants are with cotton fabric and graphic patterns. This woman wears a ring. There is an accessory on her wrist.
WOMEN-Dresses-id_00007928-02_1_front,id_00007928,WOMEN,Dresses,front,query,6188,"Her tank top has no sleeves, cotton fabric and graphic patterns. It has a suspenders neckline. The trousers the person wears is of long length. The trousers are with cotton fabric and graphic patterns. There is an accessory on her wrist."
WOMEN-Dresses-id_00007928-02_7_additional,id_00007928,WOMEN,Dresses,additional,query,6189,This female is wearing a tank tank top with graphic patterns. The tank top is with cotton fabric and its neckline is suspenders. This female wears a long pants. The pants are with cotton fabric and graphic patterns.
WOMEN-Dresses-id_00007957-02_4_full,id_00007957,WOMEN,Dresses,full,query,6209,The person wears a short-sleeve shirt with floral patterns and a three-point shorts. The shirt is with cotton fabric and its neckline is crew. The shorts are with cotton fabric and floral patterns. This lady has a hat in her head. The female has neckwear. There is a ring on her finger.
WOMEN-Dresses-id_00007968-01_4_full,id_00007968,WOMEN,Dresses,full,query,6213,"The shirt the lady wears has medium sleeves, its fabric is cotton, and it has floral patterns. The shirt has a round neckline. The lady wears a three-point shorts, with cotton fabric and floral patterns. This female also wears an outer clothing, with knitting fabric and pure color patterns. This female is wearing a ring on her finger."
WOMEN-Dresses-id_00007972-05_4_full,id_00007972,WOMEN,Dresses,full,query,6214,This woman is wearing a tank tank top with solid color patterns and a three-point shorts. The tank top is with cotton fabric and its neckline is round. The shorts are with cotton fabric and pure color patterns. The lady is wearing a ring on her finger. There is an accessory on her wrist.
WOMEN-Graphic_Tees-id_00000046-01_7_additional,id_00000046,WOMEN,Graphic_Tees,additional,query,6220,"This woman is wearing a long-sleeve shirt with graphic patterns. The shirt is with cotton fabric. It has a crew neckline. This woman wears a long trousers. The trousers are with cotton fabric and solid color patterns. This female also wears an outer clothing, with cotton fabric and solid color patterns. There is an accessory in his her neck. The lady is wearing socks in shoes. This woman is wearing a ring on her finger."
WOMEN-Graphic_Tees-id_00000113-01_4_full,id_00000113,WOMEN,Graphic_Tees,full,query,6222,This female is wearing a long-sleeve sweater with graphic patterns. The sweater is with cotton fabric. It has a v-shape neckline. This female wears a three-point pants. The pants are with leather fabric and solid color patterns. The outer clothing this female wears is with cotton fabric and pure color patterns. This lady wears socks in shoes. This woman wears a ring. There is an accessory on her wrist.
WOMEN-Graphic_Tees-id_00000241-01_7_additional,id_00000241,WOMEN,Graphic_Tees,additional,query,6227,"Her tank top has sleeves cut off, cotton fabric and graphic patterns. The neckline of it is round. The shorts this woman wears is of three-point length. The shorts are with denim fabric and pure color patterns. There is an accessory on her wrist. This lady wears a ring. This female is wearing a pair of socks."
WOMEN-Graphic_Tees-id_00000341-01_7_additional,id_00000341,WOMEN,Graphic_Tees,additional,query,6231,"The person wears a medium-sleeve shirt with graphic patterns and long pants. The shirt is with cotton fabric and it has a round neckline. The pants are with denim fabric and solid color patterns. The person also wears an outer clothing, with denim fabric and solid color patterns. The lady wears a pair of socks. This lady is wearing a ring on her finger."
WOMEN-Graphic_Tees-id_00000349-01_4_full,id_00000349,WOMEN,Graphic_Tees,full,query,6233,This person is wearing a tank tank top with graphic patterns. The tank top is with cotton fabric and its neckline is crew. This person wears a three-point pants. The pants are with denim fabric and other patterns. There is an accessory in his her neck. There is an accessory on her wrist.
WOMEN-Graphic_Tees-id_00000449-01_4_full,id_00000449,WOMEN,Graphic_Tees,full,query,6236,"The upper clothing has short sleeves, cotton fabric and graphic patterns. The neckline of it is round. The lower clothing is of three-point length. The fabric is denim and it has pure color patterns. There is an accessory in his her neck."
WOMEN-Graphic_Tees-id_00001070-01_7_additional,id_00001070,WOMEN,Graphic_Tees,additional,query,6255,"The tank shirt this lady wears has no sleeves, its fabric is cotton, and it has graphic patterns. The tank shirt has a round neckline. This lady wears a long trousers, with cotton fabric and solid color patterns. There is clothing on her waist. There is an accessory in his her neck. The female is wearing a pair of socks."
WOMEN-Graphic_Tees-id_00001179-01_4_full,id_00001179,WOMEN,Graphic_Tees,full,query,6258,"The shirt the lady wears has short sleeves and its fabric is cotton. The pattern of it is graphic. It has a round neckline. The lady wears a three-point shorts, with cotton fabric and pure color patterns. The lady is wearing a ring on her finger."
WOMEN-Graphic_Tees-id_00001263-02_4_full,id_00001263,WOMEN,Graphic_Tees,full,query,6265,"The upper clothing has short sleeves, cotton fabric and graphic patterns. The neckline of it is round. The lower clothing is of three-point length. The fabric is cotton and it has floral patterns. There is an accessory on her wrist. This woman has a pair of glasses on her hands or clothes. There is an accessory in his her neck. There is a ring on her finger."
WOMEN-Graphic_Tees-id_00001497-02_7_additional,id_00001497,WOMEN,Graphic_Tees,additional,query,6272,The person is wearing a long-sleeve sweater with graphic patterns and a long trousers. The sweater is with cotton fabric and its neckline is round. The trousers are with denim fabric and solid color patterns. The outer clothing the lady wears is with knitting fabric and solid color patterns. There is an accessory in his her neck. This person has a hat in her head.
WOMEN-Graphic_Tees-id_00001522-05_4_full,id_00001522,WOMEN,Graphic_Tees,full,query,6275,This woman wears a long-sleeve shirt with graphic patterns and a long pants. The shirt is with cotton fabric and its neckline is crew. The pants are with denim fabric and pure color patterns. The lady is wearing a ring on her finger. There is clothing on her waist. There is an accessory in his her neck. There is an accessory on her wrist.
WOMEN-Graphic_Tees-id_00001545-01_4_full,id_00001545,WOMEN,Graphic_Tees,full,query,6276,The female wears a sleeveless tank top with graphic patterns and a long trousers. The tank top is with cotton fabric. The neckline of the tank top is round. The trousers are with cotton fabric and pure color patterns. There is an accessory on her wrist. The lady is wearing a ring on her finger.
WOMEN-Graphic_Tees-id_00001653-01_4_full,id_00001653,WOMEN,Graphic_Tees,full,query,6280,"The upper clothing has sleeves cut off, cotton fabric and graphic patterns. The neckline of it is crew. The lower clothing is of long length. The fabric is denim and it has pure color patterns. There is clothing on her waist. There is a ring on her finger."
WOMEN-Graphic_Tees-id_00001716-01_4_full,id_00001716,WOMEN,Graphic_Tees,full,query,6282,"Her shirt has medium sleeves, cotton fabric and graphic patterns. The neckline of it is round. The pants this lady wears is of three-point length. The pants are with denim fabric and pure color patterns. This lady also wears an outer clothing, with chiffon fabric and graphic patterns. There is a hat in her head. There is an accessory in his her neck."
WOMEN-Graphic_Tees-id_00002034-01_4_full,id_00002034,WOMEN,Graphic_Tees,full,query,6291,"The upper clothing has long sleeves, cotton fabric and graphic patterns. The neckline of it is crew. The lower clothing is of long length. The fabric is cotton and it has pure color patterns. This woman also wears an outer clothing, with leather fabric and pure color patterns. The female wears a ring. This female is wearing a pair of sunglasses. There is clothing on her waist. There is an accessory on her wrist."
WOMEN-Graphic_Tees-id_00002066-01_4_full,id_00002066,WOMEN,Graphic_Tees,full,query,6292,The lady wears a short-sleeve shirt with graphic patterns. The shirt is with cotton fabric. It has a crew neckline. The lady wears a long trousers. The trousers are with denim fabric and pure color patterns. This person is wearing a ring on her finger. There is an accessory on her wrist.
WOMEN-Graphic_Tees-id_00002088-02_4_full,id_00002088,WOMEN,Graphic_Tees,full,query,6293,The lady wears a tank tank shirt with graphic patterns and long pants. The tank shirt is with cotton fabric and it has a round neckline. The pants are with cotton fabric and solid color patterns. This person is wearing a ring on her finger. There is an accessory on her wrist.
WOMEN-Graphic_Tees-id_00002253-02_7_additional,id_00002253,WOMEN,Graphic_Tees,additional,query,6297,The person wears a short-sleeve shirt with graphic patterns and a long trousers. The shirt is with cotton fabric. The neckline of the shirt is round. The trousers are with denim fabric and pure color patterns. The person has neckwear. This lady is wearing a ring on her finger.
WOMEN-Graphic_Tees-id_00002611-01_7_additional,id_00002611,WOMEN,Graphic_Tees,additional,query,6308,This person wears a tank tank shirt with graphic patterns. The tank shirt is with cotton fabric. It has a crew neckline. This person wears a three-point shorts. The shorts are with denim fabric and solid color patterns. The outer clothing this female wears is with leather fabric and pure color patterns. There is a ring on her finger. This person wears a pair of socks.
WOMEN-Graphic_Tees-id_00002653-01_7_additional,id_00002653,WOMEN,Graphic_Tees,additional,query,6310,"The tank shirt this female wears has sleeves cut off and its fabric is cotton. The pattern of it is graphic. It has a crew neckline. This female wears a three-point pants, with denim fabric and pure color patterns. There is an accessory in his her neck. There is an accessory on her wrist."
WOMEN-Graphic_Tees-id_00003069-01_4_full,id_00003069,WOMEN,Graphic_Tees,full,query,6323,"Her shirt has short sleeves, cotton fabric and graphic patterns. The neckline of it is round. This person wears a three-point pants. The pants are with denim fabric and solid color patterns. This lady wears sunglasses. The lady is wearing a ring on her finger."
WOMEN-Graphic_Tees-id_00003256-02_7_additional,id_00003256,WOMEN,Graphic_Tees,additional,query,6333,"The lady wears a long-sleeve shirt with graphic patterns. The shirt is with cotton fabric. It has a crew neckline. The lady wears a long trousers. The trousers are with cotton fabric and solid color patterns. The female also wears an outer clothing, with denim fabric and pure color patterns. There is an accessory on her wrist. There is a ring on her finger. There is an accessory in his her neck."
WOMEN-Graphic_Tees-id_00003266-01_4_full,id_00003266,WOMEN,Graphic_Tees,full,query,6334,"This woman wears a long-sleeve sweater with graphic patterns and a long trousers. The sweater is with cotton fabric and its neckline is crew. The trousers are with cotton fabric and pure color patterns. This lady also wears an outer clothing, with leather fabric and solid color patterns. There is a hat in her head."
WOMEN-Graphic_Tees-id_00003282-01_4_full,id_00003282,WOMEN,Graphic_Tees,full,query,6335,"The shirt this person wears has short sleeves and it is with cotton fabric and graphic patterns. The neckline of the shirt is crew. This person wears a three-point pants, with denim fabric and graphic patterns. There is an accessory on her wrist. The female is wearing a ring on her finger. The lady is wearing a pair of sunglasses."
WOMEN-Graphic_Tees-id_00003294-01_4_full,id_00003294,WOMEN,Graphic_Tees,full,query,6336,This woman is wearing a short-sleeve T-shirt with graphic patterns. The T-shirt is with cotton fabric and its neckline is v-shape. This woman wears a three-point pants. The pants are with leather fabric and pure color patterns. There is a ring on her finger. The female wears socks in shoes. There is an accessory on her wrist.
WOMEN-Graphic_Tees-id_00003545-01_7_additional,id_00003545,WOMEN,Graphic_Tees,additional,query,6344,"Her shirt has long sleeves, cotton fabric and graphic patterns. It has a crew neckline. The trousers the person wears is of long length. The trousers are with denim fabric and pure color patterns. The outer clothing this female wears is with leather fabric and solid color patterns. There is an accessory in his her neck. There is an accessory on her wrist. There is a ring on her finger."
WOMEN-Graphic_Tees-id_00003773-01_4_full,id_00003773,WOMEN,Graphic_Tees,full,query,6347,The female wears a tank tank shirt with graphic patterns. The tank shirt is with cotton fabric. It has a round neckline. The shorts the female wears is of three-point length. The shorts are with leather fabric and solid color patterns. This female wears a ring. This female has neckwear. This lady is wearing a pair of socks.
WOMEN-Graphic_Tees-id_00003821-02_4_full,id_00003821,WOMEN,Graphic_Tees,full,query,6349,This lady wears a short-sleeve shirt with graphic patterns. The shirt is with cotton fabric. It has a round neckline. The trousers this lady wears is of long length. The trousers are with cotton fabric and pure color patterns. The lady is wearing a ring on her finger. There is an accessory on her wrist.
WOMEN-Graphic_Tees-id_00003825-01_4_full,id_00003825,WOMEN,Graphic_Tees,full,query,6350,This woman is wearing a sleeveless tank top with graphic patterns and a long pants. The tank top is with cotton fabric. The neckline of the tank top is crew. The pants are with leather fabric and solid color patterns. There is an accessory on her wrist. This female wears a pair of sunglasses. There is a ring on her finger.
WOMEN-Graphic_Tees-id_00003891-02_4_full,id_00003891,WOMEN,Graphic_Tees,full,query,6351,The person is wearing a long-sleeve sweater with graphic patterns and a three-point shorts. The sweater is with cotton fabric and its neckline is crew. The shorts are with cotton fabric and pure color patterns. The outer clothing is with knitting fabric and graphic patterns. The person is wearing leggings.
WOMEN-Graphic_Tees-id_00004233-01_4_full,id_00004233,WOMEN,Graphic_Tees,full,query,6359,"The shirt the lady wears has medium sleeves, its fabric is cotton, and it has graphic patterns. The shirt has a crew neckline. The lady wears a three-point shorts, with leather fabric and pure color patterns. The lady is wearing a pair of socks. This female wears a ring."
WOMEN-Graphic_Tees-id_00004355-01_4_full,id_00004355,WOMEN,Graphic_Tees,full,query,6363,"Her tank shirt has sleeves cut off, cotton fabric and graphic patterns. The neckline of it is round. This person wears a long pants. The pants are with leather fabric and solid color patterns. The lady wears a ring."
WOMEN-Graphic_Tees-id_00004416-01_4_full,id_00004416,WOMEN,Graphic_Tees,full,query,6366,This person is wearing a medium-sleeve shirt with graphic patterns. The shirt is with cotton fabric. It has a crew neckline. The trousers this person wears is of long length. The trousers are with denim fabric and solid color patterns. The outer clothing is with leather fabric and pure color patterns. There is a ring on her finger. There is clothing on her waist.
WOMEN-Graphic_Tees-id_00004417-01_4_full,id_00004417,WOMEN,Graphic_Tees,full,query,6367,The lady is wearing a short-sleeve T-shirt with graphic patterns and a long pants. The T-shirt is with cotton fabric and its neckline is crew. The pants are with denim fabric and pure color patterns. The outer clothing the female wears is with cotton fabric and color block patterns. There is an accessory on her wrist. The female wears a ring.
WOMEN-Graphic_Tees-id_00004539-01_4_full,id_00004539,WOMEN,Graphic_Tees,full,query,6371,"The upper clothing has sleeves cut off, cotton fabric and graphic patterns. It has a crew neckline. The lower clothing is of three-point length. The fabric is denim and it has pure color patterns. This woman wears a ring."
WOMEN-Graphic_Tees-id_00004853-02_7_additional,id_00004853,WOMEN,Graphic_Tees,additional,query,6378,The female is wearing a long-sleeve sweater with graphic patterns. The sweater is with cotton fabric and its neckline is round. The pants the female wears is of long length. The pants are with denim fabric and solid color patterns. The outer clothing this woman wears is with knitting fabric and complicated patterns. The female wears a ring. This lady has neckwear.
WOMEN-Graphic_Tees-id_00004875-01_4_full,id_00004875,WOMEN,Graphic_Tees,full,query,6381,This woman is wearing a short-sleeve T-shirt with striped patterns. The T-shirt is with cotton fabric. It has a round neckline. The trousers this woman wears is of long length. The trousers are with denim fabric and solid color patterns.
WOMEN-Graphic_Tees-id_00004901-01_4_full,id_00004901,WOMEN,Graphic_Tees,full,query,6382,"Her tank top has sleeves cut off, cotton fabric and graphic patterns. The neckline of it is round. This woman wears a long pants. The pants are with denim fabric and solid color patterns. This female has a hat in her head. There is an accessory in his her neck."
WOMEN-Graphic_Tees-id_00005300-02_4_full,id_00005300,WOMEN,Graphic_Tees,full,query,6391,"Her shirt has short sleeves, cotton fabric and graphic patterns. The neckline of it is round. The pants this person wears is of long length. The pants are with denim fabric and solid color patterns. This person wears a ring. The female wears sunglasses."
WOMEN-Graphic_Tees-id_00005622-01_4_full,id_00005622,WOMEN,Graphic_Tees,full,query,6397,"The upper clothing has sleeves cut off, cotton fabric and graphic patterns. It has a crew neckline. The lower clothing is of three-point length. The fabric is denim and it has solid color patterns. This person wears a ring."
WOMEN-Graphic_Tees-id_00005675-01_4_full,id_00005675,WOMEN,Graphic_Tees,full,query,6399,The lady is wearing a long-sleeve sweater with graphic patterns. The sweater is with cotton fabric and its neckline is crew. The shorts the lady wears is of three-point length. The shorts are with denim fabric and pure color patterns. The outer clothing is with knitting fabric and solid color patterns. There is an accessory on her wrist. This woman has neckwear. This female wears a ring.
WOMEN-Graphic_Tees-id_00005828-01_4_full,id_00005828,WOMEN,Graphic_Tees,full,query,6403,"The upper clothing has long sleeves, cotton fabric and graphic patterns. It has a crew neckline. The lower clothing is of three-point length. The fabric is leather and it has pure color patterns. The outer clothing the lady wears is with leather fabric and pure color patterns. There is an accessory on her wrist. There is a ring on her finger. The female wears a pair of socks."
WOMEN-Graphic_Tees-id_00005871-01_4_full,id_00005871,WOMEN,Graphic_Tees,full,query,6407,"The tank top this person wears has no sleeves, its fabric is cotton, and it has graphic patterns. The tank top has a round neckline. This person wears a three-point shorts, with denim fabric and pure color patterns. The lady wears a pair of socks. There is an accessory on her wrist."
WOMEN-Graphic_Tees-id_00006032-05_4_full,id_00006032,WOMEN,Graphic_Tees,full,query,6409,"The upper clothing has no sleeves, cotton fabric and graphic patterns. The neckline of it is crew. The lower clothing is of three-point length. The fabric is denim and it has solid color patterns. There is an accessory on her wrist. The female is wearing a pair of sunglasses. The lady has neckwear. This woman is wearing socks in shoes. The person wears a ring."
WOMEN-Graphic_Tees-id_00006273-01_4_full,id_00006273,WOMEN,Graphic_Tees,full,query,6419,The person is wearing a short-sleeve shirt with graphic patterns and a three-point shorts. The shirt is with cotton fabric and its neckline is round. The shorts are with denim fabric and pure color patterns. There is a ring on her finger. This woman has neckwear. There is an accessory on her wrist.
WOMEN-Graphic_Tees-id_00006278-01_4_full,id_00006278,WOMEN,Graphic_Tees,full,query,6420,This person is wearing a short-sleeve T-shirt with graphic patterns and a three-point shorts. The T-shirt is with cotton fabric and its neckline is crew. The shorts are with denim fabric and solid color patterns.
WOMEN-Graphic_Tees-id_00006415-01_4_full,id_00006415,WOMEN,Graphic_Tees,full,query,6422,This woman is wearing a tank tank shirt with graphic patterns and a three-point shorts. The tank shirt is with cotton fabric. The neckline of the tank shirt is crew. The shorts are with denim fabric and solid color patterns. This female wears a ring. This woman is wearing socks in shoes. There is an accessory on her wrist.
WOMEN-Graphic_Tees-id_00006883-01_4_full,id_00006883,WOMEN,Graphic_Tees,full,query,6431,"Her T-shirt has short sleeves, cotton fabric and graphic patterns. It has a round neckline. The shorts the female wears is of three-point length. The shorts are with denim fabric and pure color patterns. The female has neckwear. There is an accessory on her wrist. The female is wearing a ring on her finger."
WOMEN-Graphic_Tees-id_00007232-01_4_full,id_00007232,WOMEN,Graphic_Tees,full,query,6439,"The tank shirt this lady wears has no sleeves, its fabric is cotton, and it has graphic patterns. The tank shirt has a round neckline. This lady wears a long pants, with denim fabric and solid color patterns. There is a ring on her finger. There is clothing on her waist. There is an accessory on her wrist."
WOMEN-Graphic_Tees-id_00007242-01_4_full,id_00007242,WOMEN,Graphic_Tees,full,query,6440,The person is wearing a tank tank top with graphic patterns and a long pants. The tank top is with cotton fabric. The neckline of the tank top is crew. The pants are with leather fabric and pure color patterns. The lady wears a pair of sunglasses. This person is wearing a ring on her finger.
WOMEN-Graphic_Tees-id_00007251-01_4_full,id_00007251,WOMEN,Graphic_Tees,full,query,6441,This lady is wearing a short-sleeve T-shirt with graphic patterns. The T-shirt is with denim fabric and its neckline is crew. This lady wears a three-point pants. The pants are with denim fabric and pure color patterns. The outer clothing is with cotton fabric and floral patterns. The female has neckwear.
WOMEN-Graphic_Tees-id_00007355-01_4_full,id_00007355,WOMEN,Graphic_Tees,full,query,6443,This lady is wearing a tank tank shirt with graphic patterns and a long pants. The tank shirt is with cotton fabric. The neckline of the tank shirt is round. The pants are with denim fabric and solid color patterns. This woman is wearing a ring on her finger.
WOMEN-Graphic_Tees-id_00007436-01_4_full,id_00007436,WOMEN,Graphic_Tees,full,query,6444,The female wears a sleeveless tank shirt with graphic patterns. The tank shirt is with cotton fabric. It has a crew neckline. The female wears a three-point shorts. The shorts are with leather fabric and color block patterns. This woman is wearing socks in shoes. There is a ring on her finger.
WOMEN-Graphic_Tees-id_00007685-01_4_full,id_00007685,WOMEN,Graphic_Tees,full,query,6447,"The upper clothing has sleeves cut off, cotton fabric and graphic patterns. It has a round neckline. The lower clothing is of long length. The fabric is denim and it has pure color patterns. This person is wearing a ring on her finger. There is an accessory in his her neck. There is an accessory on her wrist."
WOMEN-Graphic_Tees-id_00007738-01_4_full,id_00007738,WOMEN,Graphic_Tees,full,query,6450,"The T-shirt the person wears has short sleeves and its fabric is cotton. The pattern of it is graphic. It has a round neckline. The person wears a long trousers, with denim fabric and solid color patterns. There is an accessory on her wrist."
WOMEN-Graphic_Tees-id_00007971-01_7_additional,id_00007971,WOMEN,Graphic_Tees,additional,query,6453,"Her shirt has medium sleeves, cotton fabric and graphic patterns. The neckline of it is round. This woman wears a three-point pants. The pants are with denim fabric and solid color patterns. The outer clothing is with chiffon fabric and floral patterns."
WOMEN-Jackets_Coats-id_00000054-01_7_additional,id_00000054,WOMEN,Jackets_Coats,additional,query,6456,"Her shirt has long sleeves, cotton fabric and pure color patterns. It has a stand neckline. The trousers this lady wears is of long length. The trousers are with chiffon fabric and solid color patterns. The outer clothing is with cotton fabric and solid color patterns. This woman has a hat in her head. This female wears a ring. There is an accessory in his her neck."
WOMEN-Jackets_Coats-id_00000058-02_4_full,id_00000058,WOMEN,Jackets_Coats,full,query,6457,"This woman is wearing a long-sleeve shirt with pure color patterns. The shirt is with cotton fabric and its neckline is round. The pants this woman wears is of three-point length. The pants are with denim fabric and solid color patterns. This person also wears an outer clothing, with cotton fabric and solid color patterns. There is a ring on her finger."
WOMEN-Jackets_Coats-id_00000119-02_4_full,id_00000119,WOMEN,Jackets_Coats,full,query,6460,"Her tank shirt has no sleeves, knitting fabric and graphic patterns. It has a suspenders neckline. The shorts this female wears is of three-point length. The shorts are with denim fabric and solid color patterns. This person is wearing a ring on her finger. There is an accessory in his her neck. There is an accessory on her wrist."
WOMEN-Jackets_Coats-id_00000260-02_4_full,id_00000260,WOMEN,Jackets_Coats,full,query,6475,The person wears a long-sleeve shirt with pure color patterns. The shirt is with cotton fabric. It has a round neckline. The person wears a long pants. The pants are with cotton fabric and pure color patterns. The outer clothing is with cotton fabric and solid color patterns. This lady is wearing a ring on her finger. There is an accessory on her wrist.
WOMEN-Jackets_Coats-id_00000324-01_1_front,id_00000324,WOMEN,Jackets_Coats,front,query,6484,"The sweater this lady wears has long sleeves, its fabric is chiffon, and it has solid color patterns. The sweater has a v-shape neckline. This lady wears a short pants, with cotton fabric and graphic patterns. This woman has a hat in her head."
WOMEN-Jackets_Coats-id_00000452-02_4_full,id_00000452,WOMEN,Jackets_Coats,full,query,6490,The lady wears a long-sleeve shirt with solid color patterns. The shirt is with cotton fabric. It has a v-shape neckline. The lady wears a long pants. The pants are with leather fabric and pure color patterns. The outer clothing is with cotton fabric and solid color patterns. There is a hat in her head. This woman wears a ring.
WOMEN-Jackets_Coats-id_00000515-02_4_full,id_00000515,WOMEN,Jackets_Coats,full,query,6493,This person wears a long-sleeve sweater with pure color patterns and a long pants. The sweater is with cotton fabric. The neckline of the sweater is crew. The pants are with denim fabric and solid color patterns. The outer clothing the female wears is with leather fabric and pure color patterns. There is a ring on her finger.
WOMEN-Jackets_Coats-id_00000517-01_7_additional,id_00000517,WOMEN,Jackets_Coats,additional,query,6494,"Her shirt has long sleeves, cotton fabric and pure color patterns. It has a crew neckline. The pants this lady wears is of three-point length. The pants are with cotton fabric and graphic patterns. The outer clothing is with cotton fabric and solid color patterns."
WOMEN-Jackets_Coats-id_00000517-02_7_additional,id_00000517,WOMEN,Jackets_Coats,additional,query,6495,"The shirt the lady wears has long sleeves and its fabric is cotton. The pattern of it is pure color. It has a round neckline. The lady wears a three-point shorts, with cotton fabric and graphic patterns. The outer clothing is with denim fabric and solid color patterns. This woman wears a pair of sunglasses."
WOMEN-Jackets_Coats-id_00000590-02_7_additional,id_00000590,WOMEN,Jackets_Coats,additional,query,6498,This lady wears a long-sleeve sweater with other patterns. The sweater is with other fabric. This lady wears a long trousers. The trousers are with denim fabric and pure color patterns. The outer clothing is with leather fabric and solid color patterns. The female is wearing a ring on her finger.
WOMEN-Jackets_Coats-id_00001136-02_4_full,id_00001136,WOMEN,Jackets_Coats,full,query,6526,"The tank top this lady wears has sleeves cut off and it is with cotton fabric and pure color patterns. The neckline of the tank top is crew. This lady wears a long trousers, with denim fabric and solid color patterns. The outer clothing the lady wears is with cotton fabric and pure color patterns. The person wears a ring. There is an accessory on her wrist. There is an accessory in his her neck."
WOMEN-Jackets_Coats-id_00001247-02_7_additional,id_00001247,WOMEN,Jackets_Coats,additional,query,6536,This woman wears a long-sleeve shirt with graphic patterns and a three-point pants. The shirt is with cotton fabric. The neckline of the shirt is round. The pants are with cotton fabric and solid color patterns. The outer clothing is with cotton fabric and other patterns. The female wears a ring.
WOMEN-Jackets_Coats-id_00001452-03_7_additional,id_00001452,WOMEN,Jackets_Coats,additional,query,6549,This lady wears a medium-sleeve shirt with striped patterns. The shirt is with cotton fabric. It has a round neckline. The pants this lady wears is of long length. The pants are with denim fabric and pure color patterns. The outer clothing the lady wears is with furry fabric and pure color patterns. This person wears a ring.
WOMEN-Jackets_Coats-id_00001461-02_7_additional,id_00001461,WOMEN,Jackets_Coats,additional,query,6550,The person is wearing a long-sleeve shirt with solid color patterns. The shirt is with cotton fabric. It has a round neckline. The person wears a three-point pants. The pants are with denim fabric and pure color patterns. The outer clothing the lady wears is with cotton fabric and pure color patterns. There is an accessory on her wrist. The lady is wearing a belt. There is an accessory in his her neck. This lady is wearing a hat.
WOMEN-Jackets_Coats-id_00001582-03_4_full,id_00001582,WOMEN,Jackets_Coats,full,query,6552,"The sweater this person wears has long sleeves and it is with cotton fabric and solid color patterns. The neckline of the sweater is crew. This person wears a long pants, with denim fabric and solid color patterns. The outer clothing this person wears is with cotton fabric and pure color patterns. This female has neckwear. There is a ring on her finger."
WOMEN-Jackets_Coats-id_00001673-01_7_additional,id_00001673,WOMEN,Jackets_Coats,additional,query,6555,This woman wears a medium-sleeve shirt with pure color patterns and a three-point shorts. The shirt is with cotton fabric. The neckline of the shirt is v-shape. The shorts are with cotton fabric and pure color patterns. The outer clothing is with cotton fabric and graphic patterns. There is a ring on her finger.
WOMEN-Jackets_Coats-id_00001684-02_7_additional,id_00001684,WOMEN,Jackets_Coats,additional,query,6557,This woman is wearing a long-sleeve sweater with graphic patterns. The sweater is with cotton fabric and its neckline is crew. The pants this woman wears is of three-point length. The pants are with cotton fabric and pure color patterns. The outer clothing is with cotton fabric and graphic patterns. There is an accessory on her wrist.
WOMEN-Jackets_Coats-id_00001935-02_7_additional,id_00001935,WOMEN,Jackets_Coats,additional,query,6574,This lady wears a long-sleeve shirt with other patterns and a three-point shorts. The shirt is with other fabric. The neckline of the shirt is round. The shorts are with cotton fabric and pure color patterns. The outer clothing the lady wears is with cotton fabric and color block patterns. This female is wearing a hat. This lady wears leggings.
WOMEN-Jackets_Coats-id_00002039-02_7_additional,id_00002039,WOMEN,Jackets_Coats,additional,query,6580,This woman is wearing a long-sleeve sweater with mixed patterns. The sweater is with other fabric. The trousers this woman wears is of long length. The trousers are with denim fabric and pure color patterns. The outer clothing is with cotton fabric and striped patterns.
WOMEN-Jackets_Coats-id_00002111-04_7_additional,id_00002111,WOMEN,Jackets_Coats,additional,query,6582,This lady wears a long-sleeve sweater with solid color patterns. The sweater is with cotton fabric. It has a stand neckline. This lady wears a three-point pants. The pants are with cotton fabric and solid color patterns. The outer clothing is with cotton fabric and complicated patterns. The lady is wearing leggings. This female is wearing a ring on her finger.
WOMEN-Jackets_Coats-id_00002302-02_4_full,id_00002302,WOMEN,Jackets_Coats,full,query,6588,"The sweater this lady wears has long sleeves, its fabric is cotton, and it has pure color patterns. This lady wears a long trousers, with leather fabric and pure color patterns. The outer clothing is with cotton fabric and pure color patterns. There is a ring on her finger."
WOMEN-Jackets_Coats-id_00002335-03_1_front,id_00002335,WOMEN,Jackets_Coats,front,query,6594,This female is wearing a long-sleeve shirt with pure color patterns. The shirt is with cotton fabric. It has a v-shape neckline. This female wears a long pants. The pants are with cotton fabric and pure color patterns. The female has a hat in her head. This person wears a ring. This woman has neckwear.
WOMEN-Jackets_Coats-id_00002335-04_1_front,id_00002335,WOMEN,Jackets_Coats,front,query,6595,"Her sweater has long sleeves, cotton fabric and pure color patterns. It has a lapel neckline. The outer clothing this person wears is with cotton fabric and pure color patterns. There is a hat in her head. There is a ring on her finger."
WOMEN-Jackets_Coats-id_00002396-01_4_full,id_00002396,WOMEN,Jackets_Coats,full,query,6597,"The shirt the female wears has long sleeves and its fabric is denim. The pattern of it is pure color. The female wears a three-point pants, with cotton fabric and solid color patterns. The lady also wears an outer clothing, with denim fabric and graphic patterns. This female has a hat in her head. There is a belt on her waist. There is a ring on her finger."
WOMEN-Jackets_Coats-id_00002599-01_7_additional,id_00002599,WOMEN,Jackets_Coats,additional,query,6607,"Her shirt has long sleeves, cotton fabric and solid color patterns. The neckline of it is round. This female wears a long pants. The pants are with denim fabric and pure color patterns. The person also wears an outer clothing, with furry fabric and pure color patterns. The person is wearing a ring on her finger."
WOMEN-Jackets_Coats-id_00002599-02_1_front,id_00002599,WOMEN,Jackets_Coats,front,query,6608,The female is wearing a long-sleeve sweater with solid color patterns. The sweater is with cotton fabric. It has a crew neckline. The female wears a three-point shorts. The shorts are with cotton fabric and pure color patterns. The outer clothing the person wears is with furry fabric and solid color patterns. This person wears a ring.
WOMEN-Jackets_Coats-id_00002636-02_7_additional,id_00002636,WOMEN,Jackets_Coats,additional,query,6611,The female wears a long-sleeve sweater with pure color patterns. The sweater is with cotton fabric. It has a stand neckline. The female wears a long trousers. The trousers are with denim fabric and pure color patterns. The outer clothing is with cotton fabric and pure color patterns. The female wears a ring.
WOMEN-Jackets_Coats-id_00002666-01_2_side,id_00002666,WOMEN,Jackets_Coats,side,query,6614,"The person wears a sleeveless tank top with solid color patterns and long pants. The tank top is with cotton fabric. The pants are with denim fabric and solid color patterns. The lady also wears an outer clothing, with cotton fabric and graphic patterns. There is an accessory on her wrist. The person is wearing a ring on her finger. This person wears a hat."
WOMEN-Jackets_Coats-id_00002666-01_4_full,id_00002666,WOMEN,Jackets_Coats,full,query,6615,"This person is wearing a sleeveless tank shirt with pure color patterns and a long pants. The tank shirt is with cotton fabric. The neckline of the tank shirt is crew. The pants are with denim fabric and pure color patterns. The female also wears an outer clothing, with cotton fabric and graphic patterns. There is an accessory in his her neck. There is an accessory on her wrist. This person is wearing a ring on her finger. This female has a hat in her head."
WOMEN-Jackets_Coats-id_00002850-02_1_front,id_00002850,WOMEN,Jackets_Coats,front,query,6622,The lady is wearing a long-sleeve shirt with striped patterns. The shirt is with cotton fabric. It has a stand neckline. The trousers the lady wears is of long length. The trousers are with cotton fabric and pure color patterns. The outer clothing is with cotton fabric and solid color patterns. There is a ring on her finger. This female wears sunglasses.
WOMEN-Jackets_Coats-id_00002999-01_4_full,id_00002999,WOMEN,Jackets_Coats,full,query,6631,"The sweater the female wears has long sleeves and it is with cotton fabric and pure color patterns. The neckline of the sweater is round. The female wears a long trousers, with cotton fabric and solid color patterns. The outer clothing the person wears is with cotton fabric and pure color patterns. The female is wearing a ring on her finger."
WOMEN-Jackets_Coats-id_00003379-04_4_full,id_00003379,WOMEN,Jackets_Coats,full,query,6649,"The upper clothing has long sleeves, cotton fabric and solid color patterns. It has a lapel neckline. The lower clothing is of long length. The fabric is denim and it has solid color patterns. The outer clothing this person wears is with leather fabric and solid color patterns. This person is wearing a ring on her finger."
WOMEN-Jackets_Coats-id_00003477-02_4_full,id_00003477,WOMEN,Jackets_Coats,full,query,6657,"The sweater the lady wears has long sleeves, its fabric is cotton, and it has pure color patterns. The sweater has a crew neckline. The lady wears a long pants, with cotton fabric and graphic patterns. The outer clothing is with cotton fabric and solid color patterns. There is an accessory on her wrist. There is an accessory in his her neck. The person wears a hat. This lady is wearing a ring on her finger."
WOMEN-Jackets_Coats-id_00003662-01_4_full,id_00003662,WOMEN,Jackets_Coats,full,query,6671,"This lady is wearing a long-sleeve shirt with solid color patterns and a long trousers. The shirt is with cotton fabric. The neckline of the shirt is crew. The trousers are with denim fabric and solid color patterns. This person also wears an outer clothing, with cotton fabric and solid color patterns."
WOMEN-Jackets_Coats-id_00003721-02_7_additional,id_00003721,WOMEN,Jackets_Coats,additional,query,6676,"This lady wears a long-sleeve sweater with pure color patterns and a long trousers. The sweater is with cotton fabric. The neckline of the sweater is round. The trousers are with denim fabric and solid color patterns. This woman also wears an outer clothing, with cotton fabric and solid color patterns. There is a ring on her finger. There is an accessory on her wrist."
WOMEN-Jackets_Coats-id_00003844-01_7_additional,id_00003844,WOMEN,Jackets_Coats,additional,query,6678,This woman wears a long-sleeve sweater with graphic patterns. The sweater is with cotton fabric. It has a stand neckline. This woman wears a three-point shorts. The shorts are with cotton fabric and graphic patterns. The outer clothing this female wears is with cotton fabric and pure color patterns. The person wears a ring.
WOMEN-Jackets_Coats-id_00003918-02_1_front,id_00003918,WOMEN,Jackets_Coats,front,query,6688,"This person wears a sleeveless tank top with solid color patterns and three-quarter pants. The tank top is with cotton fabric. The pants are with cotton fabric and solid color patterns. The person also wears an outer clothing, with cotton fabric and solid color patterns. This female has neckwear. There is an accessory on her wrist."
WOMEN-Jackets_Coats-id_00003918-02_7_additional,id_00003918,WOMEN,Jackets_Coats,additional,query,6689,The lady is wearing a short-sleeve shirt with solid color patterns and a three-quarter pants. The shirt is with cotton fabric. The pants are with cotton fabric and solid color patterns. The outer clothing is with cotton fabric and solid color patterns. There is an accessory on her wrist. There is an accessory in his her neck.
WOMEN-Jackets_Coats-id_00003942-02_4_full,id_00003942,WOMEN,Jackets_Coats,full,query,6690,"The shirt the female wears has medium sleeves and its fabric is cotton. The pattern of it is graphic. It has a v-shape neckline. The female wears a long trousers, with cotton fabric and graphic patterns. The outer clothing is with furry fabric and solid color patterns. The lady has neckwear. This woman wears a ring. The person wears a hat. There is an accessory on her wrist."
WOMEN-Jackets_Coats-id_00003978-02_4_full,id_00003978,WOMEN,Jackets_Coats,full,query,6691,"This lady wears a long-sleeve shirt with pure color patterns and a long trousers. The shirt is with cotton fabric. The neckline of the shirt is lapel. The trousers are with denim fabric and solid color patterns. The female also wears an outer clothing, with leather fabric and solid color patterns."
WOMEN-Jackets_Coats-id_00004004-05_4_full,id_00004004,WOMEN,Jackets_Coats,full,query,6694,"This lady wears a long-sleeve sweater with graphic patterns and long pants. The sweater is with cotton fabric and it has a stand neckline. The pants are with leather fabric and pure color patterns. The lady also wears an outer clothing, with cotton fabric and pure color patterns. There is a ring on her finger."
WOMEN-Jackets_Coats-id_00004065-02_4_full,id_00004065,WOMEN,Jackets_Coats,full,query,6699,"The shirt this lady wears has long sleeves, its fabric is cotton, and it has graphic patterns. The shirt has a crew neckline. This lady wears a long pants, with leather fabric and solid color patterns. This woman also wears an outer clothing, with cotton fabric and solid color patterns. There is a ring on her finger."
WOMEN-Jackets_Coats-id_00004155-02_7_additional,id_00004155,WOMEN,Jackets_Coats,additional,query,6702,This lady is wearing a long-sleeve shirt with mixed patterns. The shirt is with other fabric. This lady wears a three-point shorts. The shorts are with denim fabric and solid color patterns. The outer clothing this lady wears is with denim fabric and pure color patterns. There is an accessory on her wrist. The female is wearing a ring on her finger.
WOMEN-Jackets_Coats-id_00004301-02_1_front,id_00004301,WOMEN,Jackets_Coats,front,query,6714,This person wears a long-sleeve shirt with graphic patterns and a long trousers. The shirt is with chiffon fabric and its neckline is v-shape. The trousers are with chiffon fabric and pure color patterns. The outer clothing is with furry fabric and solid color patterns. This female wears a hat. This female is wearing leggings. There is a ring on her finger.
WOMEN-Jackets_Coats-id_00004385-03_4_full,id_00004385,WOMEN,Jackets_Coats,full,query,6716,"Her sweater has long sleeves, cotton fabric and graphic patterns. The neckline of it is round. The trousers this woman wears is of long length. The trousers are with denim fabric and solid color patterns. The person also wears an outer clothing, with cotton fabric and solid color patterns. The person is wearing a ring on her finger."
WOMEN-Jackets_Coats-id_00004455-01_4_full,id_00004455,WOMEN,Jackets_Coats,full,query,6719,"This lady wears a long-sleeve shirt with solid color patterns. The shirt is with cotton fabric. It has a round neckline. The pants this lady wears is of long length. The pants are with denim fabric and solid color patterns. This female also wears an outer clothing, with cotton fabric and solid color patterns. There is a ring on her finger. There is an accessory on her wrist."
WOMEN-Jackets_Coats-id_00004618-02_7_additional,id_00004618,WOMEN,Jackets_Coats,additional,query,6728,This lady is wearing a long-sleeve shirt with pure color patterns. The shirt is with cotton fabric. It has a crew neckline. This lady wears a long pants. The pants are with denim fabric and solid color patterns. The outer clothing is with cotton fabric and graphic patterns.
WOMEN-Jackets_Coats-id_00004802-02_4_full,id_00004802,WOMEN,Jackets_Coats,full,query,6734,"This lady wears a long-sleeve sweater with stripe patterns and a long pants. The sweater is with cotton fabric and its neckline is crew. The pants are with denim fabric and pure color patterns. This lady also wears an outer clothing, with denim fabric and solid color patterns. There is an accessory in his her neck."
WOMEN-Jackets_Coats-id_00004877-03_4_full,id_00004877,WOMEN,Jackets_Coats,full,query,6736,"Her sweater has long sleeves, cotton fabric and solid color patterns. It has a crew neckline. The pants this person wears is of long length. The pants are with denim fabric and pure color patterns. The lady also wears an outer clothing, with cotton fabric and pure color patterns. There is a ring on her finger. There is an accessory in his her neck."
WOMEN-Jackets_Coats-id_00004902-01_7_additional,id_00004902,WOMEN,Jackets_Coats,additional,query,6744,The person is wearing a long-sleeve sweater with pure color patterns and a long trousers. The sweater is with cotton fabric and its neckline is lapel. The trousers are with leather fabric and solid color patterns. The outer clothing is with cotton fabric and solid color patterns. There is a hat in her head. There is an accessory on her wrist. The lady wears a ring.
WOMEN-Jackets_Coats-id_00004902-02_7_additional,id_00004902,WOMEN,Jackets_Coats,additional,query,6745,This woman wears a long-sleeve shirt with pure color patterns. The shirt is with cotton fabric. It has a lapel neckline. The pants this woman wears is of long length. The pants are with leather fabric and solid color patterns. The outer clothing this lady wears is with cotton fabric and pure color patterns. There is a ring on her finger. There is an accessory on her wrist.
WOMEN-Jackets_Coats-id_00004999-02_7_additional,id_00004999,WOMEN,Jackets_Coats,additional,query,6751,This woman wears a long-sleeve shirt with solid color patterns. The shirt is with cotton fabric. This woman wears a long pants. The pants are with denim fabric and pure color patterns. The outer clothing this lady wears is with denim fabric and other patterns. This person wears a ring.
WOMEN-Jackets_Coats-id_00005234-04_4_full,id_00005234,WOMEN,Jackets_Coats,full,query,6767,"Her shirt has long sleeves, cotton fabric and solid color patterns. It has a round neckline. The pants the female wears is of long length. The pants are with denim fabric and solid color patterns. The outer clothing is with cotton fabric and pure color patterns. There is an accessory on her wrist. This woman is wearing a ring on her finger."
WOMEN-Jackets_Coats-id_00005252-01_4_full,id_00005252,WOMEN,Jackets_Coats,full,query,6768,"This lady is wearing a tank tank top with graphic patterns. The tank top is with cotton fabric. It has a v-shape neckline. This lady wears a three-point pants. The pants are with denim fabric and solid color patterns. This female also wears an outer clothing, with cotton fabric and complicated patterns. This female has neckwear. There is an accessory on her wrist. There is a ring on her finger."
WOMEN-Jackets_Coats-id_00005252-01_7_additional,id_00005252,WOMEN,Jackets_Coats,additional,query,6769,The person is wearing a sleeveless tank shirt with graphic patterns and a three-point shorts. The tank shirt is with cotton fabric and its neckline is v-shape. The shorts are with denim fabric and pure color patterns. The outer clothing this person wears is with cotton fabric and other patterns. The person has neckwear. There is an accessory on her wrist. This lady is wearing a ring on her finger.
WOMEN-Jackets_Coats-id_00005284-02_7_additional,id_00005284,WOMEN,Jackets_Coats,additional,query,6779,"Her shirt has long sleeves, cotton fabric and graphic patterns. The neckline of it is stand. This person wears a long trousers. The trousers are with denim fabric and solid color patterns. The outer clothing is with cotton fabric and plaid patterns. This female wears a ring."
WOMEN-Jackets_Coats-id_00005343-07_4_full,id_00005343,WOMEN,Jackets_Coats,full,query,6787,This woman wears a medium-sleeve shirt with solid color patterns and a long pants. The shirt is with cotton fabric. The neckline of the shirt is crew. The pants are with denim fabric and pure color patterns. The outer clothing is with cotton fabric and solid color patterns. There is a ring on her finger. There is an accessory in his her neck.
WOMEN-Jackets_Coats-id_00005411-02_4_full,id_00005411,WOMEN,Jackets_Coats,full,query,6792,The lady wears a long-sleeve sweater with pure color patterns and long trousers. The sweater is with cotton fabric and it has a lapel neckline. The trousers are with denim fabric and solid color patterns. The outer clothing is with leather fabric and solid color patterns. This woman is wearing a ring on her finger.
WOMEN-Jackets_Coats-id_00005412-03_7_additional,id_00005412,WOMEN,Jackets_Coats,additional,query,6793,The lady is wearing a long-sleeve sweater with pure color patterns and a long trousers. The sweater is with cotton fabric and its neckline is crew. The trousers are with denim fabric and pure color patterns. The outer clothing the female wears is with cotton fabric and pure color patterns. This person is wearing a ring on her finger. There is a belt on her waist.
WOMEN-Jackets_Coats-id_00005502-04_4_full,id_00005502,WOMEN,Jackets_Coats,full,query,6796,"The person is wearing a long-sleeve sweater with pure color patterns. The sweater is with chiffon fabric. It has a crew neckline. The person wears a long trousers. The trousers are with cotton fabric and solid color patterns. The lady also wears an outer clothing, with furry fabric and pure color patterns. The lady wears a ring. There is a hat in her head. This person is wearing a belt."
WOMEN-Jackets_Coats-id_00005587-05_7_additional,id_00005587,WOMEN,Jackets_Coats,additional,query,6798,"This woman is wearing a long-sleeve sweater with graphic patterns. The sweater is with cotton fabric. It has a v-shape neckline. The trousers this woman wears is of long length. The trousers are with denim fabric and solid color patterns. This lady also wears an outer clothing, with cotton fabric and solid color patterns. There is a ring on her finger."
WOMEN-Jackets_Coats-id_00005645-02_7_additional,id_00005645,WOMEN,Jackets_Coats,additional,query,6804,The lady is wearing a long-sleeve shirt with pure color patterns and a short shorts. The shirt is with cotton fabric. The neckline of the shirt is round. The shorts are with chiffon fabric and pure color patterns.
WOMEN-Jackets_Coats-id_00005665-02_4_full,id_00005665,WOMEN,Jackets_Coats,full,query,6807,"Her shirt has long sleeves, cotton fabric and pure color patterns. The neckline of it is round. The person wears a long trousers. The trousers are with cotton fabric and pure color patterns. The lady also wears an outer clothing, with cotton fabric and pure color patterns. There is a hat in her head. This female wears a ring. This female is wearing a pair of socks."
WOMEN-Jackets_Coats-id_00005670-02_4_full,id_00005670,WOMEN,Jackets_Coats,full,query,6808,"Her sweater has long sleeves, cotton fabric and pure color patterns. It has a round neckline. This person wears a long pants. The pants are with cotton fabric and pure color patterns. The outer clothing the female wears is with cotton fabric and pure color patterns. There is a ring on her finger. There is an accessory on her wrist."
WOMEN-Jackets_Coats-id_00005738-03_4_full,id_00005738,WOMEN,Jackets_Coats,full,query,6812,This female is wearing a long-sleeve sweater with pure color patterns. The sweater is with cotton fabric. It has a crew neckline. This female wears a three-point pants. The pants are with cotton fabric and solid color patterns. The outer clothing is with cotton fabric and solid color patterns. There is an accessory on her wrist. There is a ring on her finger.
WOMEN-Jackets_Coats-id_00005775-02_4_full,id_00005775,WOMEN,Jackets_Coats,full,query,6814,"Her shirt has long sleeves, knitting fabric and graphic patterns. It has a round neckline. The pants the female wears is of long length. The pants are with cotton fabric and solid color patterns. The outer clothing is with furry fabric and pure color patterns. There is a belt on her waist. There is a hat in her head. The female is wearing a ring on her finger."
WOMEN-Jackets_Coats-id_00005992-02_1_front,id_00005992,WOMEN,Jackets_Coats,front,query,6820,"Her sweater has long sleeves, cotton fabric and solid color patterns. It has a stand neckline. The trousers the female wears is of long length. The trousers are with cotton fabric and pure color patterns. The outer clothing is with leather fabric and pure color patterns. This woman wears a pair of sunglasses."
WOMEN-Jackets_Coats-id_00006009-02_1_front,id_00006009,WOMEN,Jackets_Coats,front,query,6821,This female is wearing a long-sleeve sweater with pure color patterns. The sweater is with cotton fabric. It has a round neckline. This female wears a long trousers. The trousers are with denim fabric and stripe patterns. The outer clothing this woman wears is with denim fabric and pure color patterns. There is clothing on her waist. The person is wearing a ring on her finger.
WOMEN-Jackets_Coats-id_00006162-02_4_full,id_00006162,WOMEN,Jackets_Coats,full,query,6830,The person is wearing a long-sleeve sweater with graphic patterns and a three-point shorts. The sweater is with cotton fabric and its neckline is crew. The shorts are with cotton fabric and lattice patterns. The outer clothing is with cotton fabric and color block patterns. The female is wearing leggings. This person wears a ring. There is an accessory on her wrist.
WOMEN-Jackets_Coats-id_00006258-02_1_front,id_00006258,WOMEN,Jackets_Coats,front,query,6835,"The sweater the female wears has long sleeves and its fabric is chiffon. The pattern of it is pure color. It has a round neckline. The female wears a long trousers, with leather fabric and solid color patterns. The outer clothing is with furry fabric and pure color patterns. There is a ring on her finger."
WOMEN-Jackets_Coats-id_00006393-01_4_full,id_00006393,WOMEN,Jackets_Coats,full,query,6848,This person wears a long-sleeve shirt with solid color patterns. The shirt is with cotton fabric. It has a crew neckline. This person wears a three-point pants. The pants are with denim fabric and pure color patterns. The outer clothing this person wears is with cotton fabric and solid color patterns. There is an accessory on her wrist.
WOMEN-Jackets_Coats-id_00006443-02_7_additional,id_00006443,WOMEN,Jackets_Coats,additional,query,6850,The person is wearing a long-sleeve shirt with solid color patterns. The shirt is with cotton fabric. The person wears a long pants. The pants are with cotton fabric and solid color patterns. The outer clothing is with cotton fabric and pure color patterns. The person is wearing a hat. There is a ring on her finger.
WOMEN-Jackets_Coats-id_00006498-02_4_full,id_00006498,WOMEN,Jackets_Coats,full,query,6855,This person wears a short-sleeve shirt with graphic patterns and a long pants. The shirt is with cotton fabric and its neckline is round. The pants are with denim fabric and solid color patterns. The outer clothing is with denim fabric and pure color patterns. This woman wears a ring. There is an accessory on her wrist.
WOMEN-Jackets_Coats-id_00006819-02_7_additional,id_00006819,WOMEN,Jackets_Coats,additional,query,6876,This person is wearing a long-sleeve sweater with pure color patterns and a long pants. The sweater is with cotton fabric. The neckline of the sweater is crew. The pants are with denim fabric and solid color patterns. The outer clothing this person wears is with denim fabric and pure color patterns. This female has a hat in her head. The female wears a ring.
WOMEN-Jackets_Coats-id_00006928-02_7_additional,id_00006928,WOMEN,Jackets_Coats,additional,query,6886,"The person wears a long-sleeve sweater with complicated patterns and a three-point pants. The sweater is with cotton fabric. The neckline of the sweater is crew. The pants are with cotton fabric and other patterns. The lady also wears an outer clothing, with furry fabric and solid color patterns."
WOMEN-Jackets_Coats-id_00006935-01_7_additional,id_00006935,WOMEN,Jackets_Coats,additional,query,6887,The person wears a long-sleeve sweater with pure color patterns and a three-point shorts. The sweater is with cotton fabric and its neckline is crew. The shorts are with denim fabric and solid color patterns. The outer clothing is with cotton fabric and pure color patterns. This female has neckwear. The lady wears a ring.
WOMEN-Jackets_Coats-id_00007186-03_1_front,id_00007186,WOMEN,Jackets_Coats,front,query,6910,This lady is wearing a long-sleeve sweater with solid color patterns and a long pants. The sweater is with cotton fabric and its neckline is lapel. The pants are with denim fabric and color block patterns. The outer clothing this lady wears is with cotton fabric and pure color patterns. There is a ring on her finger.
WOMEN-Jackets_Coats-id_00007186-04_7_additional,id_00007186,WOMEN,Jackets_Coats,additional,query,6911,This female is wearing a long-sleeve shirt with solid color patterns and a long pants. The shirt is with cotton fabric. The neckline of the shirt is v-shape. The pants are with denim fabric and color block patterns. The outer clothing this lady wears is with cotton fabric and solid color patterns. There is a ring on her finger.
WOMEN-Jackets_Coats-id_00007263-02_4_full,id_00007263,WOMEN,Jackets_Coats,full,query,6913,"The sweater this woman wears has long sleeves and its fabric is cotton. The pattern of it is pure color. It has a crew neckline. This woman wears a long pants, with denim fabric and solid color patterns. The outer clothing this person wears is with denim fabric and graphic patterns. The person wears a ring."
WOMEN-Jackets_Coats-id_00007298-02_1_front,id_00007298,WOMEN,Jackets_Coats,front,query,6915,This female is wearing a long-sleeve shirt with pure color patterns. The shirt is with cotton fabric and its neckline is crew. This female wears a three-point pants. The pants are with cotton fabric and pure color patterns. The outer clothing this person wears is with cotton fabric and complicated patterns. This female wears a hat. There is an accessory on her wrist. This female wears a ring.
WOMEN-Jackets_Coats-id_00007316-01_7_additional,id_00007316,WOMEN,Jackets_Coats,additional,query,6916,"The shirt the person wears has long sleeves and it is with cotton fabric and solid color patterns. The neckline of the shirt is round. The person wears a three-point shorts, with cotton fabric and solid color patterns. This female also wears an outer clothing, with cotton fabric and pure color patterns. The lady wears a ring."
WOMEN-Jackets_Coats-id_00007316-02_7_additional,id_00007316,WOMEN,Jackets_Coats,additional,query,6917,The lady is wearing a long-sleeve sweater with graphic patterns and a long trousers. The sweater is with cotton fabric. The neckline of the sweater is round. The trousers are with denim fabric and solid color patterns. The outer clothing is with cotton fabric and pure color patterns. This person wears a ring.
WOMEN-Jackets_Coats-id_00007450-02_1_front,id_00007450,WOMEN,Jackets_Coats,front,query,6923,"Her T-shirt has short sleeves, cotton fabric and pure color patterns. The neckline of it is lapel. The trousers this lady wears is of long length. The trousers are with denim fabric and pure color patterns. The person also wears an outer clothing, with denim fabric and solid color patterns. There is a ring on her finger. There is an accessory on her wrist."
WOMEN-Jackets_Coats-id_00007577-01_4_full,id_00007577,WOMEN,Jackets_Coats,full,query,6929,"The upper clothing has long sleeves, cotton fabric and solid color patterns. The lower clothing is of long length. The fabric is cotton and it has pure color patterns. The outer clothing this female wears is with cotton fabric and color block patterns. This lady is wearing a ring on her finger. There is a hat in her head. This woman wears sunglasses."
WOMEN-Jackets_Coats-id_00007580-01_7_additional,id_00007580,WOMEN,Jackets_Coats,additional,query,6930,"The sweater this lady wears has long sleeves, its fabric is cotton, and it has pure color patterns. The sweater has a round neckline. This lady wears a three-point shorts, with cotton fabric and pure color patterns. This woman also wears an outer clothing, with furry fabric and other patterns. This person is wearing socks in shoes. There is a ring on her finger."
WOMEN-Jackets_Coats-id_00007623-01_7_additional,id_00007623,WOMEN,Jackets_Coats,additional,query,6934,"The sweater the female wears has long sleeves, its fabric is cotton, and it has other patterns. The female wears a long pants, with denim fabric and solid color patterns. This woman wears a ring."
WOMEN-Jackets_Coats-id_00007630-02_7_additional,id_00007630,WOMEN,Jackets_Coats,additional,query,6935,The lady is wearing a long-sleeve shirt with striped patterns. The shirt is with cotton fabric and its neckline is crew. The trousers the lady wears is of long length. The trousers are with denim fabric and pure color patterns. The outer clothing is with denim fabric and solid color patterns. This lady wears a ring. There is an accessory on her wrist.
WOMEN-Jackets_Coats-id_00007722-02_7_additional,id_00007722,WOMEN,Jackets_Coats,additional,query,6940,This person is wearing a long-sleeve sweater with pure color patterns and a long pants. The sweater is with knitting fabric and its neckline is round. The pants are with denim fabric and solid color patterns. The outer clothing is with cotton fabric and solid color patterns. There is an accessory on her wrist. This person is wearing a ring on her finger.
WOMEN-Jackets_Coats-id_00007734-01_7_additional,id_00007734,WOMEN,Jackets_Coats,additional,query,6941,"Her sweater has long sleeves, cotton fabric and solid color patterns. The neckline of it is crew. The lady wears a three-point pants. The pants are with cotton fabric and pure color patterns. The outer clothing is with cotton fabric and solid color patterns. The lady wears a ring. This lady is wearing a pair of socks. This lady wears a belt."
WOMEN-Jackets_Coats-id_00007776-02_7_additional,id_00007776,WOMEN,Jackets_Coats,additional,query,6943,This person is wearing a long-sleeve shirt with striped patterns. The shirt is with cotton fabric. It has a round neckline. The trousers this person wears is of long length. The trousers are with denim fabric and solid color patterns. The outer clothing is with cotton fabric and pure color patterns. This lady wears a belt. There is a ring on her finger.
WOMEN-Jackets_Coats-id_00007954-02_7_additional,id_00007954,WOMEN,Jackets_Coats,additional,query,6959,The person wears a long-sleeve sweater with solid color patterns and a long trousers. The sweater is with cotton fabric. The neckline of the sweater is round. The trousers are with denim fabric and solid color patterns. The outer clothing is with cotton fabric and pure color patterns. This woman is wearing a pair of socks.
WOMEN-Jackets_Coats-id_00007977-02_4_full,id_00007977,WOMEN,Jackets_Coats,full,query,6960,"The shirt the lady wears has long sleeves and its fabric is cotton. The pattern of it is solid color. The lady wears a long pants, with leather fabric and solid color patterns. This person wears a ring. There is a hat in her head."
WOMEN-Leggings-id_00001063-01_1_front,id_00001063,WOMEN,Leggings,front,query,6989,"The upper clothing has short sleeves, chiffon fabric and graphic patterns. The neckline of it is round. The lower clothing is of long length. The fabric is denim and it has pure color patterns. This female wears a ring. There is an accessory on her wrist."
WOMEN-Leggings-id_00001256-01_1_front,id_00001256,WOMEN,Leggings,front,query,6990,This woman wears a short-sleeve T-shirt with lattice patterns. The T-shirt is with cotton fabric. It has a crew neckline. The trousers this woman wears is of long length. The trousers are with denim fabric and solid color patterns. There is an accessory on her wrist. There is a ring on her finger.
WOMEN-Leggings-id_00001449-01_1_front,id_00001449,WOMEN,Leggings,front,query,6997,This woman is wearing a tank tank shirt with plaid patterns and a long trousers. The tank shirt is with cotton fabric and its neckline is lapel. The trousers are with denim fabric and solid color patterns. This female has neckwear. There is a ring on her finger.
WOMEN-Leggings-id_00002095-02_4_full,id_00002095,WOMEN,Leggings,full,query,7006,The female is wearing a long-sleeve sweater with solid color patterns. The sweater is with knitting fabric and its neckline is crew. The female wears a long trousers. The trousers are with denim fabric and pure color patterns. The outer clothing is with leather fabric and pure color patterns.
WOMEN-Leggings-id_00002368-01_1_front,id_00002368,WOMEN,Leggings,front,query,7010,This person wears a long-sleeve sweater with stripe patterns and a long pants. The sweater is with cotton fabric. The neckline of the sweater is round. The pants are with denim fabric and pure color patterns.
WOMEN-Leggings-id_00002463-03_4_full,id_00002463,WOMEN,Leggings,full,query,7012,"The shirt this female wears has long sleeves and it is with knitting fabric and pure color patterns. The neckline of the shirt is round. This female wears a long trousers, with denim fabric and solid color patterns."
WOMEN-Leggings-id_00002674-01_1_front,id_00002674,WOMEN,Leggings,front,query,7015,This female wears a tank tank shirt with solid color patterns and a long trousers. The tank shirt is with knitting fabric. The neckline of the tank shirt is suspenders. The trousers are with denim fabric and pure color patterns. There is a hat in her head. This woman is wearing a ring on her finger. There is an accessory in his her neck.
WOMEN-Leggings-id_00002945-01_1_front,id_00002945,WOMEN,Leggings,front,query,7018,This lady is wearing a short-sleeve shirt with graphic patterns. The shirt is with cotton fabric and its neckline is round. This lady wears a long pants. The pants are with denim fabric and pure color patterns.
WOMEN-Leggings-id_00004722-01_1_front,id_00004722,WOMEN,Leggings,front,query,7037,This female is wearing a long-sleeve sweater with lattice patterns. The sweater is with cotton fabric. It has a lapel neckline. The trousers this female wears is of long length. The trousers are with denim fabric and solid color patterns.
WOMEN-Leggings-id_00006133-01_4_full,id_00006133,WOMEN,Leggings,full,query,7043,The person is wearing a long-sleeve shirt with floral patterns. The shirt is with cotton fabric. The person wears a long pants. The pants are with cotton fabric and pure color patterns. The outer clothing is with leather fabric and pure color patterns. The female is wearing a ring on her finger. There is an accessory on her wrist. This person wears sunglasses. There is a hat in her head.
WOMEN-Leggings-id_00006176-01_1_front,id_00006176,WOMEN,Leggings,front,query,7044,"The upper clothing has long sleeves, cotton fabric and pure color patterns. The neckline of it is round. The lower clothing is of long length. The fabric is denim and it has color block patterns. The outer clothing this woman wears is with cotton fabric and pure color patterns. The person is wearing a ring on her finger. There is a hat in her head."
WOMEN-Pants-id_00000052-03_4_full,id_00000052,WOMEN,Pants,full,query,7053,"The tank shirt the person wears has sleeves cut off and it is with cotton fabric and pure color patterns. The neckline of the tank shirt is suspenders. The person wears a long pants, with cotton fabric and pure color patterns. There is an accessory on her wrist. The person wears a ring."
WOMEN-Pants-id_00000338-02_1_front,id_00000338,WOMEN,Pants,front,query,7063,This female wears a long-sleeve sweater with pure color patterns and a long pants. The sweater is with cotton fabric and its neckline is crew. The pants are with denim fabric and pure color patterns. There is an accessory on her wrist. The person is wearing a hat. This person is wearing a ring on her finger.
WOMEN-Pants-id_00000499-01_1_front,id_00000499,WOMEN,Pants,front,query,7070,"The tank shirt the person wears has no sleeves and its fabric is cotton. The pattern of it is pure color. It has a round neckline. The person wears a long pants, with cotton fabric and graphic patterns."
WOMEN-Pants-id_00000571-03_7_additional,id_00000571,WOMEN,Pants,additional,query,7071,This female is wearing a sleeveless tank top with pure color patterns. The tank top is with cotton fabric. It has a suspenders neckline. This female wears a long trousers. The trousers are with cotton fabric and solid color patterns. This person is wearing a ring on her finger. The female has neckwear. There is a belt on her waist.
WOMEN-Pants-id_00000730-02_1_front,id_00000730,WOMEN,Pants,front,query,7074,"The shirt this female wears has long sleeves, its fabric is cotton, and it has solid color patterns. The shirt has a round neckline. This female wears a long pants, with cotton fabric and other patterns. The outer clothing the person wears is with leather fabric and solid color patterns. The female wears a ring."
WOMEN-Pants-id_00000908-02_1_front,id_00000908,WOMEN,Pants,front,query,7080,"The tank shirt the lady wears has sleeves cut off, its fabric is cotton, and it has solid color patterns. The tank shirt has a crew neckline. The lady wears a long trousers, with cotton fabric and pure color patterns. The female has a hat in her head. There is an accessory on her wrist. This lady wears a ring."
WOMEN-Pants-id_00001017-02_1_front,id_00001017,WOMEN,Pants,front,query,7084,"The shirt the person wears has long sleeves and it is with cotton fabric and striped patterns. The neckline of the shirt is stand. The person wears a long pants, with cotton fabric and solid color patterns. This woman also wears an outer clothing, with cotton fabric and solid color patterns."
WOMEN-Pants-id_00001236-02_4_full,id_00001236,WOMEN,Pants,full,query,7090,This lady wears a short-sleeve shirt with solid color patterns and a long pants. The shirt is with cotton fabric and its neckline is round. The pants are with cotton fabric and graphic patterns.
WOMEN-Pants-id_00001272-03_1_front,id_00001272,WOMEN,Pants,front,query,7093,This lady is wearing a sleeveless tank shirt with graphic patterns. The tank shirt is with cotton fabric. It has a suspenders neckline. The trousers this lady wears is of long length. The trousers are with cotton fabric and graphic patterns. This person has neckwear. There is an accessory on her wrist. This female is wearing a ring on her finger.
WOMEN-Pants-id_00001423-02_1_front,id_00001423,WOMEN,Pants,front,query,7101,The lady is wearing a sleeveless tank shirt with pure color patterns and a long pants. The tank shirt is with cotton fabric. The neckline of the tank shirt is suspenders. The pants are with cotton fabric and floral patterns. There is an accessory on her wrist. The female is wearing a ring on her finger. The lady has neckwear.
WOMEN-Pants-id_00001589-02_1_front,id_00001589,WOMEN,Pants,front,query,7111,"This lady wears a short-sleeve shirt with solid color patterns and long trousers. The shirt is with cotton fabric and it has a v-shape neckline. The trousers are with cotton fabric and graphic patterns. This female also wears an outer clothing, with knitting fabric and solid color patterns. There is an accessory in his her neck. There is a ring on her finger. There is an accessory on her wrist."
WOMEN-Pants-id_00001589-02_7_additional,id_00001589,WOMEN,Pants,additional,query,7112,"Her tank shirt has sleeves cut off, cotton fabric and solid color patterns. It has a v-shape neckline. This woman wears a long trousers. The trousers are with cotton fabric and graphic patterns. This woman has neckwear. There is an accessory on her wrist."
WOMEN-Pants-id_00001597-02_1_front,id_00001597,WOMEN,Pants,front,query,7113,"The sweater this woman wears has long sleeves, its fabric is cotton, and it has solid color patterns. The sweater has a crew neckline. This woman wears a long pants, with cotton fabric and solid color patterns. The outer clothing is with cotton fabric and solid color patterns. There is an accessory on her wrist. The female wears a ring."
WOMEN-Pants-id_00001597-03_1_front,id_00001597,WOMEN,Pants,front,query,7114,The female is wearing a sleeveless tank shirt with pure color patterns and a long trousers. The tank shirt is with cotton fabric. The neckline of the tank shirt is crew. The trousers are with cotton fabric and pure color patterns. There is an accessory on her wrist. There is a ring on her finger.
WOMEN-Pants-id_00001929-02_1_front,id_00001929,WOMEN,Pants,front,query,7136,This woman is wearing a tank tank shirt with graphic patterns and a long pants. The tank shirt is with cotton fabric. The neckline of the tank shirt is suspenders. The pants are with cotton fabric and graphic patterns. There is an accessory on her wrist. The person wears a ring. This woman has neckwear.
WOMEN-Pants-id_00002199-03_1_front,id_00002199,WOMEN,Pants,front,query,7157,This lady wears a sleeveless tank top with pure color patterns. The tank top is with cotton fabric. It has a suspenders neckline. This lady wears a long pants. The pants are with cotton fabric and graphic patterns. There is an accessory in his her neck. The person is wearing a ring on her finger.
WOMEN-Pants-id_00002199-04_1_front,id_00002199,WOMEN,Pants,front,query,7158,The female is wearing a sleeveless tank top with pure color patterns. The tank top is with cotton fabric and its neckline is round. The female wears a long pants. The pants are with cotton fabric and graphic patterns. There is an accessory in his her neck. The lady wears a ring.
WOMEN-Pants-id_00002213-02_1_front,id_00002213,WOMEN,Pants,front,query,7159,This female wears a tank tank shirt with solid color patterns and a long trousers. The tank shirt is with cotton fabric. The neckline of the tank shirt is crew. The trousers are with cotton fabric and graphic patterns. There is an accessory on her wrist. There is a ring on her finger. This person has neckwear.
WOMEN-Pants-id_00002469-03_1_front,id_00002469,WOMEN,Pants,front,query,7173,"The tank shirt the female wears has sleeves cut off and its fabric is cotton. The pattern of it is pure color. It has a round neckline. The female wears a long pants, with denim fabric and solid color patterns. There is an accessory in his her neck. There is an accessory on her wrist. This person is wearing a ring on her finger."
WOMEN-Pants-id_00002469-04_1_front,id_00002469,WOMEN,Pants,front,query,7174,The female wears a sleeveless tank top with pure color patterns. The tank top is with cotton fabric. It has a round neckline. The pants the female wears is of long length. The pants are with denim fabric and solid color patterns. There is an accessory on her wrist. The person has neckwear. This female is wearing a ring on her finger.
WOMEN-Pants-id_00002469-05_1_front,id_00002469,WOMEN,Pants,front,query,7175,This woman is wearing a tank tank top with pure color patterns. The tank top is with cotton fabric. It has a crew neckline. The pants this woman wears is of long length. The pants are with denim fabric and pure color patterns. This person wears a ring. There is an accessory in his her neck. There is an accessory on her wrist.
WOMEN-Pants-id_00002688-04_4_full,id_00002688,WOMEN,Pants,full,query,7186,This woman is wearing a long-sleeve shirt with pure color patterns. The shirt is with cotton fabric and its neckline is crew. The pants this woman wears is of long length. The pants are with cotton fabric and graphic patterns. The lady wears a ring. The lady has neckwear.
WOMEN-Pants-id_00002688-05_4_full,id_00002688,WOMEN,Pants,full,query,7187,This lady is wearing a long-sleeve shirt with solid color patterns. The shirt is with cotton fabric and its neckline is round. This lady wears a long trousers. The trousers are with cotton fabric and graphic patterns. This female wears a hat. The female wears a ring. This woman has neckwear.
WOMEN-Pants-id_00002688-06_4_full,id_00002688,WOMEN,Pants,full,query,7188,"Her shirt has long sleeves, cotton fabric and pure color patterns. It has a round neckline. This person wears a long pants. The pants are with cotton fabric and graphic patterns. This lady has neckwear. There is a ring on her finger."
WOMEN-Pants-id_00002907-01_1_front,id_00002907,WOMEN,Pants,front,query,7206,The lady is wearing a long-sleeve sweater with pure color patterns and a long pants. The sweater is with cotton fabric and its neckline is round. The pants are with cotton fabric and pure color patterns. There is a ring on her finger.
WOMEN-Pants-id_00002946-02_4_full,id_00002946,WOMEN,Pants,full,query,7211,This person wears a short-sleeve shirt with graphic patterns and a long trousers. The shirt is with cotton fabric. The trousers are with cotton fabric and graphic patterns. There is an accessory in his her neck.
WOMEN-Pants-id_00003111-02_1_front,id_00003111,WOMEN,Pants,front,query,7224,The lady is wearing a medium-sleeve shirt with pure color patterns. The shirt is with cotton fabric. It has a crew neckline. The lady wears a long pants. The pants are with cotton fabric and pure color patterns. The outer clothing this woman wears is with denim fabric and pure color patterns. There is an accessory on her wrist. This woman wears a ring.
WOMEN-Pants-id_00003133-02_1_front,id_00003133,WOMEN,Pants,front,query,7225,"Her sweater has long sleeves, cotton fabric and solid color patterns. The person wears a long pants. The pants are with cotton fabric and solid color patterns. The outer clothing this woman wears is with cotton fabric and plaid patterns. There is a ring on her finger. This female has a hat in her head. There is an accessory on her wrist."
WOMEN-Pants-id_00003236-04_1_front,id_00003236,WOMEN,Pants,front,query,7236,"The shirt this lady wears has short sleeves and its fabric is cotton. The pattern of it is pure color. It has a round neckline. This lady wears a long pants, with cotton fabric and graphic patterns. There is a ring on her finger. There is an accessory on her wrist."
WOMEN-Pants-id_00003450-02_1_front,id_00003450,WOMEN,Pants,front,query,7254,"Her sweater has long sleeves, cotton fabric and pure color patterns. The neckline of it is round. The lady wears a long trousers. The trousers are with denim fabric and solid color patterns. This woman has neckwear. There is a ring on her finger."
WOMEN-Pants-id_00003843-02_1_front,id_00003843,WOMEN,Pants,front,query,7275,"Her tank top has no sleeves, cotton fabric and pure color patterns. It has a v-shape neckline. This woman wears a long trousers. The trousers are with cotton fabric and striped patterns. There is an accessory on her wrist. This lady wears a ring."
WOMEN-Pants-id_00004003-03_1_front,id_00004003,WOMEN,Pants,front,query,7291,"Her tank top has sleeves cut off, cotton fabric and solid color patterns. The neckline of it is suspenders. The trousers the lady wears is of long length. The trousers are with cotton fabric and graphic patterns. This woman has neckwear. This lady wears a ring."
WOMEN-Pants-id_00004121-02_1_front,id_00004121,WOMEN,Pants,front,query,7305,"The upper clothing has long sleeves, cotton fabric and pure color patterns. The neckline of it is round. The lower clothing is of long length. The fabric is cotton and it has other patterns. This lady also wears an outer clothing, with denim fabric and pure color patterns. There is an accessory on her wrist. There is an accessory in his her neck."
WOMEN-Pants-id_00004264-01_1_front,id_00004264,WOMEN,Pants,front,query,7316,The female wears a short-sleeve shirt with graphic patterns and a long pants. The shirt is with cotton fabric. The neckline of the shirt is round. The pants are with cotton fabric and pure color patterns.
WOMEN-Pants-id_00004264-02_1_front,id_00004264,WOMEN,Pants,front,query,7317,"The T-shirt the lady wears has short sleeves and its fabric is cotton. The pattern of it is graphic. It has a crew neckline. The lady wears a long trousers, with cotton fabric and solid color patterns."
WOMEN-Pants-id_00004323-02_7_additional,id_00004323,WOMEN,Pants,additional,query,7321,The female is wearing a short-sleeve T-shirt with solid color patterns. The T-shirt is with cotton fabric and its neckline is round. The female wears a three-quarter trousers. The trousers are with cotton fabric and graphic patterns. This person wears a ring.
WOMEN-Pants-id_00004377-03_1_front,id_00004377,WOMEN,Pants,front,query,7322,This lady wears a medium-sleeve shirt with pure color patterns and a long pants. The shirt is with cotton fabric. The neckline of the shirt is lapel. The pants are with cotton fabric and color block patterns. This person is wearing a ring on her finger. There is an accessory on her wrist. This female has neckwear.
WOMEN-Pants-id_00004506-02_1_front,id_00004506,WOMEN,Pants,front,query,7325,"This person wears a medium-sleeve shirt with solid color patterns. The shirt is with cotton fabric. It has a round neckline. This person wears a long pants. The pants are with cotton fabric and other patterns. The female also wears an outer clothing, with cotton fabric and solid color patterns. The person is wearing a ring on her finger. There is an accessory on her wrist."
WOMEN-Pants-id_00005088-02_1_front,id_00005088,WOMEN,Pants,front,query,7351,"The shirt this person wears has medium sleeves and it is with cotton fabric and solid color patterns. The neckline of the shirt is crew. This person wears a long trousers, with cotton fabric and graphic patterns. The female is wearing a ring on her finger."
WOMEN-Pants-id_00005122-01_1_front,id_00005122,WOMEN,Pants,front,query,7352,This woman wears a sleeveless tank top with pure color patterns and a long trousers. The tank top is with cotton fabric and its neckline is crew. The trousers are with cotton fabric and graphic patterns. There is an accessory on her wrist. There is a ring on her finger.
WOMEN-Pants-id_00005171-01_1_front,id_00005171,WOMEN,Pants,front,query,7353,The lady is wearing a long-sleeve sweater with solid color patterns. The sweater is with cotton fabric. It has a crew neckline. The lady wears a three-quarter trousers. The trousers are with cotton fabric and stripe patterns. The outer clothing this person wears is with denim fabric and pure color patterns.
WOMEN-Pants-id_00005487-02_1_front,id_00005487,WOMEN,Pants,front,query,7370,"Her sweater has long sleeves, cotton fabric and solid color patterns. It has a crew neckline. The person wears a long trousers. The trousers are with cotton fabric and pure color patterns."
WOMEN-Pants-id_00005705-02_1_front,id_00005705,WOMEN,Pants,front,query,7382,This female is wearing a sleeveless tank shirt with solid color patterns. The tank shirt is with cotton fabric. It has a suspenders neckline. The pants this female wears is of three-quarter length. The pants are with cotton fabric and pure color patterns. The lady wears a belt. There is a ring on her finger. The person is wearing a pair of sunglasses. There is an accessory on her wrist.
WOMEN-Pants-id_00005705-03_1_front,id_00005705,WOMEN,Pants,front,query,7383,This person wears a tank tank shirt with solid color patterns and three-quarter trousers. The tank shirt is with cotton fabric. The trousers are with cotton fabric and solid color patterns. This person is wearing a belt. There is an accessory on her wrist. This woman is wearing sunglasses.
WOMEN-Pants-id_00005914-04_1_front,id_00005914,WOMEN,Pants,front,query,7393,"The upper clothing has medium sleeves, cotton fabric and pure color patterns. It has a round neckline. The lower clothing is of long length. The fabric is cotton and it has pure color patterns. The outer clothing this person wears is with knitting fabric and solid color patterns. There is an accessory on her wrist. This lady has neckwear. The person wears a hat. The female wears a ring."
WOMEN-Pants-id_00006105-02_1_front,id_00006105,WOMEN,Pants,front,query,7411,The lady wears a short-sleeve shirt with pure color patterns. The shirt is with cotton fabric. It has a round neckline. The pants the lady wears is of three-quarter length. The pants are with cotton fabric and solid color patterns. This female is wearing a pair of sunglasses. This female wears a ring. There is an accessory on her wrist.
WOMEN-Pants-id_00006111-01_1_front,id_00006111,WOMEN,Pants,front,query,7412,The person wears a sleeveless tank top with pure color patterns. The tank top is with cotton fabric. It has a crew neckline. The trousers the person wears is of long length. The trousers are with cotton fabric and graphic patterns. The female has neckwear. There is a hat in her head. This person wears a ring. There is an accessory on her wrist.
WOMEN-Pants-id_00006794-02_1_front,id_00006794,WOMEN,Pants,front,query,7446,"The lady is wearing a long-sleeve shirt with solid color patterns. The shirt is with cotton fabric and its neckline is crew. The trousers the lady wears is of long length. The trousers are with cotton fabric and color block patterns. This woman also wears an outer clothing, with cotton fabric and pure color patterns. There is a ring on her finger. The lady is wearing a hat."
WOMEN-Pants-id_00006794-03_1_front,id_00006794,WOMEN,Pants,front,query,7447,"The sweater this person wears has long sleeves, its fabric is cotton, and it has pure color patterns. This person wears a long pants, with cotton fabric and color block patterns. The outer clothing this person wears is with cotton fabric and pure color patterns. This woman wears a ring. This lady wears a hat."
WOMEN-Pants-id_00007085-02_1_front,id_00007085,WOMEN,Pants,front,query,7460,"This woman wears a long-sleeve sweater with solid color patterns and a long trousers. The sweater is with cotton fabric. The trousers are with cotton fabric and solid color patterns. The person also wears an outer clothing, with cotton fabric and solid color patterns. There is an accessory on her wrist. The person wears a ring. This woman wears a pair of sunglasses."
WOMEN-Pants-id_00007133-01_1_front,id_00007133,WOMEN,Pants,front,query,7464,"Her tank shirt has sleeves cut off, cotton fabric and pure color patterns. The neckline of it is crew. The person wears a long pants. The pants are with cotton fabric and striped patterns. There is a ring on her finger. This person wears sunglasses. There is an accessory on her wrist."
WOMEN-Pants-id_00007526-01_1_front,id_00007526,WOMEN,Pants,front,query,7493,This lady wears a tank tank top with graphic patterns and a long pants. The tank top is with cotton fabric. The neckline of the tank top is round. The pants are with cotton fabric and graphic patterns. This female wears a ring. The female has neckwear.
WOMEN-Pants-id_00007943-01_1_front,id_00007943,WOMEN,Pants,front,query,7521,The person wears a sleeveless tank top with solid color patterns and long trousers. The tank top is with cotton fabric and it has a crew neckline. The trousers are with cotton fabric and graphic patterns. The person wears a ring. This person has neckwear.
WOMEN-Rompers_Jumpsuits-id_00000077-02_1_front,id_00000077,WOMEN,Rompers_Jumpsuits,front,query,7533,"The tank top this lady wears has no sleeves, its fabric is cotton, and it has floral patterns. The tank top has a crew neckline. This lady wears a three-point shorts, with cotton fabric and floral patterns. There is an accessory on her wrist."
WOMEN-Rompers_Jumpsuits-id_00000314-02_4_full,id_00000314,WOMEN,Rompers_Jumpsuits,full,query,7541,This female wears a long-sleeve sweater with graphic patterns and a three-point shorts. The sweater is with cotton fabric. The neckline of the sweater is crew. The shorts are with cotton fabric and graphic patterns. This female is wearing a ring on her finger. This woman has neckwear. This lady is wearing a hat.
WOMEN-Rompers_Jumpsuits-id_00000314-03_4_full,id_00000314,WOMEN,Rompers_Jumpsuits,full,query,7542,The female is wearing a long-sleeve sweater with graphic patterns and a three-point pants. The sweater is with cotton fabric and its neckline is round. The pants are with cotton fabric and graphic patterns. The person is wearing a ring on her finger. There is a hat in her head. This person has neckwear.
WOMEN-Rompers_Jumpsuits-id_00000441-02_4_full,id_00000441,WOMEN,Rompers_Jumpsuits,full,query,7558,The person wears a sleeveless tank shirt with graphic patterns and three-point shorts. The tank shirt is with cotton fabric and it has a suspenders neckline. The shorts are with cotton fabric and graphic patterns. The lady is wearing a ring on her finger. This person has neckwear.
WOMEN-Rompers_Jumpsuits-id_00000483-02_4_full,id_00000483,WOMEN,Rompers_Jumpsuits,full,query,7559,"The tank top the person wears has sleeves cut off and it is with chiffon fabric and graphic patterns. The neckline of the tank top is suspenders. The person wears a three-point pants, with chiffon fabric and solid color patterns. There is an accessory in his her neck. There is an accessory on her wrist."
WOMEN-Rompers_Jumpsuits-id_00000663-04_4_full,id_00000663,WOMEN,Rompers_Jumpsuits,full,query,7583,The person wears a short-sleeve shirt with floral patterns. The shirt is with cotton fabric. It has a v-shape neckline. The shorts the person wears is of three-point length. The shorts are with cotton fabric and floral patterns. There is an accessory in his her neck. There is a ring on her finger.
WOMEN-Rompers_Jumpsuits-id_00000868-02_7_additional,id_00000868,WOMEN,Rompers_Jumpsuits,additional,query,7614,This person is wearing a tank tank top with floral patterns. The tank top is with cotton fabric and its neckline is suspenders. The pants this person wears is of three-point length. The pants are with cotton fabric and floral patterns. There is an accessory in his her neck.
WOMEN-Rompers_Jumpsuits-id_00001408-01_4_full,id_00001408,WOMEN,Rompers_Jumpsuits,full,query,7675,"The upper clothing has no sleeves, cotton fabric and graphic patterns. The neckline of it is round. The lower clothing is of three-point length. The fabric is cotton and it has pure color patterns. The female wears a ring. There is an accessory on her wrist."
WOMEN-Rompers_Jumpsuits-id_00001718-05_7_additional,id_00001718,WOMEN,Rompers_Jumpsuits,additional,query,7726,"Her tank top has no sleeves, cotton fabric and graphic patterns. The neckline of it is suspenders. The lady wears a three-point pants. The pants are with cotton fabric and graphic patterns. This person wears a ring. This person has neckwear. There is an accessory on her wrist."
WOMEN-Rompers_Jumpsuits-id_00001736-01_2_side,id_00001736,WOMEN,Rompers_Jumpsuits,side,query,7730,"The upper clothing has sleeves cut off, cotton fabric and graphic patterns. The lower clothing is of long length. The fabric is cotton and it has graphic patterns. This female has neckwear. There is a ring on her finger."
WOMEN-Rompers_Jumpsuits-id_00001736-01_7_additional,id_00001736,WOMEN,Rompers_Jumpsuits,additional,query,7731,"The tank top this person wears has sleeves cut off and its fabric is cotton. The pattern of it is graphic. It has a suspenders neckline. This person wears a long pants, with cotton fabric and graphic patterns. There is a ring on her finger. There is an accessory on her wrist. There is an accessory in his her neck."
WOMEN-Rompers_Jumpsuits-id_00001819-01_4_full,id_00001819,WOMEN,Rompers_Jumpsuits,full,query,7739,"The sweater the female wears has long sleeves, its fabric is chiffon, and it has graphic patterns. The sweater has a crew neckline. The female wears a three-point pants, with chiffon fabric and graphic patterns. This lady is wearing a ring on her finger. There is a belt on her waist. There is an accessory on her wrist."
WOMEN-Rompers_Jumpsuits-id_00002028-01_7_additional,id_00002028,WOMEN,Rompers_Jumpsuits,additional,query,7762,The female is wearing a sleeveless tank shirt with pure color patterns. The tank shirt is with denim fabric. It has a crew neckline. The pants the female wears is of three-point length. The pants are with denim fabric and pure color patterns. There is an accessory in his her neck. There is an accessory on her wrist. This woman wears a pair of socks. There is a ring on her finger.
WOMEN-Rompers_Jumpsuits-id_00002749-02_4_full,id_00002749,WOMEN,Rompers_Jumpsuits,full,query,7828,The female is wearing a tank tank top with floral patterns. The tank top is with cotton fabric and its neckline is suspenders. The pants the female wears is of three-point length. The pants are with cotton fabric and floral patterns. There is an accessory in his her neck. There is an accessory on her wrist. The female wears a ring.
WOMEN-Rompers_Jumpsuits-id_00002812-03_7_additional,id_00002812,WOMEN,Rompers_Jumpsuits,additional,query,7832,"The sweater this woman wears has long sleeves and it is with cotton fabric and pure color patterns. The neckline of the sweater is round. This woman wears a three-point pants, with cotton fabric and pure color patterns. This female wears a ring. The person wears a hat."
WOMEN-Rompers_Jumpsuits-id_00002815-02_4_full,id_00002815,WOMEN,Rompers_Jumpsuits,full,query,7833,"Her tank top has no sleeves, cotton fabric and graphic patterns. It has a round neckline. The shorts this lady wears is of three-point length. The shorts are with cotton fabric and graphic patterns. This lady is wearing a ring on her finger."
WOMEN-Rompers_Jumpsuits-id_00002815-03_7_additional,id_00002815,WOMEN,Rompers_Jumpsuits,additional,query,7834,The female is wearing a sleeveless tank top with graphic patterns. The tank top is with cotton fabric. It has a round neckline. The shorts the female wears is of three-point length. The shorts are with cotton fabric and graphic patterns. There is a ring on her finger. There is an accessory on her wrist.
WOMEN-Rompers_Jumpsuits-id_00003005-02_7_additional,id_00003005,WOMEN,Rompers_Jumpsuits,additional,query,7850,This person wears a sleeveless tank shirt with stripe patterns and a three-point shorts. The tank shirt is with cotton fabric. The neckline of the tank shirt is v-shape. The shorts are with cotton fabric and stripe patterns. This woman is wearing a ring on her finger. This person has neckwear. There is an accessory on her wrist.
WOMEN-Rompers_Jumpsuits-id_00003550-01_4_full,id_00003550,WOMEN,Rompers_Jumpsuits,full,query,7884,This female is wearing a short-sleeve T-shirt with pure color patterns. The T-shirt is with cotton fabric. It has a round neckline. The pants this female wears is of three-point length. The pants are with denim fabric and pure color patterns. There is an accessory on her wrist. There is a ring on her finger.
WOMEN-Rompers_Jumpsuits-id_00003893-02_1_front,id_00003893,WOMEN,Rompers_Jumpsuits,front,query,7905,This woman is wearing a sleeveless tank top with graphic patterns and a three-point shorts. The tank top is with cotton fabric and its neckline is suspenders. The shorts are with cotton fabric and graphic patterns. There is an accessory in his her neck. There is a ring on her finger.
WOMEN-Rompers_Jumpsuits-id_00004557-02_2_side,id_00004557,WOMEN,Rompers_Jumpsuits,side,query,7953,This female wears a long-sleeve shirt with solid color patterns and three-point pants. The shirt is with cotton fabric and it has a v-shape neckline. The pants are with cotton fabric and pure color patterns. The person is wearing a ring on her finger. There is a belt on her waist. There is an accessory in his her neck.
WOMEN-Rompers_Jumpsuits-id_00004575-02_1_front,id_00004575,WOMEN,Rompers_Jumpsuits,front,query,7957,This lady wears a tank tank top with graphic patterns. The tank top is with cotton fabric. It has a crew neckline. The trousers this lady wears is of long length. The trousers are with cotton fabric and graphic patterns. The person is wearing a ring on her finger. The person has neckwear. There is an accessory on her wrist.
WOMEN-Rompers_Jumpsuits-id_00004575-02_7_additional,id_00004575,WOMEN,Rompers_Jumpsuits,additional,query,7958,"The upper clothing has no sleeves, cotton fabric and graphic patterns. The neckline of it is round. The lower clothing is of long length. The fabric is cotton and it has graphic patterns. There is an accessory in his her neck. There is an accessory on her wrist. This woman is wearing a ring on her finger."
WOMEN-Rompers_Jumpsuits-id_00004624-02_7_additional,id_00004624,WOMEN,Rompers_Jumpsuits,additional,query,7959,"Her shirt has long sleeves, cotton fabric and stripe patterns. It has a suspenders neckline. This person wears a three-point pants. The pants are with cotton fabric and striped patterns. The lady also wears an outer clothing, with chiffon fabric and solid color patterns. The lady is wearing a ring on her finger."
WOMEN-Rompers_Jumpsuits-id_00004690-02_1_front,id_00004690,WOMEN,Rompers_Jumpsuits,front,query,7961,"Her tank top has sleeves cut off, cotton fabric and graphic patterns. The neckline of it is crew. The shorts the person wears is of three-point length. The shorts are with cotton fabric and graphic patterns. The outer clothing the lady wears is with furry fabric and solid color patterns. There is an accessory in his her neck. The female is wearing a belt. This lady wears a ring."
WOMEN-Rompers_Jumpsuits-id_00004937-02_1_front,id_00004937,WOMEN,Rompers_Jumpsuits,front,query,7977,This person wears a sleeveless tank shirt with graphic patterns. The tank shirt is with cotton fabric. It has a suspenders neckline. This person wears a long trousers. The trousers are with cotton fabric and graphic patterns.
WOMEN-Rompers_Jumpsuits-id_00004937-02_7_additional,id_00004937,WOMEN,Rompers_Jumpsuits,additional,query,7978,This person is wearing a tank tank top with graphic patterns and a long trousers. The tank top is with cotton fabric and its neckline is suspenders. The trousers are with cotton fabric and graphic patterns.
WOMEN-Rompers_Jumpsuits-id_00005029-02_4_full,id_00005029,WOMEN,Rompers_Jumpsuits,full,query,7982,This person is wearing a tank tank top with pure color patterns and a three-point shorts. The tank top is with cotton fabric. The neckline of the tank top is v-shape. The shorts are with cotton fabric and solid color patterns. There is an accessory on her wrist. This female is wearing a ring on her finger.
WOMEN-Rompers_Jumpsuits-id_00005158-01_7_additional,id_00005158,WOMEN,Rompers_Jumpsuits,additional,query,7987,This female wears a tank tank top with pure color patterns and three-point shorts. The tank top is with cotton fabric. The shorts are with cotton fabric and pure color patterns. There is an accessory on her wrist. This woman wears a ring. This female has neckwear.
WOMEN-Rompers_Jumpsuits-id_00005341-02_7_additional,id_00005341,WOMEN,Rompers_Jumpsuits,additional,query,8009,"The shirt the female wears has long sleeves and its fabric is cotton. The pattern of it is graphic. It has a crew neckline. The female wears a three-point pants, with cotton fabric and pure color patterns. There is a ring on her finger. There is an accessory in his her neck. The female wears a hat."
WOMEN-Rompers_Jumpsuits-id_00005551-02_7_additional,id_00005551,WOMEN,Rompers_Jumpsuits,additional,query,8035,"The tank top the lady wears has sleeves cut off and its fabric is cotton. The pattern of it is pure color. It has a round neckline. The lady wears a three-point shorts, with cotton fabric and solid color patterns. There is an accessory on her wrist. This woman wears a ring."
WOMEN-Rompers_Jumpsuits-id_00005562-02_4_full,id_00005562,WOMEN,Rompers_Jumpsuits,full,query,8036,This woman wears a short-sleeve T-shirt with graphic patterns and a three-point shorts. The T-shirt is with cotton fabric and its neckline is round. The shorts are with cotton fabric and pure color patterns. There is a ring on her finger. There is an accessory on her wrist.
WOMEN-Rompers_Jumpsuits-id_00006564-02_7_additional,id_00006564,WOMEN,Rompers_Jumpsuits,additional,query,8110,This female is wearing a tank tank shirt with floral patterns and a three-point pants. The tank shirt is with cotton fabric. The neckline of the tank shirt is suspenders. The pants are with cotton fabric and floral patterns. There is an accessory on her wrist. The female is wearing a ring on her finger. This woman has neckwear.
WOMEN-Rompers_Jumpsuits-id_00006618-04_4_full,id_00006618,WOMEN,Rompers_Jumpsuits,full,query,8119,This woman wears a long-sleeve sweater with solid color patterns and three-point shorts. The sweater is with cotton fabric and it has a v-shape neckline. The shorts are with cotton fabric and pure color patterns. The outer clothing this woman wears is with cotton fabric and floral patterns. There is an accessory on her wrist. The female wears a ring.
WOMEN-Rompers_Jumpsuits-id_00006651-01_7_additional,id_00006651,WOMEN,Rompers_Jumpsuits,additional,query,8123,"Her shirt has short sleeves, cotton fabric and pure color patterns. It has a round neckline. The pants the lady wears is of three-point length. The pants are with denim fabric and pure color patterns. This lady is wearing sunglasses. The person wears a ring. This woman is wearing socks in shoes."
WOMEN-Rompers_Jumpsuits-id_00006848-02_7_additional,id_00006848,WOMEN,Rompers_Jumpsuits,additional,query,8134,The person is wearing a tank tank shirt with graphic patterns. The tank shirt is with cotton fabric. The person wears a three-point shorts. The shorts are with cotton fabric and graphic patterns. This person has neckwear. There is an accessory on her wrist. There is a belt on her waist. There is a ring on her finger.
WOMEN-Rompers_Jumpsuits-id_00006958-02_1_front,id_00006958,WOMEN,Rompers_Jumpsuits,front,query,8147,"The tank shirt the female wears has sleeves cut off and its fabric is cotton. The pattern of it is pure color. It has a round neckline. The female wears a three-point pants, with cotton fabric and striped patterns. There is an accessory on her wrist. There is a ring on her finger."
WOMEN-Rompers_Jumpsuits-id_00007134-01_4_full,id_00007134,WOMEN,Rompers_Jumpsuits,full,query,8166,The female wears a medium-sleeve shirt with graphic patterns and three-point pants. The shirt is with cotton fabric and it has a round neckline. The pants are with cotton fabric and graphic patterns. The outer clothing the person wears is with cotton fabric and floral patterns.
WOMEN-Rompers_Jumpsuits-id_00007587-01_7_additional,id_00007587,WOMEN,Rompers_Jumpsuits,additional,query,8192,This female is wearing a sleeveless tank top with graphic patterns. The tank top is with cotton fabric. It has a v-shape neckline. This female wears a three-point pants. The pants are with cotton fabric and graphic patterns. There is an accessory on her wrist. This lady wears a ring. There is an accessory in his her neck.
WOMEN-Rompers_Jumpsuits-id_00007658-03_4_full,id_00007658,WOMEN,Rompers_Jumpsuits,full,query,8203,"The tank shirt this female wears has sleeves cut off, its fabric is cotton, and it has graphic patterns. This female wears a three-point pants, with cotton fabric and graphic patterns. There is an accessory on her wrist. The person has neckwear. This lady wears a ring."
WOMEN-Rompers_Jumpsuits-id_00007698-03_4_full,id_00007698,WOMEN,Rompers_Jumpsuits,full,query,8214,"Her tank top has no sleeves, cotton fabric and graphic patterns. It has a suspenders neckline. The pants the female wears is of three-point length. The pants are with cotton fabric and graphic patterns. There is an accessory on her wrist. There is a ring on her finger. This lady has neckwear."
WOMEN-Rompers_Jumpsuits-id_00007767-05_4_full,id_00007767,WOMEN,Rompers_Jumpsuits,full,query,8219,"The shirt this woman wears has short sleeves and it is with cotton fabric and pure color patterns. The neckline of the shirt is round. This woman wears a three-point shorts, with cotton fabric and pure color patterns. The lady wears a pair of socks. This woman is wearing a ring on her finger."
WOMEN-Rompers_Jumpsuits-id_00007767-07_1_front,id_00007767,WOMEN,Rompers_Jumpsuits,front,query,8220,"The T-shirt the person wears has short sleeves, its fabric is cotton, and it has solid color patterns. The T-shirt has a crew neckline. The person wears a three-point shorts, with cotton fabric and pure color patterns. The person is wearing a pair of socks. This female is wearing a ring on her finger."
WOMEN-Rompers_Jumpsuits-id_00007787-03_7_additional,id_00007787,WOMEN,Rompers_Jumpsuits,additional,query,8222,This woman is wearing a short-sleeve T-shirt with graphic patterns. The T-shirt is with cotton fabric. It has a v-shape neckline. The pants this woman wears is of three-point length. The pants are with cotton fabric and graphic patterns. There is a ring on her finger. This person has neckwear.
WOMEN-Rompers_Jumpsuits-id_00007959-07_4_full,id_00007959,WOMEN,Rompers_Jumpsuits,full,query,8237,This person wears a long-sleeve sweater with solid color patterns and a three-point shorts. The sweater is with cotton fabric. The neckline of the sweater is suspenders. The shorts are with cotton fabric and pure color patterns. The lady wears a ring. This lady wears a pair of socks. There is an accessory on her wrist.
WOMEN-Shorts-id_00000128-01_4_full,id_00000128,WOMEN,Shorts,full,query,8254,This woman wears a tank tank top with pure color patterns and a three-point pants. The tank top is with cotton fabric and its neckline is crew. The pants are with cotton fabric and graphic patterns. There is an accessory in his her neck. There is an accessory on her wrist.
WOMEN-Shorts-id_00000148-02_4_full,id_00000148,WOMEN,Shorts,full,query,8258,"The tank shirt this woman wears has no sleeves and its fabric is cotton. The pattern of it is solid color. It has a suspenders neckline. This woman wears a three-point shorts, with cotton fabric and graphic patterns. There is an accessory on her wrist. There is a ring on her finger."
WOMEN-Shorts-id_00000176-01_4_full,id_00000176,WOMEN,Shorts,full,query,8260,The female wears a sleeveless tank shirt with pure color patterns and a three-point shorts. The tank shirt is with cotton fabric and its neckline is stand. The shorts are with denim fabric and solid color patterns.
WOMEN-Shorts-id_00000308-01_4_full,id_00000308,WOMEN,Shorts,full,query,8262,"The tank shirt the lady wears has sleeves cut off, its fabric is cotton, and it has graphic patterns. The tank shirt has a suspenders neckline. The lady wears a three-point shorts, with cotton fabric and floral patterns. The lady wears a belt. There is an accessory in his her neck. There is a ring on her finger."
WOMEN-Shorts-id_00000466-01_4_full,id_00000466,WOMEN,Shorts,full,query,8271,The person wears a sleeveless tank top with pure color patterns and a three-point shorts. The tank top is with cotton fabric and its neckline is crew. The shorts are with leather fabric and pure color patterns. This person wears a ring. This woman wears a hat.
WOMEN-Shorts-id_00000580-02_4_full,id_00000580,WOMEN,Shorts,full,query,8276,"The sweater this woman wears has long sleeves and it is with cotton fabric and solid color patterns. The neckline of the sweater is crew. This woman wears a three-point pants, with cotton fabric and pure color patterns. The outer clothing is with cotton fabric and solid color patterns. There is a ring on her finger."
WOMEN-Shorts-id_00000681-03_4_full,id_00000681,WOMEN,Shorts,full,query,8279,This lady is wearing a tank tank shirt with pure color patterns and a three-point pants. The tank shirt is with cotton fabric and its neckline is round. The pants are with cotton fabric and solid color patterns. This woman wears a ring. There is an accessory on her wrist.
WOMEN-Shorts-id_00000707-03_4_full,id_00000707,WOMEN,Shorts,full,query,8280,"The shirt the person wears has long sleeves and it is with cotton fabric and solid color patterns. The neckline of the shirt is crew. The person wears a three-point pants, with cotton fabric and pure color patterns. The outer clothing the female wears is with cotton fabric and pure color patterns. There is a ring on her finger. There is an accessory on her wrist."
WOMEN-Shorts-id_00000707-04_4_full,id_00000707,WOMEN,Shorts,full,query,8281,"The tank shirt this lady wears has sleeves cut off and its fabric is cotton. The pattern of it is solid color. It has a round neckline. This lady wears a three-point shorts, with cotton fabric and solid color patterns. The outer clothing is with cotton fabric and solid color patterns. This female wears a ring."
WOMEN-Shorts-id_00000748-01_4_full,id_00000748,WOMEN,Shorts,full,query,8283,The person wears a short-sleeve shirt with graphic patterns and a three-point pants. The shirt is with chiffon fabric. The pants are with denim fabric and pure color patterns. There is an accessory in his her neck. The person wears a ring. There is an accessory on her wrist.
WOMEN-Shorts-id_00000913-02_4_full,id_00000913,WOMEN,Shorts,full,query,8291,The person is wearing a sleeveless tank shirt with pure color patterns. The tank shirt is with cotton fabric. It has a suspenders neckline. The person wears a three-point shorts. The shorts are with cotton fabric and other patterns.
WOMEN-Shorts-id_00000940-03_4_full,id_00000940,WOMEN,Shorts,full,query,8293,The person is wearing a sleeveless tank shirt with pure color patterns. The tank shirt is with cotton fabric and its neckline is round. The person wears a three-point pants. The pants are with cotton fabric and graphic patterns. The outer clothing is with cotton fabric and pure color patterns. There is an accessory on her wrist. There is an accessory in his her neck. The person wears a ring.
WOMEN-Shorts-id_00000956-01_4_full,id_00000956,WOMEN,Shorts,full,query,8295,"The upper clothing has sleeves cut off, cotton fabric and solid color patterns. The neckline of it is round. The lower clothing is of three-point length. The fabric is denim and it has pure color patterns. This lady is wearing a ring on her finger. There is an accessory on her wrist."
WOMEN-Shorts-id_00001235-01_4_full,id_00001235,WOMEN,Shorts,full,query,8309,"The shirt the female wears has short sleeves and it is with cotton fabric and graphic patterns. The neckline of the shirt is crew. The female wears a three-point pants, with denim fabric and pure color patterns. There is a ring on her finger."
WOMEN-Shorts-id_00001296-01_4_full,id_00001296,WOMEN,Shorts,full,query,8310,"The tank shirt this woman wears has no sleeves and it is with cotton fabric and solid color patterns. The neckline of the tank shirt is crew. This woman wears a three-point shorts, with cotton fabric and graphic patterns. This person also wears an outer clothing, with denim fabric and solid color patterns."
WOMEN-Shorts-id_00001305-02_4_full,id_00001305,WOMEN,Shorts,full,query,8311,This female wears a short-sleeve shirt with pure color patterns. The shirt is with cotton fabric. It has a crew neckline. This female wears a three-point pants. The pants are with denim fabric and pure color patterns. The person has neckwear. There is an accessory on her wrist. This person is wearing a ring on her finger. There is a hat in her head.
WOMEN-Shorts-id_00001646-02_4_full,id_00001646,WOMEN,Shorts,full,query,8336,This female wears a sleeveless tank top with solid color patterns and a three-point pants. The tank top is with cotton fabric. The neckline of the tank top is suspenders. The pants are with denim fabric and other patterns. There is an accessory on her wrist. This female is wearing a ring on her finger. The person wears sunglasses.
WOMEN-Shorts-id_00001694-02_4_full,id_00001694,WOMEN,Shorts,full,query,8337,The female is wearing a long-sleeve sweater with graphic patterns. The sweater is with cotton fabric. It has a round neckline. The pants the female wears is of three-point length. The pants are with denim fabric and complicated patterns. The outer clothing is with leather fabric and pure color patterns. The lady wears a ring. There is an accessory on her wrist. The female is wearing a hat.
WOMEN-Shorts-id_00001742-02_4_full,id_00001742,WOMEN,Shorts,full,query,8339,This person wears a tank tank top with pure color patterns. The tank top is with denim fabric. It has a lapel neckline. This person wears a three-point shorts. The shorts are with cotton fabric and floral patterns. The person is wearing a hat. There is an accessory on her wrist. This female is wearing a ring on her finger.
WOMEN-Shorts-id_00001829-01_4_full,id_00001829,WOMEN,Shorts,full,query,8346,The female wears a short-sleeve shirt with graphic patterns. The shirt is with chiffon fabric. The shorts the female wears is of three-point length. The shorts are with denim fabric and complicated patterns. There is an accessory in his her neck. There is an accessory on her wrist. This person wears a ring.
WOMEN-Shorts-id_00001834-02_4_full,id_00001834,WOMEN,Shorts,full,query,8347,"The upper clothing has sleeves cut off, cotton fabric and pure color patterns. The neckline of it is crew. The lower clothing is of three-point length. The fabric is cotton and it has graphic patterns. This woman is wearing a ring on her finger. There is an accessory on her wrist."
WOMEN-Shorts-id_00001928-02_4_full,id_00001928,WOMEN,Shorts,full,query,8351,This woman wears a sleeveless tank top with graphic patterns and three-point shorts. The tank top is with cotton fabric and it has a suspenders neckline. The shorts are with cotton fabric and graphic patterns. There is an accessory on her wrist. This female is wearing a ring on her finger. There is an accessory in his her neck.
WOMEN-Shorts-id_00001972-02_1_front,id_00001972,WOMEN,Shorts,front,query,8353,"Her shirt has short sleeves, cotton fabric and solid color patterns. The person wears a three-point shorts. The shorts are with denim fabric and solid color patterns. This woman has neckwear."
WOMEN-Shorts-id_00002031-02_4_full,id_00002031,WOMEN,Shorts,full,query,8354,This person wears a sleeveless tank shirt with pure color patterns and a three-point shorts. The tank shirt is with cotton fabric and its neckline is suspenders. The shorts are with cotton fabric and floral patterns. There is an accessory on her wrist. There is a ring on her finger. There is an accessory in his her neck. This woman is wearing sunglasses.
WOMEN-Shorts-id_00002033-01_4_full,id_00002033,WOMEN,Shorts,full,query,8355,This lady wears a tank tank top with pure color patterns and three-point shorts. The tank top is with cotton fabric and it has a suspenders neckline. The shorts are with denim fabric and complicated patterns. There is an accessory on her wrist. This woman wears a ring.
WOMEN-Shorts-id_00002208-02_4_full,id_00002208,WOMEN,Shorts,full,query,8369,"The shirt this female wears has long sleeves, its fabric is chiffon, and it has graphic patterns. The shirt has a v-shape neckline. This female wears a three-point pants, with denim fabric and graphic patterns. The person wears a pair of sunglasses."
WOMEN-Shorts-id_00002472-03_4_full,id_00002472,WOMEN,Shorts,full,query,8385,The female is wearing a sleeveless tank top with pure color patterns and a three-point shorts. The tank top is with cotton fabric and its neckline is lapel. The shorts are with cotton fabric and graphic patterns. The person is wearing a ring on her finger. There is an accessory on her wrist.
WOMEN-Shorts-id_00002472-04_4_full,id_00002472,WOMEN,Shorts,full,query,8386,The lady is wearing a sleeveless tank top with pure color patterns. The tank top is with cotton fabric. It has a lapel neckline. The lady wears a three-point shorts. The shorts are with cotton fabric and graphic patterns. There is a ring on her finger. There is an accessory on her wrist.
WOMEN-Shorts-id_00002717-01_4_full,id_00002717,WOMEN,Shorts,full,query,8410,This person wears a tank tank shirt with graphic patterns and three-point pants. The tank shirt is with cotton fabric and it has a crew neckline. The pants are with denim fabric and color block patterns. The outer clothing this female wears is with chiffon fabric and graphic patterns. The person wears a ring. There is an accessory on her wrist.
WOMEN-Shorts-id_00002800-01_4_full,id_00002800,WOMEN,Shorts,full,query,8421,"Her T-shirt has short sleeves, cotton fabric and pure color patterns. It has a round neckline. The shorts the female wears is of three-point length. The shorts are with cotton fabric and pure color patterns. There is an accessory on her wrist. This person has neckwear. There is a ring on her finger."
WOMEN-Shorts-id_00003061-01_1_front,id_00003061,WOMEN,Shorts,front,query,8426,The person is wearing a tank tank shirt with graphic patterns. The tank shirt is with knitting fabric and its neckline is suspenders. The person wears a three-point pants. The pants are with denim fabric and solid color patterns. There is a ring on her finger. This lady has neckwear. There is an accessory on her wrist.
WOMEN-Shorts-id_00003269-02_1_front,id_00003269,WOMEN,Shorts,front,query,8441,"The tank top the person wears has sleeves cut off and it is with cotton fabric and graphic patterns. The neckline of the tank top is suspenders. The person wears a three-point pants, with cotton fabric and pure color patterns. There is an accessory on her wrist. This person is wearing a ring on her finger. The female has neckwear."
WOMEN-Shorts-id_00003578-02_4_full,id_00003578,WOMEN,Shorts,full,query,8460,"The upper clothing has long sleeves, cotton fabric and pure color patterns. It has a crew neckline. The lower clothing is of three-point length. The fabric is cotton and it has graphic patterns. The female also wears an outer clothing, with cotton fabric and solid color patterns. This female is wearing a ring on her finger."
WOMEN-Shorts-id_00003613-02_4_full,id_00003613,WOMEN,Shorts,full,query,8462,This lady is wearing a tank tank shirt with solid color patterns and a three-point shorts. The tank shirt is with cotton fabric and its neckline is crew. The shorts are with cotton fabric and floral patterns.
WOMEN-Shorts-id_00003657-01_4_full,id_00003657,WOMEN,Shorts,full,query,8466,"Her tank shirt has no sleeves, chiffon fabric and solid color patterns. The neckline of it is crew. The pants this woman wears is of three-point length. The pants are with denim fabric and complicated patterns. This lady is wearing a ring on her finger. This female is wearing sunglasses."
WOMEN-Shorts-id_00003688-02_4_full,id_00003688,WOMEN,Shorts,full,query,8471,This female wears a long-sleeve sweater with pure color patterns and three-point shorts. The sweater is with knitting fabric and it has a round neckline. The shorts are with cotton fabric and floral patterns. The person is wearing socks in shoes. There is an accessory in his her neck.
WOMEN-Shorts-id_00003774-01_4_full,id_00003774,WOMEN,Shorts,full,query,8481,"The tank shirt the female wears has no sleeves and its fabric is cotton. The pattern of it is floral. It has a suspenders neckline. The female wears a three-point pants, with denim fabric and solid color patterns. This person has neckwear. There is a ring on her finger."
WOMEN-Shorts-id_00004401-01_4_full,id_00004401,WOMEN,Shorts,full,query,8520,"This lady wears a medium-sleeve shirt with graphic patterns and a three-point pants. The shirt is with cotton fabric and its neckline is crew. The pants are with cotton fabric and pure color patterns. The lady also wears an outer clothing, with knitting fabric and solid color patterns. There is an accessory on her wrist. There is an accessory in his her neck."
WOMEN-Shorts-id_00004516-03_4_full,id_00004516,WOMEN,Shorts,full,query,8529,"The tank top this lady wears has sleeves cut off and it is with cotton fabric and solid color patterns. The neckline of the tank top is round. This lady wears a three-point pants, with cotton fabric and pure color patterns. There is an accessory on her wrist. The female is wearing a ring on her finger."
WOMEN-Shorts-id_00004516-05_4_full,id_00004516,WOMEN,Shorts,full,query,8530,The lady wears a tank tank shirt with pure color patterns. The tank shirt is with cotton fabric. It has a crew neckline. The shorts the lady wears is of three-point length. The shorts are with cotton fabric and pure color patterns. There is a ring on her finger. There is an accessory on her wrist.
WOMEN-Shorts-id_00004549-02_1_front,id_00004549,WOMEN,Shorts,front,query,8532,The lady is wearing a sleeveless tank shirt with floral patterns. The tank shirt is with cotton fabric. It has a stand neckline. The lady wears a three-point pants. The pants are with cotton fabric and floral patterns. The outer clothing the person wears is with knitting fabric and graphic patterns. This lady has a hat in her head.
WOMEN-Shorts-id_00004756-02_4_full,id_00004756,WOMEN,Shorts,full,query,8547,"This lady is wearing a long-sleeve shirt with solid color patterns. The shirt is with cotton fabric and its neckline is round. The pants this lady wears is of three-point length. The pants are with cotton fabric and graphic patterns. This female also wears an outer clothing, with knitting fabric and solid color patterns. There is an accessory in his her neck. This person wears a hat."
WOMEN-Shorts-id_00005011-02_4_full,id_00005011,WOMEN,Shorts,full,query,8571,This person wears a short-sleeve shirt with solid color patterns. The shirt is with cotton fabric. It has a crew neckline. This person wears a three-point shorts. The shorts are with denim fabric and floral patterns. There is an accessory on her wrist. The female wears sunglasses. The female wears a ring.
WOMEN-Shorts-id_00005440-01_4_full,id_00005440,WOMEN,Shorts,full,query,8611,"The tank shirt this person wears has sleeves cut off and its fabric is cotton. The pattern of it is pure color. It has a crew neckline. This person wears a three-point shorts, with cotton fabric and pure color patterns. There is an accessory on her wrist. The person is wearing sunglasses. This woman is wearing a ring on her finger."
WOMEN-Shorts-id_00005473-02_4_full,id_00005473,WOMEN,Shorts,full,query,8612,"This woman is wearing a long-sleeve sweater with pure color patterns and a three-point pants. The sweater is with cotton fabric. The pants are with cotton fabric and solid color patterns. This lady also wears an outer clothing, with furry fabric and pure color patterns. This woman wears a ring. This person is wearing a pair of sunglasses."
WOMEN-Shorts-id_00005555-02_4_full,id_00005555,WOMEN,Shorts,full,query,8617,The person wears a short-sleeve T-shirt with solid color patterns and a three-point shorts. The T-shirt is with cotton fabric. The neckline of the T-shirt is round. The shorts are with cotton fabric and graphic patterns. There is a ring on her finger. There is an accessory in his her neck.
WOMEN-Shorts-id_00005721-02_1_front,id_00005721,WOMEN,Shorts,front,query,8630,"The upper clothing has sleeves cut off, cotton fabric and pure color patterns. It has a round neckline. The lower clothing is of three-point length. The fabric is cotton and it has graphic patterns. There is an accessory on her wrist. This female wears a hat."
WOMEN-Shorts-id_00005736-05_4_full,id_00005736,WOMEN,Shorts,full,query,8632,This lady wears a tank tank top with pure color patterns and three-point shorts. The tank top is with cotton fabric and it has a crew neckline. The shorts are with cotton fabric and pure color patterns. There is an accessory in his her neck. There is an accessory on her wrist. This lady is wearing a ring on her finger.
WOMEN-Shorts-id_00005736-06_1_front,id_00005736,WOMEN,Shorts,front,query,8633,"Her tank top has sleeves cut off, cotton fabric and pure color patterns. The neckline of it is square. The shorts the female wears is of three-point length. The shorts are with cotton fabric and solid color patterns. There is an accessory in his her neck. There is an accessory on her wrist."
WOMEN-Shorts-id_00005752-02_4_full,id_00005752,WOMEN,Shorts,full,query,8634,"The sweater the lady wears has long sleeves and it is with cotton fabric and solid color patterns. The neckline of the sweater is lapel. The lady wears a three-point pants, with cotton fabric and solid color patterns. The lady wears a ring. There is an accessory in his her neck."
WOMEN-Shorts-id_00005969-01_4_full,id_00005969,WOMEN,Shorts,full,query,8652,This female is wearing a short-sleeve T-shirt with graphic patterns. The T-shirt is with cotton fabric and its neckline is round. This female wears a three-point pants. The pants are with cotton fabric and graphic patterns. There is an accessory on her wrist. This lady wears a ring. There is an accessory in his her neck.
WOMEN-Shorts-id_00005973-03_4_full,id_00005973,WOMEN,Shorts,full,query,8653,"Her tank top has no sleeves, cotton fabric and solid color patterns. It has a round neckline. This female wears a three-point shorts. The shorts are with cotton fabric and lattice patterns. There is a belt on her waist. There is an accessory on her wrist. There is a ring on her finger."
WOMEN-Shorts-id_00005996-02_4_full,id_00005996,WOMEN,Shorts,full,query,8656,"Her tank top has sleeves cut off, cotton fabric and floral patterns. It has a round neckline. The pants this woman wears is of three-point length. The pants are with cotton fabric and floral patterns. This female is wearing a pair of sunglasses. This lady has neckwear. There is an accessory on her wrist. The person wears a ring."
WOMEN-Shorts-id_00006003-01_4_full,id_00006003,WOMEN,Shorts,full,query,8660,This woman is wearing a tank tank shirt with graphic patterns and a three-point shorts. The tank shirt is with cotton fabric and its neckline is crew. The shorts are with cotton fabric and graphic patterns.
WOMEN-Shorts-id_00006025-02_4_full,id_00006025,WOMEN,Shorts,full,query,8663,"The sweater the female wears has long sleeves, its fabric is cotton, and it has pure color patterns. The sweater has a v-shape neckline. The female wears a three-point pants, with cotton fabric and solid color patterns. There is a ring on her finger. There is an accessory on her wrist."
WOMEN-Shorts-id_00006108-02_4_full,id_00006108,WOMEN,Shorts,full,query,8668,"The shirt the lady wears has long sleeves, its fabric is cotton, and it has graphic patterns. The shirt has a round neckline. The lady wears a three-point pants, with cotton fabric and graphic patterns. This female also wears an outer clothing, with knitting fabric and complicated patterns. This lady has a hat in her head. The lady is wearing a pair of socks."
WOMEN-Shorts-id_00006281-01_4_full,id_00006281,WOMEN,Shorts,full,query,8677,This person is wearing a tank tank top with solid color patterns and a three-point shorts. The tank top is with cotton fabric. The neckline of the tank top is crew. The shorts are with cotton fabric and striped patterns. The person has neckwear. There is a ring on her finger. There is an accessory on her wrist.
WOMEN-Shorts-id_00006419-02_1_front,id_00006419,WOMEN,Shorts,front,query,8684,"The upper clothing has no sleeves, cotton fabric and solid color patterns. The neckline of it is suspenders. The lower clothing is of three-point length. The fabric is cotton and it has floral patterns. There is an accessory in his her neck."
WOMEN-Shorts-id_00006637-01_4_full,id_00006637,WOMEN,Shorts,full,query,8709,"The tank top this person wears has no sleeves, its fabric is cotton, and it has solid color patterns. The tank top has a round neckline. This person wears a three-point pants, with cotton fabric and graphic patterns. This person wears a ring. The person has neckwear."
WOMEN-Shorts-id_00006716-01_4_full,id_00006716,WOMEN,Shorts,full,query,8710,"The upper clothing has long sleeves, cotton fabric and solid color patterns. The neckline of it is lapel. The lower clothing is of three-point length. The fabric is cotton and it has graphic patterns."
WOMEN-Shorts-id_00006729-02_4_full,id_00006729,WOMEN,Shorts,full,query,8711,"Her shirt has short sleeves, cotton fabric and pure color patterns. It has a square neckline. The pants the female wears is of three-point length. The pants are with denim fabric and pure color patterns. This female is wearing a ring on her finger. This person wears a pair of sunglasses. There is an accessory on her wrist."
WOMEN-Shorts-id_00006729-03_4_full,id_00006729,WOMEN,Shorts,full,query,8712,The lady is wearing a short-sleeve T-shirt with solid color patterns and a three-point pants. The T-shirt is with cotton fabric and its neckline is square. The pants are with denim fabric and pure color patterns. This lady wears a ring. This lady wears sunglasses. There is an accessory on her wrist.
WOMEN-Shorts-id_00006729-04_4_full,id_00006729,WOMEN,Shorts,full,query,8713,This female wears a short-sleeve shirt with solid color patterns and a three-point shorts. The shirt is with cotton fabric. The neckline of the shirt is square. The shorts are with denim fabric and pure color patterns. There is an accessory on her wrist. This woman wears a ring. This woman is wearing a pair of sunglasses.
WOMEN-Shorts-id_00006784-02_4_full,id_00006784,WOMEN,Shorts,full,query,8720,This person wears a sleeveless tank top with graphic patterns and a three-point pants. The tank top is with cotton fabric and its neckline is crew. The pants are with cotton fabric and graphic patterns. This lady is wearing a ring on her finger. There is an accessory in his her neck. There is an accessory on her wrist.
WOMEN-Shorts-id_00006825-04_4_full,id_00006825,WOMEN,Shorts,full,query,8721,"Her tank top has sleeves cut off, knitting fabric and solid color patterns. It has a v-shape neckline. The female wears a three-point pants. The pants are with cotton fabric and graphic patterns. There is an accessory on her wrist."
WOMEN-Shorts-id_00006834-02_4_full,id_00006834,WOMEN,Shorts,full,query,8722,"The upper clothing has medium sleeves, cotton fabric and graphic patterns. It has a crew neckline. The lower clothing is of three-point length. The fabric is cotton and it has floral patterns. The outer clothing is with knitting fabric and graphic patterns. The person is wearing a hat. This lady has neckwear."
WOMEN-Shorts-id_00006892-03_4_full,id_00006892,WOMEN,Shorts,full,query,8724,This woman wears a sleeveless tank top with pure color patterns and three-point pants. The tank top is with cotton fabric and it has a round neckline. The pants are with cotton fabric and floral patterns. This lady wears a pair of sunglasses. This female has neckwear. There is an accessory on her wrist. The lady is wearing a ring on her finger.
WOMEN-Shorts-id_00007002-02_4_full,id_00007002,WOMEN,Shorts,full,query,8733,This woman is wearing a sleeveless tank shirt with other patterns and a three-point pants. The tank shirt is with knitting fabric. The neckline of the tank shirt is stand. The pants are with leather fabric and solid color patterns. The female wears a ring. This woman is wearing leggings. The lady wears a hat.
WOMEN-Shorts-id_00007170-02_4_full,id_00007170,WOMEN,Shorts,full,query,8740,"Her shirt has long sleeves, cotton fabric and graphic patterns. It has a round neckline. The pants the female wears is of three-point length. The pants are with denim fabric and other patterns. The outer clothing is with cotton fabric and plaid patterns. This lady wears socks in shoes. There is a ring on her finger. There is an accessory on her wrist."
WOMEN-Shorts-id_00007245-01_4_full,id_00007245,WOMEN,Shorts,full,query,8750,"The shirt the lady wears has long sleeves and it is with cotton fabric and graphic patterns. The neckline of the shirt is round. The lady wears a three-point pants, with denim fabric and solid color patterns. The outer clothing this female wears is with cotton fabric and solid color patterns."
WOMEN-Shorts-id_00007429-02_4_full,id_00007429,WOMEN,Shorts,full,query,8757,This lady wears a tank tank top with striped patterns and a three-point pants. The tank top is with cotton fabric and its neckline is suspenders. The pants are with cotton fabric and pure color patterns.
WOMEN-Shorts-id_00007651-02_4_full,id_00007651,WOMEN,Shorts,full,query,8765,"The shirt the female wears has medium sleeves and its fabric is cotton. The pattern of it is solid color. It has a round neckline. The female wears a three-point shorts, with denim fabric and other patterns. There is a hat in her head. There is an accessory in his her neck. The lady wears a ring."
WOMEN-Shorts-id_00007680-03_4_full,id_00007680,WOMEN,Shorts,full,query,8767,This female is wearing a short-sleeve T-shirt with solid color patterns. The T-shirt is with cotton fabric. It has a lapel neckline. The pants this female wears is of three-point length. The pants are with cotton fabric and complicated patterns. There is an accessory on her wrist. This woman wears a ring. The female wears socks in shoes.
WOMEN-Shorts-id_00007686-02_4_full,id_00007686,WOMEN,Shorts,full,query,8768,The female is wearing a long-sleeve sweater with graphic patterns. The sweater is with knitting fabric. It has a round neckline. The female wears a three-point shorts. The shorts are with cotton fabric and graphic patterns. This person wears a ring.
WOMEN-Shorts-id_00007902-01_4_full,id_00007902,WOMEN,Shorts,full,query,8785,"The tank shirt the person wears has sleeves cut off and it is with cotton fabric and solid color patterns. The neckline of the tank shirt is crew. The person wears a three-point shorts, with denim fabric and graphic patterns. This person has neckwear."
WOMEN-Skirts-id_00000540-02_1_front,id_00000540,WOMEN,Skirts,front,query,8799,"Her tank top has sleeves cut off, cotton fabric and pure color patterns. It has a suspenders neckline. This lady wears a short skirt. The skirt is with cotton fabric and graphic patterns. The outer clothing is with furry fabric and pure color patterns. This lady has a hat in her head. This woman is wearing socks in shoes. This female wears a ring."
WOMEN-Skirts-id_00000557-02_1_front,id_00000557,WOMEN,Skirts,front,query,8801,This person wears a tank tank shirt with pure color patterns. The tank shirt is with cotton fabric. It has a suspenders neckline. This person wears a short skirt. The skirt is with cotton fabric and solid color patterns. This person wears sunglasses.
WOMEN-Skirts-id_00000586-02_4_full,id_00000586,WOMEN,Skirts,full,query,8802,"Her sweater has long sleeves, cotton fabric and pure color patterns. The neckline of it is suspenders. This female wears a three-point skirt. The skirt is with cotton fabric and solid color patterns. The outer clothing the female wears is with furry fabric and pure color patterns. The person is wearing socks in shoes. This female is wearing a ring on her finger. There is an accessory in his her neck."
WOMEN-Skirts-id_00000611-03_4_full,id_00000611,WOMEN,Skirts,full,query,8804,The person wears a long-sleeve shirt with solid color patterns. The shirt is with knitting fabric. It has a v-shape neckline. The person wears a three-point skirt. The skirt is with denim fabric and complicated patterns. This lady is wearing a ring on her finger. The female is wearing a pair of socks.
WOMEN-Skirts-id_00000631-01_4_full,id_00000631,WOMEN,Skirts,full,query,8807,The lady is wearing a long-sleeve shirt with striped patterns and a three-point skirt. The shirt is with cotton fabric and its neckline is stand. The skirt is with denim fabric and other patterns. There is a hat in her head. This person wears socks in shoes.
WOMEN-Skirts-id_00000757-06_4_full,id_00000757,WOMEN,Skirts,full,query,8812,"The tank top this woman wears has no sleeves and its fabric is cotton. The pattern of it is pure color. It has a round neckline. This woman wears a three-point skirt, with cotton fabric and striped patterns. The person is wearing sunglasses. There is an accessory on her wrist. There is a ring on her finger."
WOMEN-Skirts-id_00001065-02_4_full,id_00001065,WOMEN,Skirts,full,query,8817,"Her tank top has no sleeves, cotton fabric and pure color patterns. The neckline of it is crew. The lady wears a three-point skirt. The skirt is with cotton fabric and graphic patterns. There is an accessory in his her neck. The female has a hat in her head. There is an accessory on her wrist."
WOMEN-Skirts-id_00001237-01_4_full,id_00001237,WOMEN,Skirts,full,query,8824,The person wears a long-sleeve sweater with solid color patterns. The sweater is with chiffon fabric. It has a lapel neckline. The person wears a three-point skirt. The skirt is with cotton fabric and graphic patterns. This person wears a ring. The lady is wearing a hat. There is an accessory on her wrist.
WOMEN-Skirts-id_00001322-02_1_front,id_00001322,WOMEN,Skirts,front,query,8826,"The tank shirt this female wears has sleeves cut off and its fabric is cotton. The pattern of it is solid color. It has a crew neckline. This female wears a medium skirt, with cotton fabric and graphic patterns. There is a ring on her finger."
WOMEN-Skirts-id_00001547-05_4_full,id_00001547,WOMEN,Skirts,full,query,8838,This lady wears a tank tank top with solid color patterns and a three-point skirt. The tank top is with cotton fabric and its neckline is crew. The skirt is with cotton fabric and solid color patterns. There is an accessory on her wrist. There is a ring on her finger.
WOMEN-Skirts-id_00001568-02_4_full,id_00001568,WOMEN,Skirts,full,query,8855,This woman is wearing a tank tank shirt with solid color patterns and a three-point skirt. The tank shirt is with cotton fabric. The neckline of the tank shirt is crew. The skirt is with cotton fabric and graphic patterns. There is a ring on her finger. There is an accessory on her wrist.
WOMEN-Skirts-id_00001598-02_4_full,id_00001598,WOMEN,Skirts,full,query,8856,"The upper clothing has no sleeves, cotton fabric and pure color patterns. The neckline of it is suspenders. The lower clothing is of three-point length. The fabric is cotton and it has pure color patterns. There is an accessory on her wrist. There is a ring on her finger. There is an accessory in his her neck."
WOMEN-Skirts-id_00001800-01_1_front,id_00001800,WOMEN,Skirts,front,query,8862,This lady wears a tank tank top with other patterns and a three-point skirt. The tank top is with knitting fabric and its neckline is stand. The skirt is with cotton fabric and solid color patterns. The female has a hat in her head. There is a ring on her finger. There is an accessory on her wrist. This lady is wearing leggings.
WOMEN-Skirts-id_00001911-06_4_full,id_00001911,WOMEN,Skirts,full,query,8868,This person is wearing a tank tank top with pure color patterns. The tank top is with cotton fabric and its neckline is stand. The skirt this person wears is of medium length. The skirt is with cotton fabric and pure color patterns. This woman is wearing a ring on her finger. There is an accessory on her wrist.
WOMEN-Skirts-id_00002166-02_1_front,id_00002166,WOMEN,Skirts,front,query,8873,"The shirt this lady wears has short sleeves and it is with cotton fabric and solid color patterns. The neckline of the shirt is crew. This lady wears a three-quarter skirt, with cotton fabric and solid color patterns. This person is wearing a ring on her finger."
WOMEN-Skirts-id_00002166-02_4_full,id_00002166,WOMEN,Skirts,full,query,8874,This lady wears a short-sleeve T-shirt with solid color patterns and long skirt. The T-shirt is with cotton fabric. The skirt is with cotton fabric and pure color patterns. The female wears a ring.
WOMEN-Skirts-id_00002418-01_1_front,id_00002418,WOMEN,Skirts,front,query,8882,"The upper clothing has sleeves cut off, cotton fabric and solid color patterns. The neckline of it is v-shape. The lower clothing is of long length. The fabric is chiffon and it has graphic patterns. There is an accessory on her wrist. This woman is wearing a ring on her finger. The person has neckwear."
WOMEN-Skirts-id_00002448-01_1_front,id_00002448,WOMEN,Skirts,front,query,8883,The female is wearing a tank tank top with pure color patterns. The tank top is with cotton fabric. It has a crew neckline. The skirt the female wears is of medium length. The skirt is with cotton fabric and pure color patterns. This female wears a pair of sunglasses. There is an accessory on her wrist. There is a ring on her finger.
WOMEN-Skirts-id_00002525-01_4_full,id_00002525,WOMEN,Skirts,full,query,8885,The lady wears a long-sleeve sweater with pure color patterns and a three-point skirt. The sweater is with cotton fabric. The neckline of the sweater is crew. The skirt is with knitting fabric and plaid patterns. This female is wearing socks in shoes. The lady wears a ring.
WOMEN-Skirts-id_00002752-02_1_front,id_00002752,WOMEN,Skirts,front,query,8890,This person is wearing a sleeveless tank shirt with pure color patterns. The tank shirt is with cotton fabric and its neckline is v-shape. The skirt this person wears is of long length. The skirt is with cotton fabric and floral patterns. This lady is wearing a ring on her finger. There is an accessory on her wrist. This lady has neckwear. This person wears a pair of socks.
WOMEN-Skirts-id_00002776-04_4_full,id_00002776,WOMEN,Skirts,full,query,8892,The lady is wearing a short-sleeve shirt with solid color patterns. The shirt is with cotton fabric. It has a round neckline. The skirt the lady wears is of three-point length. The skirt is with cotton fabric and floral patterns.
WOMEN-Skirts-id_00002896-02_4_full,id_00002896,WOMEN,Skirts,full,query,8899,This female is wearing a long-sleeve shirt with solid color patterns. The shirt is with knitting fabric. It has a stand neckline. The skirt this female wears is of three-point length. The skirt is with cotton fabric and pure color patterns. This lady wears a ring. This person wears socks in shoes.
WOMEN-Skirts-id_00002933-03_4_full,id_00002933,WOMEN,Skirts,full,query,8900,"The sweater this person wears has long sleeves and it is with knitting fabric and solid color patterns. The neckline of the sweater is crew. This person wears a three-point skirt, with cotton fabric and floral patterns. This lady has neckwear. This lady has a hat in her head. This female is wearing a ring on her finger. This person wears socks in shoes."
WOMEN-Skirts-id_00002933-04_4_full,id_00002933,WOMEN,Skirts,full,query,8901,The person is wearing a long-sleeve sweater with pure color patterns and a three-point skirt. The sweater is with knitting fabric and its neckline is crew. The skirt is with cotton fabric and floral patterns. This woman is wearing a ring on her finger. This lady wears a pair of socks. There is an accessory in his her neck.
WOMEN-Skirts-id_00002944-01_4_full,id_00002944,WOMEN,Skirts,full,query,8902,The female is wearing a long-sleeve sweater with pure color patterns and a three-point skirt. The sweater is with knitting fabric. The neckline of the sweater is stand. The skirt is with cotton fabric and floral patterns. This lady wears a ring.
WOMEN-Skirts-id_00003070-02_1_front,id_00003070,WOMEN,Skirts,front,query,8911,"The shirt this person wears has short sleeves and its fabric is furry. The pattern of it is solid color. It has a round neckline. This person wears a three-point skirt, with cotton fabric and pure color patterns. This person is wearing a ring on her finger. There is an accessory on her wrist."
WOMEN-Skirts-id_00003156-04_4_full,id_00003156,WOMEN,Skirts,full,query,8912,"The upper clothing has no sleeves, cotton fabric and solid color patterns. It has a v-shape neckline. The lower clothing is of short length. The fabric is cotton and it has graphic patterns. This woman wears a ring. There is an accessory on her wrist."
WOMEN-Skirts-id_00003156-06_1_front,id_00003156,WOMEN,Skirts,front,query,8913,"Her tank shirt has no sleeves, cotton fabric and solid color patterns. It has a v-shape neckline. This female wears a short skirt. The skirt is with cotton fabric and graphic patterns. There is an accessory on her wrist. This female is wearing a ring on her finger."
WOMEN-Skirts-id_00003213-02_7_additional,id_00003213,WOMEN,Skirts,additional,query,8917,"The upper clothing has long sleeves, cotton fabric and solid color patterns. The neckline of it is crew. The lower clothing is of long length. The fabric is cotton and it has floral patterns. The lady also wears an outer clothing, with leather fabric and pure color patterns. This person is wearing a hat. The female has neckwear. This person is wearing a ring on her finger."
WOMEN-Skirts-id_00003277-02_4_full,id_00003277,WOMEN,Skirts,full,query,8918,"The upper clothing has long sleeves, chiffon fabric and solid color patterns. It has a crew neckline. The lower clothing is of three-point length. The fabric is chiffon and it has graphic patterns. This person also wears an outer clothing, with cotton fabric and solid color patterns. The lady is wearing a ring on her finger."
WOMEN-Skirts-id_00003863-02_1_front,id_00003863,WOMEN,Skirts,front,query,8961,"The shirt the lady wears has medium sleeves and its fabric is denim. The pattern of it is solid color. It has a lapel neckline. The lady wears a long skirt, with chiffon fabric and pure color patterns. The female is wearing a hat. The female wears a ring. There is an accessory on her wrist. The person has neckwear."
WOMEN-Skirts-id_00004221-02_1_front,id_00004221,WOMEN,Skirts,front,query,8977,This lady is wearing a tank tank top with solid color patterns. The tank top is with cotton fabric and its neckline is crew. This lady wears a medium skirt. The skirt is with cotton fabric and pure color patterns. The person is wearing a ring on her finger. There is an accessory on her wrist. This female has neckwear.
WOMEN-Skirts-id_00004922-02_4_full,id_00004922,WOMEN,Skirts,full,query,9029,"The tank top this woman wears has no sleeves and it is with cotton fabric and graphic patterns. The neckline of the tank top is round. This woman wears a three-point skirt, with cotton fabric and solid color patterns. There is an accessory on her wrist. The lady wears a ring."
WOMEN-Skirts-id_00004947-01_4_full,id_00004947,WOMEN,Skirts,full,query,9030,The lady is wearing a long-sleeve sweater with solid color patterns. The sweater is with cotton fabric. It has a round neckline. The lady wears a three-point skirt. The skirt is with cotton fabric and graphic patterns. There is an accessory in his her neck. There is a ring on her finger.
WOMEN-Skirts-id_00004947-02_4_full,id_00004947,WOMEN,Skirts,full,query,9031,The lady is wearing a long-sleeve sweater with solid color patterns and a three-point skirt. The sweater is with cotton fabric. The neckline of the sweater is round. The skirt is with cotton fabric and graphic patterns. The female is wearing a ring on her finger. There is an accessory in his her neck.
WOMEN-Skirts-id_00006122-08_4_full,id_00006122,WOMEN,Skirts,full,query,9097,This lady is wearing a short-sleeve T-shirt with solid color patterns and a long skirt. The T-shirt is with cotton fabric and its neckline is crew. The skirt is with cotton fabric and solid color patterns. There is clothing on her waist. There is an accessory on her wrist. This person has neckwear. This female wears a hat. This woman wears a ring.
WOMEN-Skirts-id_00006360-01_1_front,id_00006360,WOMEN,Skirts,front,query,9106,This person wears a tank tank top with pure color patterns. The tank top is with cotton fabric. It has a crew neckline. The skirt this person wears is of medium length. The skirt is with cotton fabric and floral patterns. This person is wearing a ring on her finger.
WOMEN-Skirts-id_00006390-02_4_full,id_00006390,WOMEN,Skirts,full,query,9108,"The upper clothing has sleeves cut off, cotton fabric and floral patterns. It has a suspenders neckline. The lower clothing is of three-point length. The fabric is cotton and it has floral patterns. There is an accessory on her wrist. The person has neckwear. The lady wears a ring."
WOMEN-Skirts-id_00006390-03_4_full,id_00006390,WOMEN,Skirts,full,query,9109,The female wears a sleeveless tank top with floral patterns. The tank top is with cotton fabric. It has a suspenders neckline. The female wears a three-point skirt. The skirt is with cotton fabric and floral patterns. There is a ring on her finger. This person has neckwear. There is an accessory on her wrist.
WOMEN-Skirts-id_00006771-03_1_front,id_00006771,WOMEN,Skirts,front,query,9143,"Her sweater has long sleeves, cotton fabric and solid color patterns. The neckline of it is round. The skirt this person wears is of three-point length. The skirt is with cotton fabric and pure color patterns. The lady is wearing a pair of socks. This woman has neckwear. The lady wears a ring."
WOMEN-Skirts-id_00006810-02_4_full,id_00006810,WOMEN,Skirts,full,query,9144,"Her tank top has sleeves cut off, cotton fabric and pure color patterns. The neckline of it is v-shape. The skirt the lady wears is of medium length. The skirt is with denim fabric and other patterns. This person is wearing a ring on her finger. There is an accessory on her wrist."
WOMEN-Skirts-id_00006810-02_7_additional,id_00006810,WOMEN,Skirts,additional,query,9145,This person is wearing a sleeveless tank shirt with pure color patterns and a short skirt. The tank shirt is with cotton fabric and its neckline is v-shape. The skirt is with denim fabric and other patterns. There is an accessory on her wrist. This woman is wearing a ring on her finger.
WOMEN-Skirts-id_00006857-02_7_additional,id_00006857,WOMEN,Skirts,additional,query,9147,"The tank top the person wears has no sleeves and its fabric is cotton. The pattern of it is solid color. It has a crew neckline. The person wears a long skirt, with cotton fabric and graphic patterns. This lady is wearing a ring on her finger. There is an accessory on her wrist."
WOMEN-Skirts-id_00006881-02_4_full,id_00006881,WOMEN,Skirts,full,query,9148,"Her shirt has long sleeves, cotton fabric and solid color patterns. It has a stand neckline. The skirt the female wears is of three-point length. The skirt is with cotton fabric and striped patterns. The outer clothing is with cotton fabric and pure color patterns. There is a ring on her finger. The female wears leggings."
WOMEN-Skirts-id_00006896-01_4_full,id_00006896,WOMEN,Skirts,full,query,9150,"Her tank top has no sleeves, cotton fabric and solid color patterns. The neckline of it is crew. The skirt this person wears is of three-point length. The skirt is with cotton fabric and pure color patterns. There is an accessory on her wrist. This lady is wearing a ring on her finger."
WOMEN-Skirts-id_00006896-03_4_full,id_00006896,WOMEN,Skirts,full,query,9151,The person wears a sleeveless tank top with solid color patterns and three-point skirt. The tank top is with cotton fabric and it has a crew neckline. The skirt is with cotton fabric and pure color patterns. This lady is wearing a ring on her finger. There is an accessory on her wrist.
WOMEN-Skirts-id_00007236-01_4_full,id_00007236,WOMEN,Skirts,full,query,9166,"Her shirt has long sleeves, cotton fabric and pure color patterns. It has a crew neckline. This woman wears a medium skirt. The skirt is with knitting fabric and solid color patterns. There is an accessory in his her neck."
WOMEN-Skirts-id_00007237-01_4_full,id_00007237,WOMEN,Skirts,full,query,9167,This female is wearing a long-sleeve shirt with pure color patterns and a three-point skirt. The shirt is with chiffon fabric and its neckline is crew. The skirt is with cotton fabric and graphic patterns. This female is wearing a hat. There is an accessory on her wrist.
WOMEN-Skirts-id_00007401-02_2_side,id_00007401,WOMEN,Skirts,side,query,9172,The lady wears a medium-sleeve shirt with pure color patterns and three-point skirt. The shirt is with cotton fabric and it has a lapel neckline. The skirt is with cotton fabric and solid color patterns. This female wears a ring.
WOMEN-Skirts-id_00007401-02_4_full,id_00007401,WOMEN,Skirts,full,query,9173,This lady is wearing a medium-sleeve shirt with solid color patterns and a three-point skirt. The shirt is with cotton fabric. The neckline of the shirt is lapel. The skirt is with cotton fabric and solid color patterns. This person wears a ring. There is an accessory on her wrist.
WOMEN-Skirts-id_00007478-02_4_full,id_00007478,WOMEN,Skirts,full,query,9174,This person is wearing a sleeveless tank shirt with solid color patterns. The tank shirt is with cotton fabric. It has a crew neckline. The skirt this person wears is of three-point length. The skirt is with cotton fabric and graphic patterns. There is an accessory on her wrist. The female wears a ring.
WOMEN-Skirts-id_00007546-05_4_full,id_00007546,WOMEN,Skirts,full,query,9184,The person wears a tank tank top with pure color patterns and three-point skirt. The tank top is with cotton fabric and it has a round neckline. The skirt is with cotton fabric and stripe patterns. This lady wears a ring. There is an accessory on her wrist.
WOMEN-Skirts-id_00007809-07_7_additional,id_00007809,WOMEN,Skirts,additional,query,9199,"Her T-shirt has short sleeves, cotton fabric and pure color patterns. It has a crew neckline. This female wears a long skirt. The skirt is with cotton fabric and pure color patterns. There is an accessory on her wrist."
WOMEN-Sweaters-id_00000125-02_7_additional,id_00000125,WOMEN,Sweaters,additional,query,9215,The female wears a long-sleeve shirt with stripe patterns and long pants. The shirt is with knitting fabric and it has a round neckline. The pants are with denim fabric and complicated patterns.
WOMEN-Sweaters-id_00000151-04_4_full,id_00000151,WOMEN,Sweaters,full,query,9216,"The upper clothing has long sleeves, cotton fabric and pure color patterns. It has a round neckline. The lower clothing is of long length. The fabric is cotton and it has solid color patterns. The female wears a ring."
WOMEN-Sweaters-id_00000415-03_4_full,id_00000415,WOMEN,Sweaters,full,query,9224,This lady is wearing a long-sleeve shirt with solid color patterns and a long trousers. The shirt is with cotton fabric and its neckline is round. The trousers are with cotton fabric and pure color patterns. This woman wears a ring.
WOMEN-Sweaters-id_00000415-04_4_full,id_00000415,WOMEN,Sweaters,full,query,9225,The female wears a long-sleeve shirt with striped patterns. The shirt is with cotton fabric. It has a crew neckline. The pants the female wears is of long length. The pants are with cotton fabric and solid color patterns. There is a ring on her finger.
WOMEN-Sweaters-id_00000656-02_7_additional,id_00000656,WOMEN,Sweaters,additional,query,9242,"Her sweater has long sleeves, knitting fabric and solid color patterns. The neckline of it is round. The pants this lady wears is of long length. The pants are with denim fabric and complicated patterns. The lady wears a ring. This lady wears a hat. There is an accessory in his her neck."
WOMEN-Sweaters-id_00000687-02_4_full,id_00000687,WOMEN,Sweaters,full,query,9247,"Her sweater has long sleeves, knitting fabric and other patterns. It has a v-shape neckline. The trousers this woman wears is of long length. The trousers are with cotton fabric and solid color patterns. The female wears a ring."
WOMEN-Sweaters-id_00000688-02_1_front,id_00000688,WOMEN,Sweaters,front,query,9248,This woman wears a long-sleeve sweater with pure color patterns. The sweater is with cotton fabric. The pants this woman wears is of long length. The pants are with denim fabric and complicated patterns. This person wears a ring.
WOMEN-Sweaters-id_00000739-01_4_full,id_00000739,WOMEN,Sweaters,full,query,9249,This person is wearing a long-sleeve sweater with stripe patterns. The sweater is with cotton fabric and its neckline is crew. This person wears a three-quarter trousers. The trousers are with cotton fabric and solid color patterns. The outer clothing this lady wears is with cotton fabric and solid color patterns. The female is wearing a pair of socks.
WOMEN-Sweaters-id_00000754-02_4_full,id_00000754,WOMEN,Sweaters,full,query,9254,"The T-shirt the person wears has short sleeves, its fabric is knitting, and it has pure color patterns. The T-shirt has a crew neckline. The person wears a long trousers, with cotton fabric and pure color patterns. This lady wears a ring."
WOMEN-Sweaters-id_00000760-01_7_additional,id_00000760,WOMEN,Sweaters,additional,query,9255,This woman is wearing a long-sleeve sweater with stripe patterns. The sweater is with knitting fabric. It has a crew neckline. This woman wears a long pants. The pants are with cotton fabric and solid color patterns. This female wears a ring.
WOMEN-Sweaters-id_00000777-01_4_full,id_00000777,WOMEN,Sweaters,full,query,9256,"The shirt this person wears has long sleeves and it is with cotton fabric and solid color patterns. The neckline of the shirt is round. This person wears a long trousers, with cotton fabric and solid color patterns. There is a ring on her finger. There is an accessory on her wrist."
WOMEN-Sweaters-id_00000850-04_1_front,id_00000850,WOMEN,Sweaters,front,query,9263,This female wears a long-sleeve sweater with solid color patterns. The sweater is with cotton fabric. It has a round neckline. The pants this female wears is of long length. The pants are with denim fabric and complicated patterns. The outer clothing is with knitting fabric and graphic patterns. There is an accessory on her wrist. This lady is wearing a ring on her finger. There is an accessory in his her neck.
WOMEN-Sweaters-id_00000850-05_7_additional,id_00000850,WOMEN,Sweaters,additional,query,9264,This lady wears a long-sleeve shirt with solid color patterns. The shirt is with cotton fabric. It has a round neckline. This lady wears a long trousers. The trousers are with denim fabric and complicated patterns. The outer clothing is with knitting fabric and graphic patterns. The lady wears a ring. There is an accessory on her wrist. This person has neckwear.
WOMEN-Sweaters-id_00000926-01_7_additional,id_00000926,WOMEN,Sweaters,additional,query,9275,The lady is wearing a long-sleeve sweater with graphic patterns and a three-point shorts. The sweater is with knitting fabric. The neckline of the sweater is round. The shorts are with cotton fabric and lattice patterns. The outer clothing is with cotton fabric and pure color patterns. The person wears socks in shoes. The person wears a ring.
WOMEN-Sweaters-id_00000935-01_1_front,id_00000935,WOMEN,Sweaters,front,query,9276,This lady is wearing a long-sleeve sweater with pure color patterns. The sweater is with cotton fabric. It has a lapel neckline. The trousers this lady wears is of long length. The trousers are with denim fabric and pure color patterns. The outer clothing is with cotton fabric and stripe patterns.
WOMEN-Sweaters-id_00000977-02_7_additional,id_00000977,WOMEN,Sweaters,additional,query,9285,This lady is wearing a tank tank shirt with graphic patterns and a long pants. The tank shirt is with cotton fabric and its neckline is crew. The pants are with cotton fabric and pure color patterns. There is an accessory on her wrist. This woman has neckwear.
WOMEN-Sweaters-id_00001210-03_4_full,id_00001210,WOMEN,Sweaters,full,query,9298,"Her sweater has long sleeves, knitting fabric and complicated patterns. It has a crew neckline. This person wears a three-quarter trousers. The trousers are with denim fabric and pure color patterns. There is an accessory in his her neck. This lady wears a ring. There is an accessory on her wrist."
WOMEN-Sweaters-id_00001255-02_7_additional,id_00001255,WOMEN,Sweaters,additional,query,9300,This lady wears a long-sleeve sweater with graphic patterns. The sweater is with knitting fabric. It has a v-shape neckline. The shorts this lady wears is of three-point length. The shorts are with denim fabric and pure color patterns. This female has neckwear. The lady is wearing a hat. The person is wearing a ring on her finger. This person is wearing leggings.
WOMEN-Sweaters-id_00001255-03_7_additional,id_00001255,WOMEN,Sweaters,additional,query,9301,"The upper clothing has long sleeves, knitting fabric and graphic patterns. The lower clothing is of three-point length. The fabric is denim and it has pure color patterns. This person wears a hat. The person wears leggings. The person wears a ring. There is an accessory on her wrist. This female has neckwear."
WOMEN-Sweaters-id_00001265-01_1_front,id_00001265,WOMEN,Sweaters,front,query,9304,"Her sweater has long sleeves, cotton fabric and pure color patterns. The neckline of it is stand. The shorts this person wears is of three-point length. The shorts are with cotton fabric and lattice patterns. The outer clothing is with knitting fabric and other patterns. This female wears socks in shoes. This woman wears a hat."
WOMEN-Sweaters-id_00001544-02_7_additional,id_00001544,WOMEN,Sweaters,additional,query,9316,This lady wears a long-sleeve sweater with solid color patterns and a long trousers. The sweater is with cotton fabric. The neckline of the sweater is crew. The trousers are with denim fabric and solid color patterns. The outer clothing is with knitting fabric and complicated patterns. This female has neckwear. There is an accessory on her wrist. This female wears a ring. There is a belt on her waist.
WOMEN-Sweaters-id_00001727-01_7_additional,id_00001727,WOMEN,Sweaters,additional,query,9339,"The upper clothing has long sleeves, cotton fabric and pure color patterns. The neckline of it is stand. The lower clothing is of long length. The fabric is denim and it has complicated patterns. This female also wears an outer clothing, with cotton fabric and complicated patterns. The lady has a hat in her head. The female wears a ring."
WOMEN-Sweaters-id_00001884-02_7_additional,id_00001884,WOMEN,Sweaters,additional,query,9346,"Her sweater has long sleeves, knitting fabric and solid color patterns. It has a crew neckline. This person wears a long pants. The pants are with leather fabric and solid color patterns. This female wears a ring. There is an accessory on her wrist. This female has neckwear. There is clothing on her waist."
WOMEN-Sweaters-id_00001904-01_7_additional,id_00001904,WOMEN,Sweaters,additional,query,9347,The person is wearing a short-sleeve T-shirt with graphic patterns. The T-shirt is with cotton fabric and its neckline is round. The person wears a three-point pants. The pants are with cotton fabric and floral patterns. The lady wears a ring. This woman wears leggings. There is an accessory in his her neck. There is clothing on her waist. This woman has a hat in her head.
WOMEN-Sweaters-id_00001947-02_7_additional,id_00001947,WOMEN,Sweaters,additional,query,9348,"The sweater the female wears has long sleeves and its fabric is knitting. The pattern of it is complicated. It has a stand neckline. The female wears a long pants, with denim fabric and pure color patterns. This person wears a ring. There is an accessory on her wrist. There is clothing on her waist."
WOMEN-Sweaters-id_00002114-03_7_additional,id_00002114,WOMEN,Sweaters,additional,query,9373,The female wears a long-sleeve sweater with solid color patterns. The sweater is with knitting fabric. It has a crew neckline. The female wears a three-point pants. The pants are with cotton fabric and solid color patterns. The outer clothing is with cotton fabric and pure color patterns. This female wears a ring. This lady wears a belt. The female is wearing socks in shoes.
WOMEN-Sweaters-id_00002124-01_4_full,id_00002124,WOMEN,Sweaters,full,query,9374,The lady wears a long-sleeve sweater with pure color patterns. The sweater is with furry fabric. It has a crew neckline. The lady wears a long trousers. The trousers are with leather fabric and pure color patterns. The outer clothing the lady wears is with cotton fabric and pure color patterns. The female wears a ring.
WOMEN-Sweaters-id_00002124-02_4_full,id_00002124,WOMEN,Sweaters,full,query,9375,"Her shirt has medium sleeves, furry fabric and pure color patterns. It has a crew neckline. The trousers this female wears is of long length. The trousers are with leather fabric and solid color patterns. This female wears a ring. There is a belt on her waist."
WOMEN-Sweaters-id_00002188-02_7_additional,id_00002188,WOMEN,Sweaters,additional,query,9384,"Her shirt has medium sleeves, cotton fabric and solid color patterns. The neckline of it is round. The female wears a three-point pants. The pants are with denim fabric and solid color patterns. This female also wears an outer clothing, with knitting fabric and graphic patterns. This lady has a hat in her head. There is an accessory on her wrist. This woman wears a belt. There is a ring on her finger."
WOMEN-Sweaters-id_00002238-04_7_additional,id_00002238,WOMEN,Sweaters,additional,query,9389,This woman is wearing a long-sleeve sweater with color block patterns. The sweater is with cotton fabric. It has a lapel neckline. The pants this woman wears is of three-point length. The pants are with cotton fabric and lattice patterns. The outer clothing the female wears is with cotton fabric and pure color patterns. This female wears a ring.
WOMEN-Sweaters-id_00002280-01_1_front,id_00002280,WOMEN,Sweaters,front,query,9398,"The person wears a long-sleeve sweater with pure color patterns and a long trousers. The sweater is with cotton fabric. The neckline of the sweater is lapel. The trousers are with leather fabric and solid color patterns. The female also wears an outer clothing, with knitting fabric and graphic patterns. There is a hat in her head. There is an accessory on her wrist. There is a ring on her finger."
WOMEN-Sweaters-id_00002390-02_4_full,id_00002390,WOMEN,Sweaters,full,query,9405,"Her shirt has medium sleeves, cotton fabric and solid color patterns. The female wears a long trousers. The trousers are with cotton fabric and pure color patterns. The lady also wears an outer clothing, with knitting fabric and striped patterns. This female has neckwear. The person wears a ring."
WOMEN-Sweaters-id_00002515-03_4_full,id_00002515,WOMEN,Sweaters,full,query,9412,"The shirt this lady wears has long sleeves, its fabric is knitting, and it has pure color patterns. The shirt has a stand neckline. This lady wears a long trousers, with denim fabric and complicated patterns. The female is wearing a ring on her finger. There is a belt on her waist. There is an accessory on her wrist."
WOMEN-Sweaters-id_00002515-04_4_full,id_00002515,WOMEN,Sweaters,full,query,9413,The person wears a long-sleeve shirt with other patterns and long pants. The shirt is with knitting fabric and it has a stand neckline. The pants are with cotton fabric and floral patterns. There is an accessory on her wrist. This female wears a ring.
WOMEN-Sweaters-id_00002522-02_4_full,id_00002522,WOMEN,Sweaters,full,query,9414,The person wears a medium-sleeve shirt with graphic patterns and a medium shorts. The shirt is with chiffon fabric and its neckline is crew. The shorts are with chiffon fabric and graphic patterns. The outer clothing is with knitting fabric and complicated patterns. This person has neckwear. There is clothing on her waist. There is an accessory on her wrist. The lady is wearing a ring on her finger.
WOMEN-Sweaters-id_00002612-02_7_additional,id_00002612,WOMEN,Sweaters,additional,query,9427,"Her shirt has long sleeves, knitting fabric and stripe patterns. The neckline of it is round. This woman wears a long pants. The pants are with denim fabric and solid color patterns. The outer clothing is with cotton fabric and solid color patterns. This person wears a hat."
WOMEN-Sweaters-id_00002715-01_4_full,id_00002715,WOMEN,Sweaters,full,query,9440,"Her sweater has long sleeves, cotton fabric and solid color patterns. The neckline of it is round. The pants the female wears is of three-point length. The pants are with cotton fabric and pure color patterns. This female also wears an outer clothing, with knitting fabric and stripe patterns. This female wears leggings."
WOMEN-Sweaters-id_00002726-03_4_full,id_00002726,WOMEN,Sweaters,full,query,9441,"The sweater this lady wears has long sleeves, its fabric is knitting, and it has graphic patterns. The sweater has a round neckline. This lady wears a long trousers, with denim fabric and pure color patterns. This woman is wearing a ring on her finger. There is an accessory in his her neck."
WOMEN-Sweaters-id_00002782-02_7_additional,id_00002782,WOMEN,Sweaters,additional,query,9449,This lady is wearing a long-sleeve shirt with floral patterns and a long trousers. The shirt is with cotton fabric and its neckline is crew. The trousers are with denim fabric and other patterns. The outer clothing is with leather fabric and solid color patterns. There is an accessory in his her neck. The female wears a ring. There is a hat in her head.
WOMEN-Sweaters-id_00002790-05_7_additional,id_00002790,WOMEN,Sweaters,additional,query,9450,This woman wears a short-sleeve shirt with solid color patterns and a three-point shorts. The shirt is with knitting fabric and its neckline is crew. The shorts are with denim fabric and pure color patterns. There is an accessory on her wrist. This person is wearing a ring on her finger. The lady has neckwear.
WOMEN-Sweaters-id_00002801-02_4_full,id_00002801,WOMEN,Sweaters,full,query,9454,"The upper clothing has medium sleeves, cotton fabric and solid color patterns. The neckline of it is stand. The lower clothing is of three-point length. The fabric is denim and it has complicated patterns. There is an accessory on her wrist. There is a ring on her finger."
WOMEN-Sweaters-id_00002823-03_4_full,id_00002823,WOMEN,Sweaters,full,query,9455,"The upper clothing has medium sleeves, cotton fabric and graphic patterns. The neckline of it is round. The lower clothing is of three-point length. The fabric is cotton and it has plaid patterns. This person wears a pair of socks."
WOMEN-Sweaters-id_00002823-04_7_additional,id_00002823,WOMEN,Sweaters,additional,query,9456,"The upper clothing has medium sleeves, cotton fabric and graphic patterns. It has a round neckline. The lower clothing is of long length. The fabric is denim and it has solid color patterns."
WOMEN-Sweaters-id_00003038-02_7_additional,id_00003038,WOMEN,Sweaters,additional,query,9461,The person wears a long-sleeve shirt with pure color patterns and a long trousers. The shirt is with knitting fabric. The neckline of the shirt is crew. The trousers are with cotton fabric and complicated patterns. There is a hat in her head. This person wears a ring. There is an accessory on her wrist. This woman has neckwear.
WOMEN-Sweaters-id_00003126-04_7_additional,id_00003126,WOMEN,Sweaters,additional,query,9471,"This woman is wearing a long-sleeve sweater with pure color patterns. The sweater is with cotton fabric. It has a crew neckline. The shorts this woman wears is of three-point length. The shorts are with cotton fabric and pure color patterns. This woman also wears an outer clothing, with cotton fabric and pure color patterns. The female is wearing a ring on her finger."
WOMEN-Sweaters-id_00003221-02_7_additional,id_00003221,WOMEN,Sweaters,additional,query,9488,"The sweater this person wears has long sleeves and its fabric is cotton. The pattern of it is solid color. It has a crew neckline. This person wears a three-point shorts, with mixed fabric and other patterns. The outer clothing is with knitting fabric and solid color patterns. There is a ring on her finger. There is an accessory in his her neck."
WOMEN-Sweaters-id_00003599-01_4_full,id_00003599,WOMEN,Sweaters,full,query,9538,This female is wearing a long-sleeve shirt with solid color patterns. The shirt is with cotton fabric and its neckline is round. The shorts this female wears is of three-point length. The shorts are with denim fabric and solid color patterns. The outer clothing this woman wears is with cotton fabric and graphic patterns. The lady wears a ring. The female has neckwear. This female wears socks in shoes.
WOMEN-Sweaters-id_00003644-06_4_full,id_00003644,WOMEN,Sweaters,full,query,9543,"The upper clothing has long sleeves, cotton fabric and pure color patterns. It has a lapel neckline. The lower clothing is of long length. The fabric is leather and it has solid color patterns. The lady also wears an outer clothing, with cotton fabric and pure color patterns. There is a ring on her finger. There is an accessory on her wrist. This lady wears a hat."
WOMEN-Sweaters-id_00003693-03_4_full,id_00003693,WOMEN,Sweaters,full,query,9548,The lady wears a long-sleeve shirt with graphic patterns and a long trousers. The shirt is with knitting fabric and its neckline is crew. The trousers are with denim fabric and pure color patterns. This woman is wearing a ring on her finger.
WOMEN-Sweaters-id_00003728-01_4_full,id_00003728,WOMEN,Sweaters,full,query,9551,"Her tank top has no sleeves, knitting fabric and graphic patterns. The neckline of it is round. The trousers this female wears is of long length. The trousers are with denim fabric and complicated patterns. This person has neckwear. There is a belt on her waist. There is an accessory on her wrist."
WOMEN-Sweaters-id_00003789-01_7_additional,id_00003789,WOMEN,Sweaters,additional,query,9554,"The female wears a long-sleeve sweater with striped patterns. The sweater is with knitting fabric. It has a stand neckline. The pants the female wears is of long length. The pants are with cotton fabric and solid color patterns. This person also wears an outer clothing, with leather fabric and pure color patterns. The female wears a ring."
WOMEN-Sweaters-id_00003926-01_4_full,id_00003926,WOMEN,Sweaters,full,query,9561,This female wears a long-sleeve sweater with solid color patterns. The sweater is with knitting fabric. It has a crew neckline. This female wears a long trousers. The trousers are with cotton fabric and pure color patterns. The lady wears a ring.
WOMEN-Sweaters-id_00004011-01_4_full,id_00004011,WOMEN,Sweaters,full,query,9573,"Her T-shirt has short sleeves, cotton fabric and solid color patterns. It has a crew neckline. This female wears a long trousers. The trousers are with cotton fabric and graphic patterns. The outer clothing this lady wears is with chiffon fabric and graphic patterns. There is an accessory in his her neck. This person is wearing a ring on her finger. There is an accessory on her wrist."
WOMEN-Sweaters-id_00004095-02_4_full,id_00004095,WOMEN,Sweaters,full,query,9579,"The shirt this lady wears has long sleeves, its fabric is knitting, and it has striped patterns. The shirt has a round neckline. This lady wears a three-point pants, with denim fabric and pure color patterns. There is an accessory on her wrist. There is clothing on her waist. This female wears a hat. This female is wearing a ring on her finger."
WOMEN-Sweaters-id_00004119-04_7_additional,id_00004119,WOMEN,Sweaters,additional,query,9583,"The shirt the lady wears has long sleeves, its fabric is knitting, and it has graphic patterns. The shirt has a crew neckline. The lady wears a long trousers, with denim fabric and pure color patterns. The female wears a ring."
WOMEN-Sweaters-id_00004207-01_7_additional,id_00004207,WOMEN,Sweaters,additional,query,9594,"The lady is wearing a long-sleeve shirt with graphic patterns and a three-point shorts. The shirt is with cotton fabric. The neckline of the shirt is round. The shorts are with leather fabric and solid color patterns. The person also wears an outer clothing, with cotton fabric and pure color patterns. There is an accessory on her wrist. This woman is wearing socks in shoes. The person wears a ring. This lady wears sunglasses."
WOMEN-Sweaters-id_00004244-02_7_additional,id_00004244,WOMEN,Sweaters,additional,query,9596,"This person wears a long-sleeve sweater with solid color patterns and a long pants. The sweater is with cotton fabric. The neckline of the sweater is lapel. The pants are with leather fabric and solid color patterns. This lady also wears an outer clothing, with cotton fabric and plaid patterns. The person is wearing a ring on her finger."
WOMEN-Sweaters-id_00004244-03_7_additional,id_00004244,WOMEN,Sweaters,additional,query,9597,"The female is wearing a long-sleeve shirt with solid color patterns and a long trousers. The shirt is with cotton fabric and its neckline is lapel. The trousers are with leather fabric and solid color patterns. This lady also wears an outer clothing, with cotton fabric and lattice patterns. There is a ring on her finger."
WOMEN-Sweaters-id_00004244-04_7_additional,id_00004244,WOMEN,Sweaters,additional,query,9598,"Her shirt has long sleeves, cotton fabric and pure color patterns. The neckline of it is lapel. The person wears a long pants. The pants are with leather fabric and pure color patterns. The lady also wears an outer clothing, with cotton fabric and lattice patterns."
WOMEN-Sweaters-id_00004299-01_7_additional,id_00004299,WOMEN,Sweaters,additional,query,9605,The female wears a long-sleeve shirt with graphic patterns and a three-point pants. The shirt is with cotton fabric and its neckline is round. The pants are with cotton fabric and graphic patterns. The outer clothing is with cotton fabric and solid color patterns. This person wears a pair of socks. There is an accessory in his her neck. There is a ring on her finger.
WOMEN-Sweaters-id_00004412-04_7_additional,id_00004412,WOMEN,Sweaters,additional,query,9609,"Her shirt has long sleeves, cotton fabric and graphic patterns. It has a lapel neckline. The female wears a three-point pants. The pants are with cotton fabric and solid color patterns. There is an accessory on her wrist. The person wears a pair of socks."
WOMEN-Sweaters-id_00004701-01_4_full,id_00004701,WOMEN,Sweaters,full,query,9644,"The shirt the lady wears has long sleeves and it is with knitting fabric and graphic patterns. The neckline of the shirt is crew. The lady wears a long trousers, with cotton fabric and lattice patterns. The female wears a ring. There is an accessory on her wrist."
WOMEN-Sweaters-id_00004701-02_4_full,id_00004701,WOMEN,Sweaters,full,query,9645,"Her sweater has long sleeves, knitting fabric and graphic patterns. It has a round neckline. The lady wears a long pants. The pants are with cotton fabric and plaid patterns. This person wears a ring."
WOMEN-Sweaters-id_00005127-02_7_additional,id_00005127,WOMEN,Sweaters,additional,query,9696,The lady is wearing a long-sleeve sweater with pure color patterns. The sweater is with knitting fabric. It has a round neckline. The lady wears a long pants. The pants are with cotton fabric and pure color patterns. There is a hat in her head. There is a ring on her finger.
WOMEN-Sweaters-id_00005178-02_7_additional,id_00005178,WOMEN,Sweaters,additional,query,9700,"The shirt this female wears has short sleeves and its fabric is cotton. The pattern of it is pure color. It has a crew neckline. This female wears a three-point pants, with denim fabric and solid color patterns. There is clothing on her waist."
WOMEN-Sweaters-id_00005229-03_4_full,id_00005229,WOMEN,Sweaters,full,query,9703,"The upper clothing has medium sleeves, cotton fabric and graphic patterns. It has a crew neckline. The lower clothing is of long length. The fabric is denim and it has solid color patterns. There is an accessory on her wrist. There is a ring on her finger."
WOMEN-Sweaters-id_00005260-03_7_additional,id_00005260,WOMEN,Sweaters,additional,query,9710,"The upper clothing has medium sleeves, cotton fabric and graphic patterns. The neckline of it is v-shape. The lower clothing is of three-point length. The fabric is denim and it has pure color patterns. The outer clothing this female wears is with chiffon fabric and graphic patterns. There is a ring on her finger. There is an accessory on her wrist. There is an accessory in his her neck."
WOMEN-Sweaters-id_00005317-03_7_additional,id_00005317,WOMEN,Sweaters,additional,query,9715,The person wears a long-sleeve sweater with graphic patterns and three-point pants. The sweater is with knitting fabric and it has a crew neckline. The pants are with denim fabric and solid color patterns. This person wears a pair of socks. There is a hat in her head.
WOMEN-Sweaters-id_00005523-02_4_full,id_00005523,WOMEN,Sweaters,full,query,9729,"The shirt this lady wears has long sleeves, its fabric is cotton, and it has solid color patterns. The shirt has a round neckline. This lady wears a long pants, with leather fabric and solid color patterns. The outer clothing is with knitting fabric and graphic patterns. This person wears a ring. There is an accessory in his her neck. The female wears a hat. There is an accessory on her wrist."
WOMEN-Sweaters-id_00005624-01_4_full,id_00005624,WOMEN,Sweaters,full,query,9736,The person is wearing a medium-sleeve shirt with solid color patterns. The shirt is with furry fabric and its neckline is crew. The shorts the person wears is of three-point length. The shorts are with cotton fabric and solid color patterns. The female wears leggings. There is an accessory on her wrist. There is a ring on her finger.
WOMEN-Sweaters-id_00005831-02_4_full,id_00005831,WOMEN,Sweaters,full,query,9744,"Her sweater has long sleeves, cotton fabric and graphic patterns. The neckline of it is round. There is a ring on her finger. There is an accessory on her wrist. There is an accessory in his her neck."
WOMEN-Sweaters-id_00005922-02_7_additional,id_00005922,WOMEN,Sweaters,additional,query,9755,"The upper clothing has long sleeves, knitting fabric and graphic patterns. The neckline of it is round. The lower clothing is of three-point length. The fabric is cotton and it has solid color patterns. This woman also wears an outer clothing, with furry fabric and pure color patterns. The female wears leggings."
WOMEN-Sweaters-id_00005941-02_7_additional,id_00005941,WOMEN,Sweaters,additional,query,9756,"The upper clothing has long sleeves, knitting fabric and graphic patterns. It has a round neckline. The lower clothing is of long length. The fabric is denim and it has solid color patterns. This lady has neckwear. There is a hat in her head. There is an accessory on her wrist. There is a ring on her finger."
WOMEN-Sweaters-id_00006070-02_7_additional,id_00006070,WOMEN,Sweaters,additional,query,9763,"The upper clothing has long sleeves, cotton fabric and graphic patterns. It has a round neckline. The lower clothing is of three-point length. The fabric is knitting and it has graphic patterns. The outer clothing the lady wears is with leather fabric and solid color patterns. The lady wears a ring."
WOMEN-Sweaters-id_00006205-01_4_full,id_00006205,WOMEN,Sweaters,full,query,9770,This female wears a short-sleeve T-shirt with solid color patterns and a long trousers. The T-shirt is with knitting fabric. The neckline of the T-shirt is crew. The trousers are with denim fabric and complicated patterns. There is an accessory on her wrist. There is a ring on her finger.
WOMEN-Sweaters-id_00006480-02_1_front,id_00006480,WOMEN,Sweaters,front,query,9785,The lady wears a long-sleeve shirt with color block patterns and long pants. The shirt is with knitting fabric and it has a crew neckline. The pants are with denim fabric and other patterns. This lady is wearing a ring on her finger.
WOMEN-Sweaters-id_00006522-02_7_additional,id_00006522,WOMEN,Sweaters,additional,query,9797,"Her shirt has long sleeves, knitting fabric and solid color patterns. It has a lapel neckline. The pants this lady wears is of long length. The pants are with leather fabric and solid color patterns. This woman wears a ring."
WOMEN-Sweaters-id_00006955-01_4_full,id_00006955,WOMEN,Sweaters,full,query,9828,"The upper clothing has long sleeves, knitting fabric and color block patterns. It has a round neckline. The lower clothing is of long length. The fabric is denim and it has solid color patterns. There is a ring on her finger."
WOMEN-Sweaters-id_00007089-03_4_full,id_00007089,WOMEN,Sweaters,full,query,9849,This lady is wearing a long-sleeve shirt with graphic patterns and a long pants. The shirt is with knitting fabric. The neckline of the shirt is crew. The pants are with leather fabric and pure color patterns. There is an accessory on her wrist. This woman wears a ring. The female has a hat in her head. The person has neckwear.
WOMEN-Sweaters-id_00007269-02_7_additional,id_00007269,WOMEN,Sweaters,additional,query,9867,This woman is wearing a long-sleeve shirt with striped patterns. The shirt is with knitting fabric and its neckline is crew. The pants this woman wears is of three-point length. The pants are with cotton fabric and pure color patterns. The outer clothing is with cotton fabric and solid color patterns. The person wears leggings. This person wears a hat.
WOMEN-Sweaters-id_00007293-02_7_additional,id_00007293,WOMEN,Sweaters,additional,query,9868,"The sweater this person wears has long sleeves and its fabric is knitting. The pattern of it is solid color. It has a crew neckline. This person wears a three-point shorts, with cotton fabric and pure color patterns. The outer clothing is with cotton fabric and solid color patterns. This female has neckwear. This person wears socks in shoes. The lady wears a ring."
WOMEN-Sweaters-id_00007443-02_7_additional,id_00007443,WOMEN,Sweaters,additional,query,9884,"Her shirt has long sleeves, knitting fabric and solid color patterns. It has a stand neckline. This female wears a long trousers. The trousers are with leather fabric and pure color patterns. The outer clothing this woman wears is with furry fabric and pure color patterns. This woman has a hat in her head. This lady is wearing a ring on her finger."
WOMEN-Sweaters-id_00007753-01_4_full,id_00007753,WOMEN,Sweaters,full,query,9910,"The upper clothing has long sleeves, knitting fabric and graphic patterns. It has a crew neckline. The lower clothing is of long length. The fabric is denim and it has solid color patterns. There is clothing on her waist."
WOMEN-Sweaters-id_00007801-01_4_full,id_00007801,WOMEN,Sweaters,full,query,9912,"Her shirt has long sleeves, knitting fabric and graphic patterns. The neckline of it is v-shape. The pants the female wears is of long length. The pants are with denim fabric and pure color patterns. This female is wearing a pair of socks."
WOMEN-Sweaters-id_00007801-02_7_additional,id_00007801,WOMEN,Sweaters,additional,query,9913,This person wears a long-sleeve shirt with graphic patterns. The shirt is with knitting fabric. It has a v-shape neckline. The person is wearing a pair of socks.
WOMEN-Sweaters-id_00007813-01_4_full,id_00007813,WOMEN,Sweaters,full,query,9918,This woman wears a long-sleeve shirt with complicated patterns. The shirt is with knitting fabric. It has a lapel neckline. This woman wears a three-point shorts. The shorts are with chiffon fabric and solid color patterns. There is a ring on her finger. There is an accessory on her wrist.
WOMEN-Sweaters-id_00007944-02_7_additional,id_00007944,WOMEN,Sweaters,additional,query,9924,"The shirt this female wears has medium sleeves, its fabric is knitting, and it has pure color patterns. The shirt has a round neckline. This female wears a long trousers, with cotton fabric and solid color patterns. There is an accessory on her wrist. This lady wears a ring. This woman has neckwear."
WOMEN-Sweatshirts_Hoodies-id_00000177-01_4_full,id_00000177,WOMEN,Sweatshirts_Hoodies,full,query,9930,The person is wearing a long-sleeve shirt with graphic patterns. The shirt is with cotton fabric. It has a round neckline. The person wears a three-point pants. The pants are with leather fabric and pure color patterns. The female is wearing leggings. The female is wearing a ring on her finger.
WOMEN-Sweatshirts_Hoodies-id_00000246-02_4_full,id_00000246,WOMEN,Sweatshirts_Hoodies,full,query,9931,"Her shirt has long sleeves, cotton fabric and graphic patterns. The neckline of it is round. The trousers this person wears is of long length. The trousers are with denim fabric and pure color patterns. The lady is wearing a ring on her finger. This lady is wearing a belt."
WOMEN-Sweatshirts_Hoodies-id_00000332-01_4_full,id_00000332,WOMEN,Sweatshirts_Hoodies,full,query,9935,This lady is wearing a long-sleeve sweater with graphic patterns. The sweater is with cotton fabric. It has a crew neckline. The trousers this lady wears is of long length. The trousers are with denim fabric and solid color patterns.
WOMEN-Sweatshirts_Hoodies-id_00000746-01_7_additional,id_00000746,WOMEN,Sweatshirts_Hoodies,additional,query,9944,"The upper clothing has long sleeves, cotton fabric and graphic patterns. It has a round neckline. The lower clothing is of three-point length. The fabric is denim and it has solid color patterns. This person is wearing a ring on her finger. The female is wearing sunglasses. There is an accessory on her wrist."
WOMEN-Sweatshirts_Hoodies-id_00000986-01_4_full,id_00000986,WOMEN,Sweatshirts_Hoodies,full,query,9949,"The shirt the lady wears has long sleeves and its fabric is cotton. The pattern of it is graphic. It has a crew neckline. The lady wears a long pants, with denim fabric and solid color patterns. There is an accessory on her wrist. This woman is wearing a ring on her finger."
WOMEN-Sweatshirts_Hoodies-id_00001096-01_4_full,id_00001096,WOMEN,Sweatshirts_Hoodies,full,query,9950,This female wears a short-sleeve T-shirt with pure color patterns and three-point pants. The T-shirt is with cotton fabric and it has a crew neckline. The pants are with denim fabric and solid color patterns.
WOMEN-Sweatshirts_Hoodies-id_00001254-01_7_additional,id_00001254,WOMEN,Sweatshirts_Hoodies,additional,query,9964,"The shirt this female wears has long sleeves and its fabric is cotton. The pattern of it is graphic. It has a crew neckline. This female wears a long pants, with cotton fabric and pure color patterns. This female wears a pair of socks. The person wears a ring."
WOMEN-Sweatshirts_Hoodies-id_00001382-02_7_additional,id_00001382,WOMEN,Sweatshirts_Hoodies,additional,query,9968,"The shirt this lady wears has long sleeves, its fabric is cotton, and it has graphic patterns. The shirt has a round neckline. This lady wears a three-point shorts, with cotton fabric and graphic patterns. This lady also wears an outer clothing, with cotton fabric and pure color patterns. This female is wearing a pair of socks. This person wears a ring."
WOMEN-Sweatshirts_Hoodies-id_00001702-01_7_additional,id_00001702,WOMEN,Sweatshirts_Hoodies,additional,query,9974,This female wears a long-sleeve sweater with graphic patterns and long trousers. The sweater is with cotton fabric and it has a crew neckline. The trousers are with denim fabric and solid color patterns. There is clothing on her waist.
WOMEN-Sweatshirts_Hoodies-id_00001992-01_4_full,id_00001992,WOMEN,Sweatshirts_Hoodies,full,query,9979,"Her sweater has long sleeves, cotton fabric and graphic patterns. It has a round neckline. The lady wears a three-point pants. The pants are with denim fabric and solid color patterns. There is a ring on her finger. There is an accessory on her wrist."
WOMEN-Sweatshirts_Hoodies-id_00002194-02_7_additional,id_00002194,WOMEN,Sweatshirts_Hoodies,additional,query,9985,The lady is wearing a long-sleeve shirt with solid color patterns. The shirt is with cotton fabric. It has a round neckline. The pants the lady wears is of three-point length. The pants are with cotton fabric and plaid patterns.
WOMEN-Sweatshirts_Hoodies-id_00002251-02_4_full,id_00002251,WOMEN,Sweatshirts_Hoodies,full,query,9986,The lady is wearing a medium-sleeve shirt with graphic patterns. The shirt is with cotton fabric and its neckline is crew. The pants the lady wears is of long length. The pants are with denim fabric and solid color patterns. There is an accessory on her wrist. There is a ring on her finger.
WOMEN-Sweatshirts_Hoodies-id_00003123-05_7_additional,id_00003123,WOMEN,Sweatshirts_Hoodies,additional,query,9996,"Her shirt has long sleeves, cotton fabric and pure color patterns. It has a crew neckline. The female wears a long trousers. The trousers are with denim fabric and solid color patterns. The person is wearing a ring on her finger."
WOMEN-Sweatshirts_Hoodies-id_00003123-06_7_additional,id_00003123,WOMEN,Sweatshirts_Hoodies,additional,query,9997,This lady is wearing a long-sleeve sweater with solid color patterns and a long trousers. The sweater is with cotton fabric and its neckline is round. The trousers are with denim fabric and solid color patterns. There is a ring on her finger.
WOMEN-Sweatshirts_Hoodies-id_00003212-01_4_full,id_00003212,WOMEN,Sweatshirts_Hoodies,full,query,10001,This female wears a long-sleeve sweater with graphic patterns and a three-quarter trousers. The sweater is with cotton fabric and its neckline is v-shape. The trousers are with denim fabric and pure color patterns. This woman wears a ring.
WOMEN-Sweatshirts_Hoodies-id_00003524-01_4_full,id_00003524,WOMEN,Sweatshirts_Hoodies,full,query,10008,This female wears a long-sleeve shirt with graphic patterns and a long pants. The shirt is with cotton fabric. The pants are with denim fabric and solid color patterns. The lady wears a ring. There is clothing on her waist.
WOMEN-Sweatshirts_Hoodies-id_00003587-01_4_full,id_00003587,WOMEN,Sweatshirts_Hoodies,full,query,10011,"Her shirt has long sleeves, cotton fabric and graphic patterns. The neckline of it is crew. The trousers this female wears is of long length. The trousers are with denim fabric and solid color patterns. The person also wears an outer clothing, with cotton fabric and solid color patterns. This lady wears a pair of socks."
WOMEN-Sweatshirts_Hoodies-id_00003595-03_4_full,id_00003595,WOMEN,Sweatshirts_Hoodies,full,query,10012,This female is wearing a long-sleeve sweater with pure color patterns. The sweater is with cotton fabric. It has a crew neckline. This female wears a long trousers. The trousers are with denim fabric and solid color patterns.
WOMEN-Sweatshirts_Hoodies-id_00003595-04_4_full,id_00003595,WOMEN,Sweatshirts_Hoodies,full,query,10013,The female is wearing a long-sleeve sweater with striped patterns. The sweater is with cotton fabric and its neckline is crew. The female wears a long pants. The pants are with denim fabric and solid color patterns.
WOMEN-Sweatshirts_Hoodies-id_00003751-02_4_full,id_00003751,WOMEN,Sweatshirts_Hoodies,full,query,10020,The female wears a long-sleeve sweater with graphic patterns. The sweater is with cotton fabric. It has a round neckline. The pants the female wears is of long length. The pants are with denim fabric and solid color patterns. The female wears a ring.
WOMEN-Sweatshirts_Hoodies-id_00003798-02_3_back,id_00003798,WOMEN,Sweatshirts_Hoodies,back,query,10023,"The upper clothing has long sleeves, cotton fabric and solid color patterns. There is an accessory on her wrist. This woman is wearing a ring on her finger."
WOMEN-Sweatshirts_Hoodies-id_00003823-01_4_full,id_00003823,WOMEN,Sweatshirts_Hoodies,full,query,10024,The lady wears a long-sleeve sweater with graphic patterns. The sweater is with cotton fabric. It has a round neckline. The lady wears a long pants. The pants are with denim fabric and pure color patterns. There is an accessory on her wrist. The lady has neckwear. There is a ring on her finger.
WOMEN-Sweatshirts_Hoodies-id_00004007-01_4_full,id_00004007,WOMEN,Sweatshirts_Hoodies,full,query,10030,"Her sweater has long sleeves, cotton fabric and graphic patterns. It has a crew neckline. The pants this woman wears is of long length. The pants are with denim fabric and solid color patterns. There is an accessory on her wrist. There is clothing on her waist."
WOMEN-Sweatshirts_Hoodies-id_00004257-02_4_full,id_00004257,WOMEN,Sweatshirts_Hoodies,full,query,10034,This female wears a long-sleeve shirt with color block patterns and a long trousers. The shirt is with cotton fabric. The neckline of the shirt is crew. The trousers are with denim fabric and solid color patterns. The female wears a ring.
WOMEN-Sweatshirts_Hoodies-id_00004317-01_1_front,id_00004317,WOMEN,Sweatshirts_Hoodies,front,query,10035,This female is wearing a long-sleeve shirt with graphic patterns. The shirt is with cotton fabric. It has a crew neckline. The pants this female wears is of long length. The pants are with denim fabric and pure color patterns. There is an accessory on her wrist. This person wears a ring.
WOMEN-Sweatshirts_Hoodies-id_00004320-02_1_front,id_00004320,WOMEN,Sweatshirts_Hoodies,front,query,10036,This lady is wearing a long-sleeve sweater with other patterns. The sweater is with knitting fabric and its neckline is round. The pants this lady wears is of three-point length. The pants are with leather fabric and solid color patterns. The female is wearing a ring on her finger.
WOMEN-Sweatshirts_Hoodies-id_00004379-01_7_additional,id_00004379,WOMEN,Sweatshirts_Hoodies,additional,query,10038,The person wears a long-sleeve sweater with graphic patterns and a short shorts. The sweater is with cotton fabric and its neckline is round. The shorts are with denim fabric and solid color patterns. There is a ring on her finger.
WOMEN-Sweatshirts_Hoodies-id_00004591-01_7_additional,id_00004591,WOMEN,Sweatshirts_Hoodies,additional,query,10044,This female is wearing a long-sleeve shirt with graphic patterns and a three-point shorts. The shirt is with knitting fabric. The neckline of the shirt is crew. The shorts are with cotton fabric and pure color patterns. This lady is wearing leggings. This female has a hat in her head.
WOMEN-Sweatshirts_Hoodies-id_00005530-01_4_full,id_00005530,WOMEN,Sweatshirts_Hoodies,full,query,10065,"The shirt this lady wears has long sleeves, its fabric is cotton, and it has graphic patterns. The shirt has a crew neckline. This lady wears a long pants, with denim fabric and solid color patterns. The female wears a hat. The female is wearing a ring on her finger."
WOMEN-Sweatshirts_Hoodies-id_00005733-01_4_full,id_00005733,WOMEN,Sweatshirts_Hoodies,full,query,10069,"The shirt the female wears has long sleeves and its fabric is cotton. The pattern of it is graphic. It has a round neckline. The female wears a three-point pants, with leather fabric and graphic patterns. There is an accessory on her wrist. This woman wears a ring."
WOMEN-Sweatshirts_Hoodies-id_00005844-02_4_full,id_00005844,WOMEN,Sweatshirts_Hoodies,full,query,10071,"The upper clothing has long sleeves, cotton fabric and graphic patterns. It has a crew neckline. The lower clothing is of three-point length. The fabric is cotton and it has plaid patterns. This lady wears a ring. This woman is wearing a pair of socks. This lady is wearing a hat."
WOMEN-Sweatshirts_Hoodies-id_00007068-02_7_additional,id_00007068,WOMEN,Sweatshirts_Hoodies,additional,query,10084,"This lady is wearing a long-sleeve sweater with pure color patterns and a long pants. The sweater is with cotton fabric and its neckline is crew. The pants are with cotton fabric and solid color patterns. This female also wears an outer clothing, with leather fabric and pure color patterns. The person is wearing a hat."
WOMEN-Sweatshirts_Hoodies-id_00007240-01_4_full,id_00007240,WOMEN,Sweatshirts_Hoodies,full,query,10087,The female is wearing a medium-sleeve shirt with graphic patterns. The shirt is with cotton fabric and its neckline is round. The pants the female wears is of three-point length. The pants are with denim fabric and solid color patterns. The person wears a ring.
WOMEN-Tees_Tanks-id_00000007-01_4_full,id_00000007,WOMEN,Tees_Tanks,full,query,10094,This woman wears a long-sleeve shirt with graphic patterns and a long pants. The shirt is with cotton fabric. The neckline of the shirt is round. The pants are with denim fabric and solid color patterns. There is an accessory on her wrist. There is a ring on her finger.
WOMEN-Tees_Tanks-id_00000017-01_4_full,id_00000017,WOMEN,Tees_Tanks,full,query,10095,"Her sweater has long sleeves, cotton fabric and pure color patterns. It has a round neckline. The pants the lady wears is of long length. The pants are with denim fabric and pure color patterns. There is an accessory on her wrist. There is a ring on her finger."
WOMEN-Tees_Tanks-id_00000017-02_4_full,id_00000017,WOMEN,Tees_Tanks,full,query,10096,"Her sweater has long sleeves, cotton fabric and other patterns. This lady wears a short pants. The pants are with denim fabric and solid color patterns. There is a hat in her head. There is a ring on her finger. The lady has neckwear. There is clothing on her waist. This female is wearing socks in shoes."
WOMEN-Tees_Tanks-id_00000222-01_1_front,id_00000222,WOMEN,Tees_Tanks,front,query,10157,This person wears a sleeveless tank top with graphic patterns and three-point shorts. The tank top is with cotton fabric and it has a round neckline. The shorts are with denim fabric and pure color patterns. The person is wearing a pair of socks. There is a ring on her finger. There is clothing on her waist. There is an accessory in his her neck. There is an accessory on her wrist.
WOMEN-Tees_Tanks-id_00000252-02_4_full,id_00000252,WOMEN,Tees_Tanks,full,query,10160,This woman wears a short-sleeve shirt with graphic patterns. The shirt is with cotton fabric. It has a round neckline. The pants this woman wears is of long length. The pants are with leather fabric and solid color patterns. The lady wears a ring.
WOMEN-Tees_Tanks-id_00000327-01_7_additional,id_00000327,WOMEN,Tees_Tanks,additional,query,10178,"The sweater the person wears has long sleeves and it is with cotton fabric and stripe patterns. The neckline of the sweater is round. The person wears a three-point shorts, with cotton fabric and lattice patterns. This lady also wears an outer clothing, with denim fabric and solid color patterns. The female is wearing socks in shoes. There is an accessory in his her neck. The lady has a hat in her head."
WOMEN-Tees_Tanks-id_00000370-03_4_full,id_00000370,WOMEN,Tees_Tanks,full,query,10199,This person wears a long-sleeve shirt with color block patterns and a long pants. The shirt is with cotton fabric and its neckline is round. The pants are with denim fabric and solid color patterns. The outer clothing is with leather fabric and pure color patterns. There is clothing on her waist. There is an accessory on her wrist.
WOMEN-Tees_Tanks-id_00000370-05_7_additional,id_00000370,WOMEN,Tees_Tanks,additional,query,10200,"Her sweater has long sleeves, cotton fabric and color block patterns. It has a round neckline. The trousers this person wears is of long length. The trousers are with denim fabric and pure color patterns. There is an accessory on her wrist. There is clothing on her waist. The female is wearing a ring on her finger."
WOMEN-Tees_Tanks-id_00000409-01_4_full,id_00000409,WOMEN,Tees_Tanks,full,query,10220,This woman is wearing a sleeveless tank shirt with pure color patterns and a long trousers. The tank shirt is with cotton fabric and its neckline is round. The trousers are with denim fabric and solid color patterns. The lady has neckwear. This female is wearing a ring on her finger. There is an accessory on her wrist.
WOMEN-Tees_Tanks-id_00000413-01_7_additional,id_00000413,WOMEN,Tees_Tanks,additional,query,10226,"This female is wearing a long-sleeve sweater with striped patterns. The sweater is with cotton fabric and its neckline is round. This female wears a long trousers. The trousers are with cotton fabric and solid color patterns. The lady also wears an outer clothing, with cotton fabric and solid color patterns. There is a ring on her finger. There is a hat in her head. There is an accessory on her wrist."
WOMEN-Tees_Tanks-id_00000421-01_4_full,id_00000421,WOMEN,Tees_Tanks,full,query,10227,The female wears a tank tank top with graphic patterns and a medium pants. The tank top is with cotton fabric. The neckline of the tank top is crew. The pants are with cotton fabric and striped patterns. This woman wears sunglasses. The lady wears a ring. There is an accessory on her wrist.
WOMEN-Tees_Tanks-id_00000490-02_4_full,id_00000490,WOMEN,Tees_Tanks,full,query,10236,"Her tank shirt has no sleeves, cotton fabric and pure color patterns. It has a round neckline. This woman wears a long trousers. The trousers are with leather fabric and solid color patterns. There is an accessory on her wrist. This lady is wearing a ring on her finger."
WOMEN-Tees_Tanks-id_00000490-02_7_additional,id_00000490,WOMEN,Tees_Tanks,additional,query,10237,"Her tank top has sleeves cut off, cotton fabric and solid color patterns. The neckline of it is crew. The female wears a long pants. The pants are with leather fabric and pure color patterns. There is an accessory on her wrist. This person is wearing a ring on her finger."
WOMEN-Tees_Tanks-id_00000508-01_4_full,id_00000508,WOMEN,Tees_Tanks,full,query,10247,This female wears a sleeveless tank shirt with graphic patterns. The tank shirt is with cotton fabric. It has a round neckline. The trousers this female wears is of long length. The trousers are with leather fabric and pure color patterns. There is an accessory on her wrist. The person has neckwear. There is a ring on her finger.
WOMEN-Tees_Tanks-id_00000552-02_4_full,id_00000552,WOMEN,Tees_Tanks,full,query,10261,The lady is wearing a short-sleeve T-shirt with solid color patterns. The T-shirt is with cotton fabric. It has a round neckline. The pants the lady wears is of three-point length. The pants are with denim fabric and pure color patterns. The outer clothing is with knitting fabric and graphic patterns. This female is wearing a ring on her finger. There is an accessory in his her neck. There is an accessory on her wrist.
WOMEN-Tees_Tanks-id_00000570-01_4_full,id_00000570,WOMEN,Tees_Tanks,full,query,10265,This lady wears a tank tank shirt with graphic patterns and a three-point shorts. The tank shirt is with cotton fabric. The neckline of the tank shirt is crew. The shorts are with denim fabric and solid color patterns. There is an accessory on her wrist. This woman wears a ring. The lady is wearing a pair of socks.
WOMEN-Tees_Tanks-id_00000574-02_7_additional,id_00000574,WOMEN,Tees_Tanks,additional,query,10270,"The lady is wearing a long-sleeve shirt with graphic patterns. The shirt is with cotton fabric and its neckline is round. The shorts the lady wears is of three-point length. The shorts are with cotton fabric and solid color patterns. This person also wears an outer clothing, with knitting fabric and pure color patterns. This female wears socks in shoes. There is a hat in her head."
WOMEN-Tees_Tanks-id_00000579-01_4_full,id_00000579,WOMEN,Tees_Tanks,full,query,10271,The female is wearing a short-sleeve shirt with graphic patterns. The shirt is with cotton fabric and its neckline is crew. The trousers the female wears is of long length. The trousers are with denim fabric and solid color patterns. There is a hat in her head. There is an accessory on her wrist. The lady wears a ring.
WOMEN-Tees_Tanks-id_00000608-01_7_additional,id_00000608,WOMEN,Tees_Tanks,additional,query,10279,"The sweater the female wears has long sleeves and its fabric is cotton. The pattern of it is graphic. It has a crew neckline. The female wears a three-point shorts, with denim fabric and solid color patterns."
WOMEN-Tees_Tanks-id_00000704-02_7_additional,id_00000704,WOMEN,Tees_Tanks,additional,query,10295,"Her shirt has short sleeves, cotton fabric and graphic patterns. It has a crew neckline. The pants the lady wears is of long length. The pants are with cotton fabric and pure color patterns. This person is wearing a ring on her finger. There is an accessory on her wrist."
WOMEN-Tees_Tanks-id_00000717-04_4_full,id_00000717,WOMEN,Tees_Tanks,full,query,10299,"This lady is wearing a long-sleeve sweater with floral patterns. The sweater is with cotton fabric. It has a suspenders neckline. The pants this lady wears is of long length. The pants are with denim fabric and solid color patterns. This female also wears an outer clothing, with knitting fabric and solid color patterns. The female wears a ring."
WOMEN-Tees_Tanks-id_00000738-02_4_full,id_00000738,WOMEN,Tees_Tanks,full,query,10303,"The upper clothing has short sleeves, cotton fabric and graphic patterns. The neckline of it is v-shape. The lower clothing is of long length. The fabric is leather and it has pure color patterns. This woman also wears an outer clothing, with knitting fabric and graphic patterns. The female wears a ring. There is an accessory on her wrist. The female has neckwear."
WOMEN-Tees_Tanks-id_00000771-01_4_full,id_00000771,WOMEN,Tees_Tanks,full,query,10305,"The upper clothing has sleeves cut off, cotton fabric and solid color patterns. It has a suspenders neckline. The lower clothing is of long length. The fabric is cotton and it has pure color patterns. The lady has a hat in her head. There is a ring on her finger. There is an accessory on her wrist."
WOMEN-Tees_Tanks-id_00000771-02_4_full,id_00000771,WOMEN,Tees_Tanks,full,query,10306,"The tank shirt the female wears has sleeves cut off and its fabric is cotton. The pattern of it is solid color. It has a suspenders neckline. The female wears a long trousers, with cotton fabric and pure color patterns. There is a ring on her finger. There is an accessory on her wrist."
WOMEN-Tees_Tanks-id_00000771-03_4_full,id_00000771,WOMEN,Tees_Tanks,full,query,10307,This woman wears a tank tank top with solid color patterns and a long pants. The tank top is with cotton fabric and its neckline is suspenders. The pants are with cotton fabric and pure color patterns. There is a ring on her finger.
WOMEN-Tees_Tanks-id_00000778-04_4_full,id_00000778,WOMEN,Tees_Tanks,full,query,10308,"The upper clothing has long sleeves, cotton fabric and solid color patterns. It has a round neckline. The lower clothing is of long length. The fabric is denim and it has pure color patterns. This female is wearing a ring on her finger. There is an accessory on her wrist. There is an accessory in his her neck."
WOMEN-Tees_Tanks-id_00000778-06_4_full,id_00000778,WOMEN,Tees_Tanks,full,query,10309,The female is wearing a long-sleeve shirt with pure color patterns. The shirt is with cotton fabric and its neckline is crew. The female wears a long pants. The pants are with denim fabric and solid color patterns. There is an accessory on her wrist. The person is wearing a ring on her finger. There is an accessory in his her neck.
WOMEN-Tees_Tanks-id_00000778-07_7_additional,id_00000778,WOMEN,Tees_Tanks,additional,query,10310,"Her shirt has long sleeves, cotton fabric and solid color patterns. The neckline of it is crew. The lady wears a long trousers. The trousers are with denim fabric and pure color patterns. There is an accessory in his her neck. There is a ring on her finger. There is an accessory on her wrist."
WOMEN-Tees_Tanks-id_00000798-04_4_full,id_00000798,WOMEN,Tees_Tanks,full,query,10315,"Her tank top has sleeves cut off, cotton fabric and pure color patterns. The neckline of it is crew. The trousers this woman wears is of long length. The trousers are with denim fabric and solid color patterns. There is a ring on her finger. There is an accessory on her wrist."
WOMEN-Tees_Tanks-id_00000817-01_4_full,id_00000817,WOMEN,Tees_Tanks,full,query,10320,"Her shirt has long sleeves, cotton fabric and graphic patterns. The neckline of it is crew. The pants this lady wears is of three-point length. The pants are with cotton fabric and solid color patterns. The female wears a ring. This woman wears socks in shoes. There is an accessory on her wrist."
WOMEN-Tees_Tanks-id_00000827-02_4_full,id_00000827,WOMEN,Tees_Tanks,full,query,10323,The female is wearing a sleeveless tank top with graphic patterns. The tank top is with cotton fabric and its neckline is crew. The female wears a three-point shorts. The shorts are with denim fabric and pure color patterns. This person is wearing a ring on her finger. This person is wearing leggings. The person has a hat in her head.
WOMEN-Tees_Tanks-id_00000839-03_1_front,id_00000839,WOMEN,Tees_Tanks,front,query,10333,This person is wearing a medium-sleeve shirt with pure color patterns. The shirt is with cotton fabric. It has a round neckline. This person wears a long trousers. The trousers are with denim fabric and pure color patterns. There is an accessory on her wrist. This lady wears a ring.
WOMEN-Tees_Tanks-id_00000839-04_1_front,id_00000839,WOMEN,Tees_Tanks,front,query,10334,"Her shirt has medium sleeves, cotton fabric and pure color patterns. The neckline of it is crew. The female wears a long pants. The pants are with denim fabric and pure color patterns. The female is wearing a ring on her finger. There is an accessory on her wrist."
WOMEN-Tees_Tanks-id_00000841-01_4_full,id_00000841,WOMEN,Tees_Tanks,full,query,10335,This female wears a tank tank shirt with floral patterns and a three-point pants. The tank shirt is with cotton fabric. The neckline of the tank shirt is suspenders. The pants are with denim fabric and pure color patterns. The lady wears a ring. There is an accessory in his her neck. There is an accessory on her wrist.
WOMEN-Tees_Tanks-id_00000871-02_7_additional,id_00000871,WOMEN,Tees_Tanks,additional,query,10339,The lady wears a medium-sleeve shirt with pure color patterns. The shirt is with knitting fabric. It has a crew neckline. The pants the lady wears is of medium length. The pants are with cotton fabric and pure color patterns. There is a ring on her finger.
WOMEN-Tees_Tanks-id_00000882-02_4_full,id_00000882,WOMEN,Tees_Tanks,full,query,10340,This woman wears a tank tank shirt with graphic patterns. The tank shirt is with cotton fabric. It has a round neckline. The pants this woman wears is of long length. The pants are with denim fabric and solid color patterns. The female wears a ring. There is an accessory in his her neck. There is an accessory on her wrist.
WOMEN-Tees_Tanks-id_00000961-03_4_full,id_00000961,WOMEN,Tees_Tanks,full,query,10354,"Her T-shirt has short sleeves, cotton fabric and other patterns. It has a crew neckline. The lady wears a long pants. The pants are with denim fabric and other patterns."
WOMEN-Tees_Tanks-id_00000961-04_4_full,id_00000961,WOMEN,Tees_Tanks,full,query,10355,"The upper clothing has short sleeves, cotton fabric and complicated patterns. It has a crew neckline. The lower clothing is of three-point length. The fabric is denim and it has solid color patterns. This person is wearing a belt. There is an accessory on her wrist. The person is wearing a ring on her finger."
WOMEN-Tees_Tanks-id_00000962-01_4_full,id_00000962,WOMEN,Tees_Tanks,full,query,10356,The female is wearing a tank tank shirt with solid color patterns and a three-point pants. The tank shirt is with cotton fabric and its neckline is suspenders. The pants are with cotton fabric and pure color patterns. There is an accessory on her wrist. There is a ring on her finger.
WOMEN-Tees_Tanks-id_00000966-01_7_additional,id_00000966,WOMEN,Tees_Tanks,additional,query,10360,The female wears a tank tank shirt with pure color patterns and a three-quarter trousers. The tank shirt is with cotton fabric and its neckline is round. The trousers are with leather fabric and pure color patterns. There is a ring on her finger.
WOMEN-Tees_Tanks-id_00000968-05_4_full,id_00000968,WOMEN,Tees_Tanks,full,query,10361,This person wears a short-sleeve shirt with graphic patterns. The shirt is with cotton fabric. It has a crew neckline. This person wears a three-point shorts. The shorts are with denim fabric and solid color patterns. There is an accessory on her wrist. There is a ring on her finger.
WOMEN-Tees_Tanks-id_00000975-02_7_additional,id_00000975,WOMEN,Tees_Tanks,additional,query,10365,The lady wears a sleeveless tank shirt with graphic patterns and a long pants. The tank shirt is with cotton fabric. The neckline of the tank shirt is round. The pants are with denim fabric and pure color patterns. There is an accessory on her wrist. There is a ring on her finger. This person has neckwear.
WOMEN-Tees_Tanks-id_00000990-02_4_full,id_00000990,WOMEN,Tees_Tanks,full,query,10367,This female is wearing a long-sleeve shirt with solid color patterns. The shirt is with cotton fabric and its neckline is round. The pants this female wears is of long length. The pants are with cotton fabric and solid color patterns. There is a ring on her finger.
WOMEN-Tees_Tanks-id_00001025-03_4_full,id_00001025,WOMEN,Tees_Tanks,full,query,10383,This lady is wearing a long-sleeve shirt with stripe patterns. The shirt is with cotton fabric. It has a round neckline. The shorts this lady wears is of three-point length. The shorts are with cotton fabric and floral patterns. This woman wears a pair of socks. There is an accessory in his her neck.
WOMEN-Tees_Tanks-id_00001026-06_4_full,id_00001026,WOMEN,Tees_Tanks,full,query,10384,The lady wears a tank tank top with solid color patterns. The tank top is with cotton fabric. It has a crew neckline. The lady wears a three-point pants. The pants are with denim fabric and solid color patterns. This person has neckwear.
WOMEN-Tees_Tanks-id_00001026-07_7_additional,id_00001026,WOMEN,Tees_Tanks,additional,query,10385,"The tank top the person wears has no sleeves and it is with cotton fabric and other patterns. The neckline of the tank top is crew. The person wears a three-point shorts, with denim fabric and pure color patterns. This lady has neckwear."
WOMEN-Tees_Tanks-id_00001026-08_4_full,id_00001026,WOMEN,Tees_Tanks,full,query,10386,"The tank shirt the person wears has sleeves cut off and its fabric is cotton. The pattern of it is other. It has a crew neckline. The person wears a three-point shorts, with denim fabric and solid color patterns. This female has neckwear."
WOMEN-Tees_Tanks-id_00001113-03_4_full,id_00001113,WOMEN,Tees_Tanks,full,query,10406,This person is wearing a tank tank shirt with solid color patterns. The tank shirt is with cotton fabric and its neckline is crew. This person wears a long pants. The pants are with denim fabric and pure color patterns. There is an accessory in his her neck. The lady wears a ring. There is an accessory on her wrist.
WOMEN-Tees_Tanks-id_00001113-04_4_full,id_00001113,WOMEN,Tees_Tanks,full,query,10407,The person wears a sleeveless tank shirt with pure color patterns and a long trousers. The tank shirt is with cotton fabric. The neckline of the tank shirt is round. The trousers are with denim fabric and solid color patterns. There is an accessory on her wrist. This person wears a ring. There is an accessory in his her neck.
WOMEN-Tees_Tanks-id_00001134-02_7_additional,id_00001134,WOMEN,Tees_Tanks,additional,query,10409,"Her sweater has long sleeves, cotton fabric and solid color patterns. The neckline of it is stand. The shorts this woman wears is of three-point length. The shorts are with leather fabric and solid color patterns. The outer clothing the person wears is with cotton fabric and solid color patterns. The person wears a ring."
WOMEN-Tees_Tanks-id_00001134-03_7_additional,id_00001134,WOMEN,Tees_Tanks,additional,query,10410,"The shirt the female wears has long sleeves, its fabric is cotton, and it has pure color patterns. The shirt has a stand neckline. The female wears a three-point pants, with leather fabric and pure color patterns. The outer clothing this person wears is with cotton fabric and solid color patterns. There is a ring on her finger. There is a hat in her head."
WOMEN-Tees_Tanks-id_00001258-02_4_full,id_00001258,WOMEN,Tees_Tanks,full,query,10446,"The tank top the female wears has no sleeves and it is with cotton fabric and floral patterns. The neckline of the tank top is crew. The female wears a three-point shorts, with denim fabric and pure color patterns. There is an accessory on her wrist. There is an accessory in his her neck. The person wears a ring."
WOMEN-Tees_Tanks-id_00001260-01_4_full,id_00001260,WOMEN,Tees_Tanks,full,query,10447,"Her T-shirt has short sleeves, cotton fabric and graphic patterns. The neckline of it is crew. This person wears a long trousers. The trousers are with denim fabric and solid color patterns. This woman wears sunglasses. There is an accessory on her wrist. This female wears a ring."
WOMEN-Tees_Tanks-id_00001399-02_4_full,id_00001399,WOMEN,Tees_Tanks,full,query,10485,This woman is wearing a short-sleeve T-shirt with graphic patterns. The T-shirt is with cotton fabric. This woman wears a three-point pants. The pants are with denim fabric and pure color patterns. This female has neckwear. There is an accessory on her wrist. The person is wearing a ring on her finger.
WOMEN-Tees_Tanks-id_00001431-02_4_full,id_00001431,WOMEN,Tees_Tanks,full,query,10491,The person wears a sleeveless tank shirt with solid color patterns and long pants. The tank shirt is with cotton fabric and it has a v-shape neckline. The pants are with denim fabric and pure color patterns. There is a ring on her finger.
WOMEN-Tees_Tanks-id_00001438-01_4_full,id_00001438,WOMEN,Tees_Tanks,full,query,10492,"Her shirt has short sleeves, cotton fabric and graphic patterns. The neckline of it is crew. The pants this woman wears is of three-point length. The pants are with denim fabric and pure color patterns. The person is wearing a ring on her finger. The female wears a pair of socks."
WOMEN-Tees_Tanks-id_00001477-04_7_additional,id_00001477,WOMEN,Tees_Tanks,additional,query,10502,"Her tank top has sleeves cut off, cotton fabric and stripe patterns. It has a crew neckline. This woman wears a three-point shorts. The shorts are with denim fabric and pure color patterns. This person wears a pair of socks. The lady is wearing a ring on her finger. There is an accessory in his her neck."
WOMEN-Tees_Tanks-id_00001477-05_4_full,id_00001477,WOMEN,Tees_Tanks,full,query,10503,"Her tank shirt has sleeves cut off, cotton fabric and striped patterns. It has a crew neckline. The pants this person wears is of three-point length. The pants are with denim fabric and solid color patterns. The lady wears a pair of socks. The female has neckwear. This female wears a ring."
WOMEN-Tees_Tanks-id_00001477-06_7_additional,id_00001477,WOMEN,Tees_Tanks,additional,query,10504,This woman wears a short-sleeve T-shirt with striped patterns and a three-point shorts. The T-shirt is with cotton fabric and its neckline is round. The shorts are with denim fabric and pure color patterns. This person wears a ring. The female wears socks in shoes. This lady has neckwear.
WOMEN-Tees_Tanks-id_00001511-04_7_additional,id_00001511,WOMEN,Tees_Tanks,additional,query,10516,The person is wearing a short-sleeve T-shirt with graphic patterns. The T-shirt is with cotton fabric and its neckline is crew. The person wears a long trousers. The trousers are with denim fabric and pure color patterns. There is an accessory on her wrist. The lady wears a ring.
WOMEN-Tees_Tanks-id_00001517-01_7_additional,id_00001517,WOMEN,Tees_Tanks,additional,query,10525,"Her shirt has long sleeves, cotton fabric and graphic patterns. It has a round neckline. The lady wears a long trousers. The trousers are with cotton fabric and pure color patterns. There is a ring on her finger. This woman is wearing a hat."
WOMEN-Tees_Tanks-id_00001543-01_4_full,id_00001543,WOMEN,Tees_Tanks,full,query,10531,"The upper clothing has short sleeves, cotton fabric and graphic patterns. It has a round neckline. The lower clothing is of long length. The fabric is denim and it has solid color patterns. There is an accessory in his her neck."
WOMEN-Tees_Tanks-id_00001569-02_4_full,id_00001569,WOMEN,Tees_Tanks,full,query,10535,"Her T-shirt has short sleeves, cotton fabric and graphic patterns. It has a crew neckline. This person wears a long trousers. The trousers are with denim fabric and solid color patterns. There is an accessory on her wrist. This female wears a ring. There is an accessory in his her neck."
WOMEN-Tees_Tanks-id_00001619-02_7_additional,id_00001619,WOMEN,Tees_Tanks,additional,query,10552,This woman is wearing a tank tank shirt with solid color patterns. The tank shirt is with cotton fabric. It has a round neckline. The trousers this woman wears is of long length. The trousers are with denim fabric and pure color patterns. There is a ring on her finger. There is an accessory on her wrist.
WOMEN-Tees_Tanks-id_00001620-02_4_full,id_00001620,WOMEN,Tees_Tanks,full,query,10553,The female wears a short-sleeve shirt with graphic patterns. The shirt is with cotton fabric. It has a v-shape neckline. The female wears a long pants. The pants are with cotton fabric and solid color patterns. The outer clothing the person wears is with furry fabric and pure color patterns. There is an accessory on her wrist. There is a ring on her finger. This lady has neckwear.
WOMEN-Tees_Tanks-id_00001628-01_7_additional,id_00001628,WOMEN,Tees_Tanks,additional,query,10555,The person wears a short-sleeve shirt with striped patterns and a long trousers. The shirt is with cotton fabric and its neckline is round. The trousers are with denim fabric and pure color patterns. There is clothing on her waist.
WOMEN-Tees_Tanks-id_00001641-01_4_full,id_00001641,WOMEN,Tees_Tanks,full,query,10562,The lady is wearing a tank tank shirt with graphic patterns. The tank shirt is with cotton fabric. It has a crew neckline. The lady wears a three-point pants. The pants are with denim fabric and solid color patterns. The lady is wearing a ring on her finger. There is an accessory on her wrist.
WOMEN-Tees_Tanks-id_00001641-02_7_additional,id_00001641,WOMEN,Tees_Tanks,additional,query,10563,"The tank top the female wears has no sleeves and its fabric is cotton. The pattern of it is graphic. It has a round neckline. The female wears a three-point shorts, with denim fabric and pure color patterns. The lady is wearing sunglasses. There is an accessory on her wrist. There is a ring on her finger."
WOMEN-Tees_Tanks-id_00001665-04_4_full,id_00001665,WOMEN,Tees_Tanks,full,query,10568,"The shirt this person wears has short sleeves, its fabric is cotton, and it has pure color patterns. The shirt has a round neckline. This person wears a long pants, with denim fabric and graphic patterns. There is an accessory on her wrist. This female has neckwear. The person wears a belt. There is a ring on her finger."
WOMEN-Tees_Tanks-id_00001665-07_4_full,id_00001665,WOMEN,Tees_Tanks,full,query,10569,"Her sweater has long sleeves, cotton fabric and solid color patterns. The neckline of it is crew. This woman wears a three-point pants. The pants are with cotton fabric and graphic patterns. This woman also wears an outer clothing, with denim fabric and pure color patterns. The lady has neckwear. There is a ring on her finger."
WOMEN-Tees_Tanks-id_00001665-08_4_full,id_00001665,WOMEN,Tees_Tanks,full,query,10570,This female is wearing a short-sleeve shirt with solid color patterns. The shirt is with cotton fabric and its neckline is crew. This female wears a three-point shorts. The shorts are with cotton fabric and graphic patterns. There is an accessory in his her neck. There is an accessory on her wrist.
WOMEN-Tees_Tanks-id_00001678-07_4_full,id_00001678,WOMEN,Tees_Tanks,full,query,10572,This woman wears a short-sleeve shirt with graphic patterns and long pants. The shirt is with cotton fabric and it has a crew neckline. The pants are with denim fabric and pure color patterns. This person is wearing a ring on her finger.
WOMEN-Tees_Tanks-id_00001691-05_4_full,id_00001691,WOMEN,Tees_Tanks,full,query,10575,"The sweater the lady wears has long sleeves, its fabric is cotton, and it has solid color patterns. The sweater has a crew neckline. The lady wears a long pants, with denim fabric and pure color patterns. This woman has neckwear. The person wears a ring."
WOMEN-Tees_Tanks-id_00001816-02_7_additional,id_00001816,WOMEN,Tees_Tanks,additional,query,10606,This woman is wearing a sleeveless tank shirt with graphic patterns. The tank shirt is with knitting fabric and its neckline is round. The trousers this woman wears is of long length. The trousers are with cotton fabric and solid color patterns. There is an accessory on her wrist.
WOMEN-Tees_Tanks-id_00001824-01_4_full,id_00001824,WOMEN,Tees_Tanks,full,query,10607,"The upper clothing has long sleeves, cotton fabric and solid color patterns. The neckline of it is round. The lower clothing is of long length. The fabric is denim and it has pure color patterns. This lady wears a belt. There is a ring on her finger."
WOMEN-Tees_Tanks-id_00001902-01_4_full,id_00001902,WOMEN,Tees_Tanks,full,query,10619,"Her tank shirt has no sleeves, cotton fabric and graphic patterns. It has a crew neckline. This woman wears a long trousers. The trousers are with cotton fabric and graphic patterns. The female has neckwear. There is an accessory on her wrist. This lady wears a ring."
WOMEN-Tees_Tanks-id_00001923-02_7_additional,id_00001923,WOMEN,Tees_Tanks,additional,query,10624,"Her tank shirt has no sleeves, cotton fabric and solid color patterns. The neckline of it is round. The shorts this lady wears is of three-point length. The shorts are with leather fabric and solid color patterns. There is a ring on her finger."
WOMEN-Tees_Tanks-id_00001934-01_4_full,id_00001934,WOMEN,Tees_Tanks,full,query,10636,"Her shirt has long sleeves, cotton fabric and other patterns. It has a round neckline. The pants this lady wears is of long length. The pants are with cotton fabric and solid color patterns. There is a ring on her finger."
WOMEN-Tees_Tanks-id_00001970-03_7_additional,id_00001970,WOMEN,Tees_Tanks,additional,query,10655,"The person wears a short-sleeve shirt with striped patterns and a long pants. The shirt is with cotton fabric. The neckline of the shirt is crew. The pants are with cotton fabric and pure color patterns. This person also wears an outer clothing, with cotton fabric and solid color patterns. The person has a hat in her head. There is a ring on her finger."
WOMEN-Tees_Tanks-id_00001982-05_7_additional,id_00001982,WOMEN,Tees_Tanks,additional,query,10659,This female is wearing a short-sleeve T-shirt with solid color patterns and a three-point shorts. The T-shirt is with cotton fabric. The neckline of the T-shirt is round. The shorts are with denim fabric and pure color patterns. This female wears a ring.
WOMEN-Tees_Tanks-id_00001987-02_1_front,id_00001987,WOMEN,Tees_Tanks,front,query,10661,This female is wearing a sleeveless tank shirt with graphic patterns. The tank shirt is with cotton fabric and its neckline is crew. This female wears a three-point shorts. The shorts are with denim fabric and pure color patterns. There is an accessory in his her neck.
WOMEN-Tees_Tanks-id_00002015-01_7_additional,id_00002015,WOMEN,Tees_Tanks,additional,query,10666,"The shirt this lady wears has short sleeves and its fabric is cotton. The pattern of it is solid color. It has a round neckline. This lady wears a long pants, with denim fabric and pure color patterns. There is clothing on her waist."
WOMEN-Tees_Tanks-id_00002015-03_7_additional,id_00002015,WOMEN,Tees_Tanks,additional,query,10667,"The sweater this lady wears has long sleeves and it is with cotton fabric and pure color patterns. The neckline of the sweater is crew. This lady wears a long trousers, with denim fabric and pure color patterns. This woman also wears an outer clothing, with knitting fabric and pure color patterns. The person is wearing a ring on her finger. This person has neckwear."
WOMEN-Tees_Tanks-id_00002022-02_4_full,id_00002022,WOMEN,Tees_Tanks,full,query,10670,The person is wearing a sleeveless tank shirt with graphic patterns. The tank shirt is with cotton fabric and its neckline is crew. The pants the person wears is of three-point length. The pants are with leather fabric and pure color patterns. The person is wearing a ring on her finger. This female wears a pair of sunglasses. There is an accessory on her wrist.
WOMEN-Tees_Tanks-id_00002063-01_4_full,id_00002063,WOMEN,Tees_Tanks,full,query,10675,This woman wears a sleeveless tank top with graphic patterns and long trousers. The tank top is with cotton fabric and it has a round neckline. The trousers are with cotton fabric and solid color patterns. There is a ring on her finger. There is an accessory on her wrist. The lady has neckwear.
WOMEN-Tees_Tanks-id_00002071-06_4_full,id_00002071,WOMEN,Tees_Tanks,full,query,10677,The female wears a short-sleeve shirt with pure color patterns. The shirt is with cotton fabric. It has a round neckline. The shorts the female wears is of three-point length. The shorts are with cotton fabric and solid color patterns. This lady is wearing a ring on her finger. The female has neckwear. There is an accessory on her wrist.
WOMEN-Tees_Tanks-id_00002094-02_4_full,id_00002094,WOMEN,Tees_Tanks,full,query,10684,"The shirt this woman wears has long sleeves, its fabric is cotton, and it has floral patterns. The shirt has a round neckline. This woman wears a three-point shorts, with denim fabric and solid color patterns. The person also wears an outer clothing, with furry fabric and solid color patterns. The person has neckwear. The female is wearing a ring on her finger."
WOMEN-Tees_Tanks-id_00002094-03_7_additional,id_00002094,WOMEN,Tees_Tanks,additional,query,10685,"Her shirt has long sleeves, cotton fabric and floral patterns. It has a round neckline. The lady wears a three-point pants. The pants are with denim fabric and pure color patterns. There is an accessory in his her neck. The female has a hat in her head. There is a ring on her finger."
WOMEN-Tees_Tanks-id_00002150-04_4_full,id_00002150,WOMEN,Tees_Tanks,full,query,10696,"The upper clothing has sleeves cut off, cotton fabric and graphic patterns. The neckline of it is crew. The lower clothing is of long length. The fabric is denim and it has solid color patterns. There is a ring on her finger. There is an accessory on her wrist. The female has neckwear."
WOMEN-Tees_Tanks-id_00002152-03_4_full,id_00002152,WOMEN,Tees_Tanks,full,query,10701,The person is wearing a long-sleeve shirt with solid color patterns. The shirt is with cotton fabric and its neckline is round. The pants the person wears is of long length. The pants are with cotton fabric and pure color patterns. The outer clothing this person wears is with leather fabric and solid color patterns.
WOMEN-Tees_Tanks-id_00002154-02_7_additional,id_00002154,WOMEN,Tees_Tanks,additional,query,10702,The female is wearing a sleeveless tank shirt with graphic patterns. The tank shirt is with cotton fabric. It has a crew neckline. The female wears a three-point pants. The pants are with denim fabric and solid color patterns. There is an accessory on her wrist. The person is wearing socks in shoes. This woman is wearing a ring on her finger.
WOMEN-Tees_Tanks-id_00002158-02_7_additional,id_00002158,WOMEN,Tees_Tanks,additional,query,10706,"The sweater this woman wears has long sleeves, its fabric is cotton, and it has stripe patterns. The sweater has a round neckline. This woman wears a long trousers, with cotton fabric and solid color patterns. The outer clothing this female wears is with cotton fabric and solid color patterns. The lady wears a ring."
WOMEN-Tees_Tanks-id_00002172-01_4_full,id_00002172,WOMEN,Tees_Tanks,full,query,10739,"Her shirt has short sleeves, cotton fabric and graphic patterns. The neckline of it is round. The trousers this female wears is of long length. The trousers are with denim fabric and solid color patterns. The lady is wearing a belt. There is a ring on her finger."
WOMEN-Tees_Tanks-id_00002214-02_4_full,id_00002214,WOMEN,Tees_Tanks,full,query,10773,The person is wearing a short-sleeve T-shirt with graphic patterns and a three-point pants. The T-shirt is with cotton fabric. The neckline of the T-shirt is round. The pants are with denim fabric and pure color patterns. There is an accessory on her wrist. This person has neckwear. There is a ring on her finger.
WOMEN-Tees_Tanks-id_00002227-01_4_full,id_00002227,WOMEN,Tees_Tanks,full,query,10781,The person wears a sleeveless tank shirt with graphic patterns and a medium pants. The tank shirt is with cotton fabric. The neckline of the tank shirt is crew. The pants are with denim fabric and pure color patterns. There is an accessory on her wrist. This lady is wearing a pair of socks. There is a ring on her finger. The person wears a pair of sunglasses.
WOMEN-Tees_Tanks-id_00002258-04_4_full,id_00002258,WOMEN,Tees_Tanks,full,query,10788,The lady wears a short-sleeve T-shirt with pure color patterns. The T-shirt is with cotton fabric. It has a round neckline. The shorts the lady wears is of three-point length. The shorts are with denim fabric and graphic patterns. There is a ring on her finger. There is an accessory in his her neck. There is an accessory on her wrist.
WOMEN-Tees_Tanks-id_00002259-05_4_full,id_00002259,WOMEN,Tees_Tanks,full,query,10789,The person wears a short-sleeve T-shirt with pure color patterns. The T-shirt is with cotton fabric. It has a crew neckline. The person wears a long trousers. The trousers are with cotton fabric and pure color patterns.
WOMEN-Tees_Tanks-id_00002259-08_4_full,id_00002259,WOMEN,Tees_Tanks,full,query,10790,"The T-shirt this lady wears has short sleeves and its fabric is cotton. The pattern of it is solid color. It has a crew neckline. This lady wears a long trousers, with cotton fabric and pure color patterns."
WOMEN-Tees_Tanks-id_00002263-03_4_full,id_00002263,WOMEN,Tees_Tanks,full,query,10794,This woman wears a short-sleeve T-shirt with floral patterns and long trousers. The T-shirt is with cotton fabric and it has a crew neckline. The trousers are with denim fabric and pure color patterns. This female is wearing a ring on her finger.
WOMEN-Tees_Tanks-id_00002288-01_1_front,id_00002288,WOMEN,Tees_Tanks,front,query,10803,"Her T-shirt has short sleeves, cotton fabric and complicated patterns. It has a crew neckline. This woman wears a long pants. The pants are with cotton fabric and complicated patterns."
WOMEN-Tees_Tanks-id_00002308-03_4_full,id_00002308,WOMEN,Tees_Tanks,full,query,10806,"The upper clothing has long sleeves, cotton fabric and graphic patterns. It has a crew neckline. The lower clothing is of long length. The fabric is denim and it has pure color patterns. The person is wearing a ring on her finger."
WOMEN-Tees_Tanks-id_00002308-04_4_full,id_00002308,WOMEN,Tees_Tanks,full,query,10807,"The shirt this female wears has long sleeves, its fabric is cotton, and it has graphic patterns. The shirt has a round neckline. This female wears a long trousers, with denim fabric and pure color patterns. There is a ring on her finger."
WOMEN-Tees_Tanks-id_00002318-01_7_additional,id_00002318,WOMEN,Tees_Tanks,additional,query,10809,"Her tank top has no sleeves, cotton fabric and stripe patterns. It has a crew neckline. The trousers the person wears is of long length. The trousers are with cotton fabric and pure color patterns. The person also wears an outer clothing, with cotton fabric and pure color patterns. This female wears a ring."
WOMEN-Tees_Tanks-id_00002360-01_7_additional,id_00002360,WOMEN,Tees_Tanks,additional,query,10821,"Her tank shirt has no sleeves, cotton fabric and floral patterns. The neckline of it is crew. The person wears a three-point pants. The pants are with denim fabric and solid color patterns. There is a hat in her head. This person wears a ring. There is an accessory on her wrist. There is an accessory in his her neck."
WOMEN-Tees_Tanks-id_00002423-03_4_full,id_00002423,WOMEN,Tees_Tanks,full,query,10844,"Her T-shirt has short sleeves, cotton fabric and other patterns. The neckline of it is v-shape. The trousers the female wears is of long length. The trousers are with denim fabric and solid color patterns. This woman wears a ring. There is a belt on her waist. There is an accessory on her wrist."
WOMEN-Tees_Tanks-id_00002423-04_4_full,id_00002423,WOMEN,Tees_Tanks,full,query,10845,This lady is wearing a short-sleeve T-shirt with other patterns. The T-shirt is with cotton fabric. It has a v-shape neckline. This lady wears a long pants. The pants are with denim fabric and pure color patterns. This female is wearing a ring on her finger. There is an accessory on her wrist.
WOMEN-Tees_Tanks-id_00002568-01_4_full,id_00002568,WOMEN,Tees_Tanks,full,query,10886,This female is wearing a short-sleeve shirt with striped patterns and a three-point pants. The shirt is with cotton fabric. The neckline of the shirt is crew. The pants are with denim fabric and pure color patterns.
WOMEN-Tees_Tanks-id_00002570-02_7_additional,id_00002570,WOMEN,Tees_Tanks,additional,query,10888,"The upper clothing has short sleeves, cotton fabric and graphic patterns. The neckline of it is round. The lower clothing is of long length. The fabric is denim and it has solid color patterns. There is an accessory on her wrist. The female wears a ring."
WOMEN-Tees_Tanks-id_00002643-01_4_full,id_00002643,WOMEN,Tees_Tanks,full,query,10901,The female wears a long-sleeve sweater with graphic patterns and a three-point pants. The sweater is with cotton fabric. The neckline of the sweater is round. The pants are with cotton fabric and pure color patterns. The outer clothing is with denim fabric and solid color patterns. The female is wearing a pair of socks. There is an accessory on her wrist. There is a ring on her finger.
WOMEN-Tees_Tanks-id_00002647-02_4_full,id_00002647,WOMEN,Tees_Tanks,full,query,10902,This person is wearing a tank tank top with solid color patterns. The tank top is with cotton fabric. It has a round neckline. This person wears a short shorts. The shorts are with cotton fabric and solid color patterns. The person is wearing a ring on her finger.
WOMEN-Tees_Tanks-id_00002652-02_4_full,id_00002652,WOMEN,Tees_Tanks,full,query,10903,This female wears a tank tank shirt with graphic patterns. The tank shirt is with cotton fabric. It has a round neckline. This female wears a long pants. The pants are with chiffon fabric and pure color patterns. The person is wearing a ring on her finger. The person wears a hat. There is an accessory on her wrist.
WOMEN-Tees_Tanks-id_00002673-01_1_front,id_00002673,WOMEN,Tees_Tanks,front,query,10905,The person wears a short-sleeve T-shirt with color block patterns and three-quarter trousers. The T-shirt is with cotton fabric and it has a v-shape neckline. The trousers are with leather fabric and solid color patterns. This person wears socks in shoes. This female is wearing a pair of sunglasses. This woman wears a ring. This lady wears a hat.
WOMEN-Tees_Tanks-id_00002694-02_7_additional,id_00002694,WOMEN,Tees_Tanks,additional,query,10918,"Her shirt has medium sleeves, cotton fabric and pure color patterns. It has a round neckline. The pants the lady wears is of long length. The pants are with denim fabric and solid color patterns. There is a hat in her head. There is an accessory on her wrist. There is an accessory in his her neck. There is a ring on her finger."
WOMEN-Tees_Tanks-id_00002810-02_4_full,id_00002810,WOMEN,Tees_Tanks,full,query,10936,"The shirt this lady wears has long sleeves and its fabric is cotton. The pattern of it is striped. It has a v-shape neckline. This lady wears a long trousers, with denim fabric and solid color patterns."
WOMEN-Tees_Tanks-id_00002824-03_4_full,id_00002824,WOMEN,Tees_Tanks,full,query,10942,"The upper clothing has short sleeves, cotton fabric and solid color patterns. It has a round neckline. The lower clothing is of three-point length. The fabric is denim and it has solid color patterns. The lady wears a ring. This woman has neckwear. There is an accessory on her wrist."
WOMEN-Tees_Tanks-id_00002824-04_4_full,id_00002824,WOMEN,Tees_Tanks,full,query,10943,The female wears a short-sleeve T-shirt with solid color patterns and a three-point shorts. The T-shirt is with cotton fabric. The neckline of the T-shirt is crew. The shorts are with denim fabric and pure color patterns. There is a ring on her finger. There is an accessory in his her neck. There is an accessory on her wrist.
WOMEN-Tees_Tanks-id_00002882-01_4_full,id_00002882,WOMEN,Tees_Tanks,full,query,10952,The female is wearing a sleeveless tank shirt with graphic patterns. The tank shirt is with cotton fabric and its neckline is suspenders. The shorts the female wears is of three-point length. The shorts are with denim fabric and solid color patterns. There is an accessory on her wrist. There is a ring on her finger.
WOMEN-Tees_Tanks-id_00002908-01_4_full,id_00002908,WOMEN,Tees_Tanks,full,query,10968,"Her T-shirt has short sleeves, cotton fabric and floral patterns. It has a crew neckline. The shorts this woman wears is of three-point length. The shorts are with denim fabric and pure color patterns."
WOMEN-Tees_Tanks-id_00002915-02_7_additional,id_00002915,WOMEN,Tees_Tanks,additional,query,10970,"Her sweater has long sleeves, cotton fabric and pure color patterns. It has a round neckline. The pants this lady wears is of long length. The pants are with cotton fabric and solid color patterns."
WOMEN-Tees_Tanks-id_00002950-03_4_full,id_00002950,WOMEN,Tees_Tanks,full,query,10980,The person wears a short-sleeve T-shirt with graphic patterns and a three-point pants. The T-shirt is with cotton fabric and its neckline is crew. The pants are with denim fabric and pure color patterns. This lady is wearing a pair of sunglasses. There is an accessory on her wrist.
WOMEN-Tees_Tanks-id_00002954-01_4_full,id_00002954,WOMEN,Tees_Tanks,full,query,10983,"The tank shirt the lady wears has sleeves cut off, its fabric is cotton, and it has graphic patterns. The tank shirt has a round neckline. The lady wears a long pants, with cotton fabric and pure color patterns."
WOMEN-Tees_Tanks-id_00002969-07_4_full,id_00002969,WOMEN,Tees_Tanks,full,query,10988,"Her tank top has sleeves cut off, cotton fabric and solid color patterns. The lady wears a three-point pants. The pants are with denim fabric and solid color patterns. There is a ring on her finger."
WOMEN-Tees_Tanks-id_00002969-08_4_full,id_00002969,WOMEN,Tees_Tanks,full,query,10989,The lady is wearing a sleeveless tank shirt with solid color patterns and a three-point shorts. The tank shirt is with cotton fabric. The shorts are with denim fabric and pure color patterns. This person is wearing a ring on her finger.
WOMEN-Tees_Tanks-id_00002969-09_4_full,id_00002969,WOMEN,Tees_Tanks,full,query,10990,"Her tank shirt has no sleeves, cotton fabric and solid color patterns. The shorts this person wears is of three-point length. The shorts are with denim fabric and solid color patterns. This female wears a ring."
WOMEN-Tees_Tanks-id_00002969-09_7_additional,id_00002969,WOMEN,Tees_Tanks,additional,query,10991,This female is wearing a sleeveless tank top with solid color patterns. The tank top is with cotton fabric and its neckline is round. This female wears a three-point pants. The pants are with denim fabric and solid color patterns. This female wears a ring.
WOMEN-Tees_Tanks-id_00002969-10_4_full,id_00002969,WOMEN,Tees_Tanks,full,query,10992,"The tank shirt this lady wears has no sleeves, its fabric is cotton, and it has solid color patterns. This lady wears a three-point pants, with denim fabric and solid color patterns. There is a ring on her finger."
WOMEN-Tees_Tanks-id_00002974-02_7_additional,id_00002974,WOMEN,Tees_Tanks,additional,query,10993,The person wears a short-sleeve shirt with floral patterns and a three-point pants. The shirt is with cotton fabric and its neckline is round. The pants are with denim fabric and solid color patterns. There is an accessory on her wrist. There is an accessory in his her neck.
WOMEN-Tees_Tanks-id_00002988-02_4_full,id_00002988,WOMEN,Tees_Tanks,full,query,10995,"Her shirt has long sleeves, cotton fabric and graphic patterns. The neckline of it is crew. The pants this woman wears is of three-point length. The pants are with denim fabric and pure color patterns. The outer clothing the female wears is with chiffon fabric and pure color patterns. There is a ring on her finger. There is an accessory in his her neck."
WOMEN-Tees_Tanks-id_00003000-02_4_full,id_00003000,WOMEN,Tees_Tanks,full,query,10996,The female is wearing a long-sleeve shirt with complicated patterns and a three-point pants. The shirt is with cotton fabric and its neckline is round. The pants are with leather fabric and pure color patterns. The outer clothing is with knitting fabric and pure color patterns. There is clothing on her waist. This woman is wearing leggings. This lady has neckwear. This person wears a ring.
WOMEN-Tees_Tanks-id_00003006-02_7_additional,id_00003006,WOMEN,Tees_Tanks,additional,query,11001,"Her shirt has medium sleeves, cotton fabric and solid color patterns. The neckline of it is round. The lady wears a three-point shorts. The shorts are with cotton fabric and solid color patterns. The person has neckwear. The lady wears a pair of socks. This female is wearing a ring on her finger."
WOMEN-Tees_Tanks-id_00003006-03_4_full,id_00003006,WOMEN,Tees_Tanks,full,query,11002,The lady is wearing a long-sleeve sweater with solid color patterns. The sweater is with cotton fabric. It has a round neckline. The pants the lady wears is of three-point length. The pants are with leather fabric and solid color patterns. There is an accessory in his her neck. The female is wearing a belt.
WOMEN-Tees_Tanks-id_00003124-02_7_additional,id_00003124,WOMEN,Tees_Tanks,additional,query,11021,"This woman is wearing a long-sleeve shirt with floral patterns and a three-point shorts. The shirt is with cotton fabric and its neckline is round. The shorts are with cotton fabric and pure color patterns. This person also wears an outer clothing, with cotton fabric and solid color patterns. There is a ring on her finger."
WOMEN-Tees_Tanks-id_00003124-03_4_full,id_00003124,WOMEN,Tees_Tanks,full,query,11022,"The upper clothing has long sleeves, cotton fabric and floral patterns. It has a round neckline. The lower clothing is of long length. The fabric is leather and it has pure color patterns. There is a ring on her finger. There is an accessory on her wrist."
WOMEN-Tees_Tanks-id_00003157-01_7_additional,id_00003157,WOMEN,Tees_Tanks,additional,query,11027,The person is wearing a short-sleeve shirt with solid color patterns and a long trousers. The shirt is with cotton fabric. The neckline of the shirt is crew. The trousers are with leather fabric and pure color patterns. The female wears a ring. There is an accessory on her wrist.
WOMEN-Tees_Tanks-id_00003160-04_4_full,id_00003160,WOMEN,Tees_Tanks,full,query,11029,The person is wearing a medium-sleeve shirt with pure color patterns. The shirt is with cotton fabric and its neckline is crew. The person wears a long trousers. The trousers are with denim fabric and pure color patterns. This woman wears a ring.
WOMEN-Tees_Tanks-id_00003172-01_4_full,id_00003172,WOMEN,Tees_Tanks,full,query,11030,This person is wearing a short-sleeve T-shirt with solid color patterns. The T-shirt is with cotton fabric and its neckline is round. This person wears a three-point pants. The pants are with chiffon fabric and pure color patterns. There is a ring on her finger. This female is wearing sunglasses. There is an accessory on her wrist.
WOMEN-Tees_Tanks-id_00003194-01_4_full,id_00003194,WOMEN,Tees_Tanks,full,query,11040,"Her T-shirt has short sleeves, cotton fabric and solid color patterns. It has a crew neckline. The shorts this lady wears is of three-point length. The shorts are with denim fabric and pure color patterns. The person has neckwear."
WOMEN-Tees_Tanks-id_00003194-02_4_full,id_00003194,WOMEN,Tees_Tanks,full,query,11041,"The upper clothing has short sleeves, cotton fabric and pure color patterns. The neckline of it is crew. The lower clothing is of three-point length. The fabric is denim and it has solid color patterns. There is an accessory in his her neck. The person wears a hat."
WOMEN-Tees_Tanks-id_00003204-01_7_additional,id_00003204,WOMEN,Tees_Tanks,additional,query,11043,This lady is wearing a sleeveless tank shirt with graphic patterns and a three-point shorts. The tank shirt is with cotton fabric and its neckline is round. The shorts are with denim fabric and solid color patterns.
WOMEN-Tees_Tanks-id_00003223-01_4_full,id_00003223,WOMEN,Tees_Tanks,full,query,11044,This lady is wearing a tank tank top with pure color patterns and a long trousers. The tank top is with cotton fabric and its neckline is v-shape. The trousers are with denim fabric and pure color patterns. The person wears a ring. There is an accessory on her wrist.
WOMEN-Tees_Tanks-id_00003261-02_4_full,id_00003261,WOMEN,Tees_Tanks,full,query,11050,"Her shirt has short sleeves, cotton fabric and stripe patterns. It has a crew neckline. This lady wears a three-point pants. The pants are with cotton fabric and solid color patterns. This person is wearing a ring on her finger. There is an accessory on her wrist."
WOMEN-Tees_Tanks-id_00003286-01_7_additional,id_00003286,WOMEN,Tees_Tanks,additional,query,11063,The person is wearing a short-sleeve shirt with graphic patterns. The shirt is with cotton fabric and its neckline is crew. The pants the person wears is of three-point length. The pants are with cotton fabric and solid color patterns. This lady has neckwear. The person wears a ring.
WOMEN-Tees_Tanks-id_00003291-02_7_additional,id_00003291,WOMEN,Tees_Tanks,additional,query,11064,"Her shirt has short sleeves, cotton fabric and striped patterns. It has a round neckline. The trousers this woman wears is of long length. The trousers are with denim fabric and pure color patterns."
WOMEN-Tees_Tanks-id_00003323-03_4_full,id_00003323,WOMEN,Tees_Tanks,full,query,11067,This person is wearing a sleeveless tank shirt with graphic patterns. The tank shirt is with cotton fabric and its neckline is round. This person wears a long pants. The pants are with denim fabric and pure color patterns. There is an accessory in his her neck. There is an accessory on her wrist.
WOMEN-Tees_Tanks-id_00003351-02_7_additional,id_00003351,WOMEN,Tees_Tanks,additional,query,11092,"The upper clothing has long sleeves, cotton fabric and solid color patterns. It has a round neckline. The lower clothing is of long length. The fabric is denim and it has solid color patterns. This lady wears a ring. There is an accessory on her wrist. This female is wearing a belt."
WOMEN-Tees_Tanks-id_00003389-01_7_additional,id_00003389,WOMEN,Tees_Tanks,additional,query,11113,The lady wears a long-sleeve shirt with graphic patterns and a long trousers. The shirt is with cotton fabric and its neckline is crew. The trousers are with denim fabric and pure color patterns. The outer clothing is with chiffon fabric and solid color patterns. This lady wears a pair of socks. There is an accessory in his her neck. There is a ring on her finger.
WOMEN-Tees_Tanks-id_00003448-05_4_full,id_00003448,WOMEN,Tees_Tanks,full,query,11129,This person is wearing a tank tank top with pure color patterns and a three-point shorts. The tank top is with cotton fabric. The neckline of the tank top is crew. The shorts are with denim fabric and solid color patterns. This person has neckwear. There is a ring on her finger. There is an accessory on her wrist.
WOMEN-Tees_Tanks-id_00003465-01_7_additional,id_00003465,WOMEN,Tees_Tanks,additional,query,11140,The female is wearing a tank tank top with solid color patterns. The tank top is with cotton fabric and its neckline is crew. The female wears a medium shorts. The shorts are with cotton fabric and solid color patterns. This person wears a pair of socks.
WOMEN-Tees_Tanks-id_00003495-01_3_back,id_00003495,WOMEN,Tees_Tanks,back,query,11154,"The T-shirt the person wears has short sleeves and its fabric is cotton. The pattern of it is stripe. The person wears a long trousers, with cotton fabric and striped patterns."
WOMEN-Tees_Tanks-id_00003495-01_7_additional,id_00003495,WOMEN,Tees_Tanks,additional,query,11155,The person is wearing a short-sleeve shirt with stripe patterns and a long trousers. The shirt is with cotton fabric. The neckline of the shirt is round. The trousers are with cotton fabric and striped patterns. There is a ring on her finger.
WOMEN-Tees_Tanks-id_00003628-01_7_additional,id_00003628,WOMEN,Tees_Tanks,additional,query,11219,The person wears a short-sleeve shirt with stripe patterns and a long pants. The shirt is with cotton fabric and its neckline is crew. The pants are with denim fabric and solid color patterns.
WOMEN-Tees_Tanks-id_00003628-02_7_additional,id_00003628,WOMEN,Tees_Tanks,additional,query,11220,"Her T-shirt has short sleeves, cotton fabric and stripe patterns. The neckline of it is round. The pants the person wears is of long length. The pants are with denim fabric and pure color patterns."
WOMEN-Tees_Tanks-id_00003704-01_4_full,id_00003704,WOMEN,Tees_Tanks,full,query,11249,"The upper clothing has no sleeves, cotton fabric and graphic patterns. It has a crew neckline. The lower clothing is of long length. The fabric is cotton and it has solid color patterns. The person is wearing sunglasses."
WOMEN-Tees_Tanks-id_00003713-02_4_full,id_00003713,WOMEN,Tees_Tanks,full,query,11252,The person wears a short-sleeve T-shirt with graphic patterns and a three-point pants. The T-shirt is with cotton fabric. The neckline of the T-shirt is crew. The pants are with denim fabric and solid color patterns. There is an accessory on her wrist. This woman is wearing a ring on her finger.
WOMEN-Tees_Tanks-id_00003786-01_1_front,id_00003786,WOMEN,Tees_Tanks,front,query,11284,The female wears a long-sleeve shirt with other patterns. The shirt is with cotton fabric. It has a round neckline. The female wears a long pants. The pants are with cotton fabric and lattice patterns.
WOMEN-Tees_Tanks-id_00003786-02_7_additional,id_00003786,WOMEN,Tees_Tanks,additional,query,11285,This woman wears a long-sleeve shirt with other patterns. The shirt is with cotton fabric. It has a round neckline. The pants this woman wears is of long length. The pants are with cotton fabric and lattice patterns.
WOMEN-Tees_Tanks-id_00003812-03_4_full,id_00003812,WOMEN,Tees_Tanks,full,query,11292,"Her tank top has no sleeves, cotton fabric and floral patterns. The neckline of it is suspenders. This lady wears a three-point pants. The pants are with denim fabric and pure color patterns. There is an accessory on her wrist."
WOMEN-Tees_Tanks-id_00003851-02_4_full,id_00003851,WOMEN,Tees_Tanks,full,query,11298,"The shirt this person wears has short sleeves, its fabric is cotton, and it has pure color patterns. The shirt has a round neckline. This person wears a long pants, with cotton fabric and solid color patterns. The lady is wearing sunglasses. There is an accessory on her wrist."
WOMEN-Tees_Tanks-id_00003859-03_4_full,id_00003859,WOMEN,Tees_Tanks,full,query,11300,This female is wearing a long-sleeve sweater with pure color patterns. The sweater is with cotton fabric. It has a round neckline. This female wears a long pants. The pants are with denim fabric and solid color patterns. There is a ring on her finger. The female has neckwear. There is an accessory on her wrist.
WOMEN-Tees_Tanks-id_00003898-08_7_additional,id_00003898,WOMEN,Tees_Tanks,additional,query,11313,This person is wearing a short-sleeve T-shirt with solid color patterns and a three-point pants. The T-shirt is with cotton fabric. The pants are with denim fabric and solid color patterns. This person is wearing a ring on her finger. There is an accessory on her wrist. This female has neckwear.
WOMEN-Tees_Tanks-id_00003907-01_7_additional,id_00003907,WOMEN,Tees_Tanks,additional,query,11314,"The upper clothing has short sleeves, cotton fabric and graphic patterns. It has a crew neckline. The lower clothing is of long length. The fabric is cotton and it has pure color patterns. This female wears sunglasses. There is an accessory on her wrist. There is a hat in her head. There is a ring on her finger."
WOMEN-Tees_Tanks-id_00004002-10_7_additional,id_00004002,WOMEN,Tees_Tanks,additional,query,11355,This female wears a long-sleeve shirt with pure color patterns and a long trousers. The shirt is with cotton fabric. The neckline of the shirt is round. The trousers are with denim fabric and pure color patterns.
WOMEN-Tees_Tanks-id_00004002-12_1_front,id_00004002,WOMEN,Tees_Tanks,front,query,11356,The person wears a long-sleeve shirt with solid color patterns and a long pants. The shirt is with cotton fabric and its neckline is round. The pants are with denim fabric and solid color patterns.
WOMEN-Tees_Tanks-id_00004002-17_7_additional,id_00004002,WOMEN,Tees_Tanks,additional,query,11357,This female is wearing a long-sleeve sweater with pure color patterns. The sweater is with cotton fabric. It has a crew neckline. This female wears a long pants. The pants are with cotton fabric and pure color patterns. This female is wearing a ring on her finger.
WOMEN-Tees_Tanks-id_00004012-05_4_full,id_00004012,WOMEN,Tees_Tanks,full,query,11358,This lady is wearing a tank tank shirt with solid color patterns. The tank shirt is with cotton fabric and its neckline is suspenders. This lady wears a three-point pants. The pants are with denim fabric and pure color patterns. There is an accessory on her wrist. There is a ring on her finger. This woman has neckwear.
WOMEN-Tees_Tanks-id_00004012-08_7_additional,id_00004012,WOMEN,Tees_Tanks,additional,query,11359,"The tank shirt this female wears has no sleeves and it is with cotton fabric and solid color patterns. The neckline of the tank shirt is suspenders. This female wears a three-point shorts, with denim fabric and pure color patterns. There is an accessory in his her neck. There is an accessory on her wrist. There is a ring on her finger."
WOMEN-Tees_Tanks-id_00004033-01_4_full,id_00004033,WOMEN,Tees_Tanks,full,query,11371,"This female is wearing a long-sleeve shirt with graphic patterns and a three-point pants. The shirt is with cotton fabric and its neckline is round. The pants are with cotton fabric and floral patterns. The lady also wears an outer clothing, with knitting fabric and solid color patterns. The person is wearing a pair of socks."
WOMEN-Tees_Tanks-id_00004078-01_4_full,id_00004078,WOMEN,Tees_Tanks,full,query,11386,This woman is wearing a short-sleeve shirt with pure color patterns. The shirt is with cotton fabric and its neckline is round. The pants this woman wears is of three-point length. The pants are with denim fabric and solid color patterns. This person wears a ring.
WOMEN-Tees_Tanks-id_00004132-04_4_full,id_00004132,WOMEN,Tees_Tanks,full,query,11408,"The upper clothing has long sleeves, cotton fabric and pure color patterns. The neckline of it is crew. The lower clothing is of long length. The fabric is denim and it has pure color patterns. There is an accessory on her wrist. The lady has neckwear. There is a ring on her finger. There is a belt on her waist."
WOMEN-Tees_Tanks-id_00004134-01_4_full,id_00004134,WOMEN,Tees_Tanks,full,query,11409,The lady is wearing a tank tank top with pure color patterns and a medium pants. The tank top is with cotton fabric. The neckline of the tank top is suspenders. The pants are with cotton fabric and pure color patterns. This woman is wearing a ring on her finger.
WOMEN-Tees_Tanks-id_00004156-03_4_full,id_00004156,WOMEN,Tees_Tanks,full,query,11418,The person is wearing a sleeveless tank shirt with solid color patterns. The tank shirt is with cotton fabric. It has a suspenders neckline. The person wears a long trousers. The trousers are with cotton fabric and pure color patterns. The female wears a hat.
WOMEN-Tees_Tanks-id_00004160-03_7_additional,id_00004160,WOMEN,Tees_Tanks,additional,query,11422,This woman wears a long-sleeve shirt with solid color patterns and long trousers. The shirt is with cotton fabric and it has a crew neckline. The trousers are with denim fabric and solid color patterns. The outer clothing the person wears is with cotton fabric and solid color patterns. There is an accessory on her wrist. The lady wears a ring.
WOMEN-Tees_Tanks-id_00004267-01_4_full,id_00004267,WOMEN,Tees_Tanks,full,query,11460,"The upper clothing has short sleeves, cotton fabric and graphic patterns. It has a round neckline. The lower clothing is of three-point length. The fabric is denim and it has solid color patterns. The lady is wearing a ring on her finger. There is an accessory in his her neck. The person is wearing socks in shoes."
WOMEN-Tees_Tanks-id_00004270-02_7_additional,id_00004270,WOMEN,Tees_Tanks,additional,query,11468,"The T-shirt this person wears has short sleeves, its fabric is cotton, and it has pure color patterns. The T-shirt has a round neckline. This person wears a long pants, with cotton fabric and other patterns. The person is wearing a ring on her finger."
WOMEN-Tees_Tanks-id_00004278-01_7_additional,id_00004278,WOMEN,Tees_Tanks,additional,query,11471,"The shirt the person wears has long sleeves, its fabric is cotton, and it has stripe patterns. The shirt has a crew neckline. The person wears a long trousers, with denim fabric and solid color patterns. The person also wears an outer clothing, with cotton fabric and solid color patterns. There is a ring on her finger. There is an accessory on her wrist."
WOMEN-Tees_Tanks-id_00004300-04_4_full,id_00004300,WOMEN,Tees_Tanks,full,query,11473,This woman wears a short-sleeve T-shirt with solid color patterns. The T-shirt is with cotton fabric. It has a round neckline. This woman wears a long trousers. The trousers are with denim fabric and pure color patterns. The person is wearing a ring on her finger.
WOMEN-Tees_Tanks-id_00004300-05_7_additional,id_00004300,WOMEN,Tees_Tanks,additional,query,11474,"Her T-shirt has short sleeves, cotton fabric and solid color patterns. The neckline of it is crew. The pants the lady wears is of long length. The pants are with denim fabric and solid color patterns. There is a ring on her finger."
WOMEN-Tees_Tanks-id_00004345-02_4_full,id_00004345,WOMEN,Tees_Tanks,full,query,11490,The lady is wearing a tank tank top with striped patterns. The tank top is with cotton fabric. It has a round neckline. The pants the lady wears is of long length. The pants are with denim fabric and pure color patterns.
WOMEN-Tees_Tanks-id_00004380-03_4_full,id_00004380,WOMEN,Tees_Tanks,full,query,11499,The lady wears a long-sleeve shirt with solid color patterns and a long pants. The shirt is with cotton fabric and its neckline is round. The pants are with denim fabric and pure color patterns. The person is wearing a ring on her finger.
WOMEN-Tees_Tanks-id_00004394-01_4_full,id_00004394,WOMEN,Tees_Tanks,full,query,11509,This lady wears a medium-sleeve shirt with stripe patterns and a three-point pants. The shirt is with cotton fabric. The neckline of the shirt is round. The pants are with leather fabric and pure color patterns. There is an accessory on her wrist. The lady is wearing a ring on her finger.
WOMEN-Tees_Tanks-id_00004469-01_4_full,id_00004469,WOMEN,Tees_Tanks,full,query,11519,This person wears a sleeveless tank top with graphic patterns and three-point shorts. The tank top is with cotton fabric. The shorts are with cotton fabric and graphic patterns. There is an accessory on her wrist. The lady is wearing a ring on her finger.
WOMEN-Tees_Tanks-id_00004498-05_4_full,id_00004498,WOMEN,Tees_Tanks,full,query,11527,"Her shirt has short sleeves, cotton fabric and color block patterns. The neckline of it is round. This person wears a three-point pants. The pants are with denim fabric and other patterns. There is a ring on her finger. The person wears sunglasses. There is an accessory on her wrist."
WOMEN-Tees_Tanks-id_00004522-01_7_additional,id_00004522,WOMEN,Tees_Tanks,additional,query,11535,"The T-shirt the person wears has short sleeves, its fabric is cotton, and it has striped patterns. The T-shirt has a round neckline. The person wears a long trousers, with denim fabric and stripe patterns. There is clothing on her waist."
WOMEN-Tees_Tanks-id_00004571-01_7_additional,id_00004571,WOMEN,Tees_Tanks,additional,query,11545,The lady is wearing a long-sleeve shirt with solid color patterns and a long trousers. The shirt is with cotton fabric. The neckline of the shirt is crew. The trousers are with denim fabric and pure color patterns. The outer clothing this female wears is with cotton fabric and pure color patterns. There is an accessory in his her neck. This person is wearing a ring on her finger.
WOMEN-Tees_Tanks-id_00004662-07_4_full,id_00004662,WOMEN,Tees_Tanks,full,query,11575,This lady is wearing a tank tank top with graphic patterns. The tank top is with cotton fabric. It has a suspenders neckline. This lady wears a three-point pants. The pants are with denim fabric and pure color patterns. There is an accessory on her wrist. The female is wearing a ring on her finger. There is an accessory in his her neck.
WOMEN-Tees_Tanks-id_00004736-08_4_full,id_00004736,WOMEN,Tees_Tanks,full,query,11605,This person is wearing a tank tank shirt with solid color patterns. The tank shirt is with cotton fabric and its neckline is suspenders. This person wears a three-point shorts. The shorts are with denim fabric and solid color patterns. This person is wearing a pair of socks.
WOMEN-Tees_Tanks-id_00004736-09_4_full,id_00004736,WOMEN,Tees_Tanks,full,query,11606,This person is wearing a tank tank shirt with solid color patterns. The tank shirt is with cotton fabric and its neckline is suspenders. This person wears a three-point shorts. The shorts are with denim fabric and pure color patterns. There is a ring on her finger. This lady is wearing a pair of socks.
WOMEN-Tees_Tanks-id_00004764-02_4_full,id_00004764,WOMEN,Tees_Tanks,full,query,11616,This female is wearing a tank tank shirt with graphic patterns. The tank shirt is with cotton fabric. It has a crew neckline. This female wears a three-point pants. The pants are with cotton fabric and solid color patterns. There is an accessory in his her neck. There is an accessory on her wrist.
WOMEN-Tees_Tanks-id_00004764-04_4_full,id_00004764,WOMEN,Tees_Tanks,full,query,11617,"The upper clothing has no sleeves, cotton fabric and graphic patterns. The neckline of it is round. The lower clothing is of three-point length. The fabric is denim and it has complicated patterns. This female has neckwear. There is an accessory on her wrist. The female is wearing a ring on her finger. This woman is wearing a pair of sunglasses."
WOMEN-Tees_Tanks-id_00004827-01_4_full,id_00004827,WOMEN,Tees_Tanks,full,query,11625,This female wears a short-sleeve shirt with stripe patterns and a three-point shorts. The shirt is with cotton fabric. The neckline of the shirt is crew. The shorts are with denim fabric and pure color patterns. There is a ring on her finger.
WOMEN-Tees_Tanks-id_00004845-01_7_additional,id_00004845,WOMEN,Tees_Tanks,additional,query,11632,The person is wearing a tank tank shirt with solid color patterns and a long pants. The tank shirt is with cotton fabric. The neckline of the tank shirt is crew. The pants are with denim fabric and pure color patterns. The outer clothing the person wears is with cotton fabric and solid color patterns.
WOMEN-Tees_Tanks-id_00004857-02_4_full,id_00004857,WOMEN,Tees_Tanks,full,query,11633,This woman wears a tank tank shirt with graphic patterns and three-point pants. The tank shirt is with cotton fabric. The pants are with denim fabric and pure color patterns. There is an accessory on her wrist. There is a ring on her finger. There is an accessory in his her neck.
WOMEN-Tees_Tanks-id_00004862-01_7_additional,id_00004862,WOMEN,Tees_Tanks,additional,query,11634,This person is wearing a tank tank shirt with graphic patterns. The tank shirt is with cotton fabric and its neckline is round. The pants this person wears is of three-point length. The pants are with leather fabric and pure color patterns. The female wears socks in shoes.
WOMEN-Tees_Tanks-id_00004870-03_4_full,id_00004870,WOMEN,Tees_Tanks,full,query,11638,The person is wearing a sleeveless tank top with graphic patterns. The tank top is with cotton fabric. It has a suspenders neckline. The pants the person wears is of three-point length. The pants are with denim fabric and pure color patterns. This person is wearing a ring on her finger. There is an accessory on her wrist. There is an accessory in his her neck.
WOMEN-Tees_Tanks-id_00004873-01_4_full,id_00004873,WOMEN,Tees_Tanks,full,query,11639,This lady wears a tank tank top with graphic patterns. The tank top is with cotton fabric. This lady wears a three-point shorts. The shorts are with leather fabric and solid color patterns. There is an accessory on her wrist.
WOMEN-Tees_Tanks-id_00004986-01_4_full,id_00004986,WOMEN,Tees_Tanks,full,query,11669,This female is wearing a sleeveless tank shirt with other patterns. The tank shirt is with cotton fabric. It has a round neckline. This female wears a long pants. The pants are with cotton fabric and solid color patterns.
WOMEN-Tees_Tanks-id_00004990-02_4_full,id_00004990,WOMEN,Tees_Tanks,full,query,11670,The female is wearing a short-sleeve T-shirt with floral patterns. The T-shirt is with cotton fabric and its neckline is crew. The pants the female wears is of long length. The pants are with cotton fabric and solid color patterns. The female wears sunglasses.
WOMEN-Tees_Tanks-id_00005046-02_1_front,id_00005046,WOMEN,Tees_Tanks,front,query,11705,The person is wearing a tank tank shirt with pure color patterns. The tank shirt is with cotton fabric and its neckline is crew. The shorts the person wears is of three-point length. The shorts are with leather fabric and solid color patterns. This lady wears a ring. The lady has neckwear.
WOMEN-Tees_Tanks-id_00005071-04_7_additional,id_00005071,WOMEN,Tees_Tanks,additional,query,11709,This female is wearing a short-sleeve shirt with complicated patterns. The shirt is with cotton fabric. It has a crew neckline. The pants this female wears is of three-point length. The pants are with denim fabric and pure color patterns. This woman wears socks in shoes.
WOMEN-Tees_Tanks-id_00005071-05_7_additional,id_00005071,WOMEN,Tees_Tanks,additional,query,11710,The female is wearing a short-sleeve T-shirt with pure color patterns and a three-point shorts. The T-shirt is with cotton fabric. The neckline of the T-shirt is crew. The shorts are with denim fabric and pure color patterns.
WOMEN-Tees_Tanks-id_00005093-02_1_front,id_00005093,WOMEN,Tees_Tanks,front,query,11744,The lady wears a long-sleeve shirt with color block patterns. The shirt is with cotton fabric. It has a crew neckline. The lady wears a long pants. The pants are with denim fabric and solid color patterns. This lady wears a ring.
WOMEN-Tees_Tanks-id_00005096-02_7_additional,id_00005096,WOMEN,Tees_Tanks,additional,query,11745,This person is wearing a long-sleeve sweater with floral patterns. The sweater is with cotton fabric. This person wears a long trousers. The trousers are with denim fabric and pure color patterns. The outer clothing the lady wears is with knitting fabric and pure color patterns. This woman wears a ring. There is an accessory in his her neck. This female is wearing a hat.
WOMEN-Tees_Tanks-id_00005139-01_4_full,id_00005139,WOMEN,Tees_Tanks,full,query,11748,The lady is wearing a short-sleeve T-shirt with pure color patterns. The T-shirt is with cotton fabric. It has a crew neckline. The trousers the lady wears is of long length. The trousers are with denim fabric and solid color patterns. The lady has neckwear. There is an accessory on her wrist. This lady wears a ring.
WOMEN-Tees_Tanks-id_00005258-03_4_full,id_00005258,WOMEN,Tees_Tanks,full,query,11805,"The shirt this person wears has short sleeves and its fabric is cotton. The pattern of it is striped. It has a round neckline. This person wears a three-point shorts, with denim fabric and pure color patterns. This woman is wearing a ring on her finger. There is an accessory on her wrist. The female is wearing sunglasses."
WOMEN-Tees_Tanks-id_00005258-04_4_full,id_00005258,WOMEN,Tees_Tanks,full,query,11806,The lady is wearing a short-sleeve shirt with stripe patterns. The shirt is with cotton fabric and its neckline is crew. The shorts the lady wears is of three-point length. The shorts are with denim fabric and pure color patterns. The person wears a ring. There is a hat in her head. The person is wearing sunglasses.
WOMEN-Tees_Tanks-id_00005290-01_4_full,id_00005290,WOMEN,Tees_Tanks,full,query,11816,"Her tank top has sleeves cut off, cotton fabric and graphic patterns. The neckline of it is round. The trousers the female wears is of long length. The trousers are with denim fabric and pure color patterns. This female wears a ring. There is an accessory on her wrist. This lady has neckwear."
WOMEN-Tees_Tanks-id_00005292-05_7_additional,id_00005292,WOMEN,Tees_Tanks,additional,query,11817,This female wears a short-sleeve T-shirt with pure color patterns. The T-shirt is with cotton fabric. It has a crew neckline. The pants this female wears is of long length. The pants are with denim fabric and solid color patterns. There is an accessory in his her neck. The female is wearing a ring on her finger. There is an accessory on her wrist.
WOMEN-Tees_Tanks-id_00005292-06_4_full,id_00005292,WOMEN,Tees_Tanks,full,query,11818,The lady is wearing a short-sleeve shirt with pure color patterns. The shirt is with cotton fabric and its neckline is crew. The trousers the lady wears is of long length. The trousers are with cotton fabric and pure color patterns. There is an accessory in his her neck. There is an accessory on her wrist.
WOMEN-Tees_Tanks-id_00005318-02_4_full,id_00005318,WOMEN,Tees_Tanks,full,query,11827,"The upper clothing has sleeves cut off, cotton fabric and pure color patterns. It has a crew neckline. The lower clothing is of long length. The fabric is denim and it has pure color patterns. There is an accessory on her wrist. This person is wearing a ring on her finger. There is clothing on her waist."
WOMEN-Tees_Tanks-id_00005353-02_4_full,id_00005353,WOMEN,Tees_Tanks,full,query,11841,This woman is wearing a short-sleeve shirt with solid color patterns. The shirt is with cotton fabric and its neckline is crew. This woman wears a three-point pants. The pants are with leather fabric and solid color patterns. The lady is wearing a ring on her finger. The lady wears a pair of sunglasses. The female wears a pair of socks.
WOMEN-Tees_Tanks-id_00005371-03_4_full,id_00005371,WOMEN,Tees_Tanks,full,query,11854,The lady is wearing a tank tank shirt with pure color patterns. The tank shirt is with cotton fabric and its neckline is v-shape. The lady wears a three-point shorts. The shorts are with cotton fabric and pure color patterns. This female wears a ring. There is an accessory on her wrist. This person has neckwear.
WOMEN-Tees_Tanks-id_00005392-06_7_additional,id_00005392,WOMEN,Tees_Tanks,additional,query,11857,This woman is wearing a tank tank top with pure color patterns and a three-point shorts. The tank top is with cotton fabric. The neckline of the tank top is round. The shorts are with denim fabric and solid color patterns. This person wears a ring.
WOMEN-Tees_Tanks-id_00005435-01_4_full,id_00005435,WOMEN,Tees_Tanks,full,query,11868,This female wears a long-sleeve shirt with graphic patterns and three-point shorts. The shirt is with cotton fabric and it has a crew neckline. The shorts are with cotton fabric and lattice patterns. The outer clothing this woman wears is with knitting fabric and pure color patterns. This person is wearing a hat. This lady has neckwear. The lady wears leggings.
WOMEN-Tees_Tanks-id_00005501-01_7_additional,id_00005501,WOMEN,Tees_Tanks,additional,query,11891,The lady is wearing a short-sleeve shirt with color block patterns. The shirt is with cotton fabric. It has a round neckline. The pants the lady wears is of short length. The pants are with denim fabric and solid color patterns. The female is wearing a pair of socks.
WOMEN-Tees_Tanks-id_00005501-02_1_front,id_00005501,WOMEN,Tees_Tanks,front,query,11892,"The T-shirt this person wears has short sleeves and it is with cotton fabric and color block patterns. The neckline of the T-shirt is round. This person wears a short pants, with denim fabric and solid color patterns. The lady wears socks in shoes."
WOMEN-Tees_Tanks-id_00005546-02_7_additional,id_00005546,WOMEN,Tees_Tanks,additional,query,11904,This woman is wearing a sleeveless tank top with graphic patterns. The tank top is with cotton fabric. It has a round neckline. The pants this woman wears is of three-point length. The pants are with denim fabric and solid color patterns. There is an accessory in his her neck.
WOMEN-Tees_Tanks-id_00005550-01_4_full,id_00005550,WOMEN,Tees_Tanks,full,query,11905,The lady is wearing a short-sleeve shirt with solid color patterns. The shirt is with cotton fabric and its neckline is crew. The lady wears a three-point pants. The pants are with leather fabric and solid color patterns. There is an accessory in his her neck. There is an accessory on her wrist.
WOMEN-Tees_Tanks-id_00005616-02_4_full,id_00005616,WOMEN,Tees_Tanks,full,query,11921,This female is wearing a tank tank shirt with graphic patterns and a three-point shorts. The tank shirt is with cotton fabric. The neckline of the tank shirt is round. The shorts are with denim fabric and solid color patterns. This person is wearing sunglasses. The person is wearing a ring on her finger. There is an accessory in his her neck. There is an accessory on her wrist.
WOMEN-Tees_Tanks-id_00005633-03_4_full,id_00005633,WOMEN,Tees_Tanks,full,query,11928,This person is wearing a tank tank shirt with graphic patterns. The tank shirt is with cotton fabric. It has a suspenders neckline. The pants this person wears is of three-point length. The pants are with denim fabric and pure color patterns. There is an accessory on her wrist. The female wears a ring.
WOMEN-Tees_Tanks-id_00005633-04_7_additional,id_00005633,WOMEN,Tees_Tanks,additional,query,11929,"The upper clothing has sleeves cut off, cotton fabric and graphic patterns. The neckline of it is suspenders. The lower clothing is of three-point length. The fabric is denim and it has solid color patterns. There is an accessory on her wrist. The person wears a ring. The person has neckwear."
WOMEN-Tees_Tanks-id_00005638-01_7_additional,id_00005638,WOMEN,Tees_Tanks,additional,query,11930,"Her shirt has long sleeves, cotton fabric and pure color patterns. The neckline of it is crew. The pants the lady wears is of three-point length. The pants are with leather fabric and solid color patterns. There is an accessory in his her neck. The person wears a pair of socks. There is a ring on her finger."
WOMEN-Tees_Tanks-id_00005662-01_7_additional,id_00005662,WOMEN,Tees_Tanks,additional,query,11931,This person wears a short-sleeve shirt with complicated patterns and a three-point pants. The shirt is with cotton fabric. The neckline of the shirt is crew. The pants are with denim fabric and solid color patterns. The female has neckwear. There is an accessory on her wrist. This lady is wearing a ring on her finger.
WOMEN-Tees_Tanks-id_00005704-02_7_additional,id_00005704,WOMEN,Tees_Tanks,additional,query,11947,This person wears a long-sleeve shirt with pure color patterns and a long pants. The shirt is with cotton fabric and its neckline is lapel. The pants are with cotton fabric and solid color patterns. The outer clothing is with denim fabric and solid color patterns. There is clothing on her waist. The person is wearing a hat. The person wears a ring. The female has neckwear.
WOMEN-Tees_Tanks-id_00005730-01_7_additional,id_00005730,WOMEN,Tees_Tanks,additional,query,11957,"The tank shirt this lady wears has no sleeves and its fabric is cotton. The pattern of it is stripe. It has a square neckline. This lady wears a three-point shorts, with cotton fabric and pure color patterns."
WOMEN-Tees_Tanks-id_00005759-01_4_full,id_00005759,WOMEN,Tees_Tanks,full,query,11967,The person is wearing a medium-sleeve shirt with graphic patterns. The shirt is with cotton fabric. The person wears a three-point shorts. The shorts are with denim fabric and solid color patterns. This person wears a hat. There is an accessory on her wrist. The lady wears a ring.
WOMEN-Tees_Tanks-id_00005782-05_4_full,id_00005782,WOMEN,Tees_Tanks,full,query,11971,"The upper clothing has no sleeves, cotton fabric and graphic patterns. The neckline of it is round. The lower clothing is of three-point length. The fabric is denim and it has solid color patterns. There is an accessory in his her neck. The person is wearing a ring on her finger."
WOMEN-Tees_Tanks-id_00005805-01_4_full,id_00005805,WOMEN,Tees_Tanks,full,query,11974,This female is wearing a short-sleeve shirt with striped patterns. The shirt is with cotton fabric and its neckline is crew. This female wears a long pants. The pants are with cotton fabric and solid color patterns. This person is wearing a ring on her finger. The lady has a hat in her head.
WOMEN-Tees_Tanks-id_00005808-04_7_additional,id_00005808,WOMEN,Tees_Tanks,additional,query,11975,"The T-shirt the female wears has short sleeves and it is with cotton fabric and solid color patterns. The neckline of the T-shirt is v-shape. The female wears a long pants, with denim fabric and pure color patterns. There is clothing on her waist. There is an accessory on her wrist. This person is wearing a ring on her finger. There is an accessory in his her neck."
WOMEN-Tees_Tanks-id_00005820-02_7_additional,id_00005820,WOMEN,Tees_Tanks,additional,query,11976,"Her shirt has short sleeves, cotton fabric and striped patterns. The neckline of it is round. The pants this woman wears is of long length. The pants are with denim fabric and pure color patterns."
WOMEN-Tees_Tanks-id_00005859-02_4_full,id_00005859,WOMEN,Tees_Tanks,full,query,11992,This woman is wearing a sleeveless tank top with floral patterns and a long pants. The tank top is with cotton fabric. The neckline of the tank top is crew. The pants are with denim fabric and pure color patterns. This woman has neckwear. There is an accessory on her wrist. There is a ring on her finger.
WOMEN-Tees_Tanks-id_00005874-02_4_full,id_00005874,WOMEN,Tees_Tanks,full,query,11999,"Her T-shirt has short sleeves, cotton fabric and graphic patterns. It has a crew neckline. The female wears a three-point shorts. The shorts are with cotton fabric and pure color patterns. There is an accessory on her wrist. This woman is wearing a ring on her finger."
WOMEN-Tees_Tanks-id_00005899-03_4_full,id_00005899,WOMEN,Tees_Tanks,full,query,12001,The female wears a long-sleeve shirt with color block patterns and long trousers. The shirt is with cotton fabric and it has a crew neckline. The trousers are with denim fabric and solid color patterns. The person is wearing a ring on her finger.
WOMEN-Tees_Tanks-id_00006059-02_4_full,id_00006059,WOMEN,Tees_Tanks,full,query,12041,"The shirt the lady wears has short sleeves, its fabric is cotton, and it has stripe patterns. The shirt has a round neckline. The lady wears a three-point pants, with cotton fabric and solid color patterns. There is an accessory in his her neck. This person wears a ring. There is an accessory on her wrist."
WOMEN-Tees_Tanks-id_00006118-01_7_additional,id_00006118,WOMEN,Tees_Tanks,additional,query,12062,"The lady is wearing a long-sleeve sweater with graphic patterns. The sweater is with cotton fabric and its neckline is lapel. The shorts the lady wears is of three-point length. The shorts are with cotton fabric and floral patterns. The person also wears an outer clothing, with denim fabric and pure color patterns. This lady wears a ring. This woman wears a pair of socks. There is an accessory on her wrist. There is a hat in her head. This lady has neckwear."
WOMEN-Tees_Tanks-id_00006125-04_4_full,id_00006125,WOMEN,Tees_Tanks,full,query,12063,The lady wears a short-sleeve T-shirt with complicated patterns and a three-point pants. The T-shirt is with cotton fabric and its neckline is round. The pants are with denim fabric and pure color patterns. This person is wearing a ring on her finger. There is an accessory on her wrist.
WOMEN-Tees_Tanks-id_00006145-04_4_full,id_00006145,WOMEN,Tees_Tanks,full,query,12069,"The upper clothing has short sleeves, knitting fabric and graphic patterns. It has a crew neckline. The lower clothing is of long length. The fabric is denim and it has pure color patterns. There is an accessory on her wrist. This person wears a ring."
WOMEN-Tees_Tanks-id_00006154-01_4_full,id_00006154,WOMEN,Tees_Tanks,full,query,12071,This woman is wearing a tank tank top with pure color patterns. The tank top is with knitting fabric and its neckline is round. The shorts this woman wears is of three-point length. The shorts are with cotton fabric and solid color patterns. There is a ring on her finger. This lady wears leggings.
WOMEN-Tees_Tanks-id_00006163-01_4_full,id_00006163,WOMEN,Tees_Tanks,full,query,12072,"The upper clothing has short sleeves, cotton fabric and graphic patterns. The neckline of it is round. The lower clothing is of long length. The fabric is denim and it has pure color patterns. The female is wearing a ring on her finger. There is an accessory on her wrist. This woman wears a hat."
WOMEN-Tees_Tanks-id_00006165-01_4_full,id_00006165,WOMEN,Tees_Tanks,full,query,12073,"The upper clothing has no sleeves, cotton fabric and graphic patterns. The neckline of it is round. The lower clothing is of three-point length. The fabric is leather and it has pure color patterns. The lady wears sunglasses. The person wears a ring."
WOMEN-Tees_Tanks-id_00006170-03_4_full,id_00006170,WOMEN,Tees_Tanks,full,query,12074,"The upper clothing has no sleeves, cotton fabric and pure color patterns. It has a crew neckline. The lower clothing is of long length. The fabric is denim and it has pure color patterns. There is an accessory on her wrist. This woman wears a ring."
WOMEN-Tees_Tanks-id_00006171-02_4_full,id_00006171,WOMEN,Tees_Tanks,full,query,12075,This lady is wearing a tank tank top with floral patterns. The tank top is with cotton fabric and its neckline is suspenders. This lady wears a three-point pants. The pants are with cotton fabric and floral patterns. This lady is wearing a ring on her finger.
WOMEN-Tees_Tanks-id_00006175-01_7_additional,id_00006175,WOMEN,Tees_Tanks,additional,query,12076,"The sweater this female wears has long sleeves and it is with cotton fabric and solid color patterns. The neckline of the sweater is round. This female wears a three-point pants, with cotton fabric and lattice patterns. This person also wears an outer clothing, with chiffon fabric and solid color patterns. The female wears a ring."
WOMEN-Tees_Tanks-id_00006177-03_4_full,id_00006177,WOMEN,Tees_Tanks,full,query,12077,This person is wearing a long-sleeve shirt with solid color patterns. The shirt is with cotton fabric and its neckline is crew. This person wears a long trousers. The trousers are with denim fabric and pure color patterns. There is an accessory on her wrist. The female is wearing a ring on her finger.
WOMEN-Tees_Tanks-id_00006177-04_4_full,id_00006177,WOMEN,Tees_Tanks,full,query,12078,This female is wearing a long-sleeve shirt with solid color patterns. The shirt is with cotton fabric and its neckline is crew. This female wears a long trousers. The trousers are with denim fabric and graphic patterns. This female wears a ring.
WOMEN-Tees_Tanks-id_00006199-01_4_full,id_00006199,WOMEN,Tees_Tanks,full,query,12090,This woman wears a sleeveless tank shirt with solid color patterns and short pants. The tank shirt is with cotton fabric and it has a crew neckline. The pants are with cotton fabric and pure color patterns. There is clothing on her waist. This lady wears a pair of socks. This person is wearing a ring on her finger.
WOMEN-Tees_Tanks-id_00006264-01_4_full,id_00006264,WOMEN,Tees_Tanks,full,query,12107,"Her shirt has long sleeves, cotton fabric and graphic patterns. It has a crew neckline. The trousers this lady wears is of long length. The trousers are with denim fabric and pure color patterns. The lady has neckwear. There is clothing on her waist. There is a ring on her finger."
WOMEN-Tees_Tanks-id_00006267-01_1_front,id_00006267,WOMEN,Tees_Tanks,front,query,12108,"Her shirt has short sleeves, cotton fabric and graphic patterns. The neckline of it is round. This person wears a three-point pants. The pants are with denim fabric and solid color patterns."
WOMEN-Tees_Tanks-id_00006322-01_4_full,id_00006322,WOMEN,Tees_Tanks,full,query,12121,This woman wears a long-sleeve shirt with solid color patterns and long pants. The shirt is with cotton fabric. The pants are with denim fabric and solid color patterns. There is a ring on her finger.
WOMEN-Tees_Tanks-id_00006328-01_4_full,id_00006328,WOMEN,Tees_Tanks,full,query,12122,This woman is wearing a long-sleeve shirt with floral patterns. The shirt is with cotton fabric and its neckline is lapel. This woman wears a long trousers. The trousers are with denim fabric and graphic patterns. The outer clothing the female wears is with cotton fabric and solid color patterns. There is an accessory on her wrist. There is an accessory in his her neck. This lady wears a hat.
WOMEN-Tees_Tanks-id_00006371-05_4_full,id_00006371,WOMEN,Tees_Tanks,full,query,12132,"The shirt this person wears has long sleeves, its fabric is cotton, and it has solid color patterns. The shirt has a round neckline. This person wears a long trousers, with denim fabric and solid color patterns. The outer clothing is with furry fabric and solid color patterns. There is an accessory in his her neck. There is an accessory on her wrist. This lady is wearing a ring on her finger."
WOMEN-Tees_Tanks-id_00006459-03_4_full,id_00006459,WOMEN,Tees_Tanks,full,query,12157,The lady wears a short-sleeve T-shirt with solid color patterns and a three-point shorts. The T-shirt is with cotton fabric and its neckline is crew. The shorts are with cotton fabric and stripe patterns. There is an accessory on her wrist.
WOMEN-Tees_Tanks-id_00006459-04_4_full,id_00006459,WOMEN,Tees_Tanks,full,query,12158,This lady is wearing a short-sleeve T-shirt with solid color patterns. The T-shirt is with cotton fabric. It has a crew neckline. The shorts this lady wears is of three-point length. The shorts are with cotton fabric and stripe patterns. There is an accessory on her wrist. The female is wearing a ring on her finger.
WOMEN-Tees_Tanks-id_00006484-02_4_full,id_00006484,WOMEN,Tees_Tanks,full,query,12159,This female wears a tank tank top with graphic patterns and a three-point pants. The tank top is with cotton fabric. The pants are with denim fabric and solid color patterns.
WOMEN-Tees_Tanks-id_00006541-01_7_additional,id_00006541,WOMEN,Tees_Tanks,additional,query,12166,"Her sweater has long sleeves, cotton fabric and pure color patterns. It has a crew neckline. This lady wears a long pants. The pants are with denim fabric and solid color patterns."
WOMEN-Tees_Tanks-id_00006541-02_7_additional,id_00006541,WOMEN,Tees_Tanks,additional,query,12167,This woman wears a long-sleeve shirt with solid color patterns and a long pants. The shirt is with cotton fabric and its neckline is crew. The pants are with denim fabric and pure color patterns.
WOMEN-Tees_Tanks-id_00006559-02_7_additional,id_00006559,WOMEN,Tees_Tanks,additional,query,12181,This female is wearing a short-sleeve shirt with solid color patterns and a long pants. The shirt is with cotton fabric. The pants are with denim fabric and pure color patterns.
WOMEN-Tees_Tanks-id_00006592-05_7_additional,id_00006592,WOMEN,Tees_Tanks,additional,query,12198,This woman is wearing a long-sleeve shirt with solid color patterns. The shirt is with cotton fabric. It has a round neckline. The pants this woman wears is of long length. The pants are with leather fabric and solid color patterns. There is a ring on her finger. There is an accessory in his her neck.
WOMEN-Tees_Tanks-id_00006592-06_7_additional,id_00006592,WOMEN,Tees_Tanks,additional,query,12199,"Her shirt has long sleeves, cotton fabric and solid color patterns. The neckline of it is round. The pants this lady wears is of long length. The pants are with leather fabric and solid color patterns. There is an accessory in his her neck. This woman is wearing a ring on her finger."
WOMEN-Tees_Tanks-id_00006609-04_4_full,id_00006609,WOMEN,Tees_Tanks,full,query,12223,This female is wearing a short-sleeve shirt with graphic patterns. The shirt is with cotton fabric. It has a crew neckline. This female wears a long pants. The pants are with denim fabric and solid color patterns. The person wears a ring. There is clothing on her waist.
WOMEN-Tees_Tanks-id_00006609-06_4_full,id_00006609,WOMEN,Tees_Tanks,full,query,12224,This female wears a short-sleeve shirt with graphic patterns. The shirt is with cotton fabric. It has a round neckline. The pants this female wears is of long length. The pants are with denim fabric and pure color patterns. This lady is wearing a pair of socks. This woman wears a ring. This woman has a hat in her head. There is clothing on her waist.
WOMEN-Tees_Tanks-id_00006631-01_7_additional,id_00006631,WOMEN,Tees_Tanks,additional,query,12227,The person wears a sleeveless tank top with graphic patterns and a three-point pants. The tank top is with cotton fabric and its neckline is round. The pants are with cotton fabric and graphic patterns. This female is wearing a ring on her finger. There is an accessory on her wrist.
WOMEN-Tees_Tanks-id_00006655-02_4_full,id_00006655,WOMEN,Tees_Tanks,full,query,12231,"The tank top this person wears has no sleeves and its fabric is cotton. The pattern of it is graphic. It has a suspenders neckline. This person wears a long pants, with denim fabric and pure color patterns. This woman is wearing a ring on her finger. There is an accessory on her wrist. This lady has neckwear."
WOMEN-Tees_Tanks-id_00006660-04_7_additional,id_00006660,WOMEN,Tees_Tanks,additional,query,12235,"Her tank top has no sleeves, cotton fabric and pure color patterns. It has a round neckline. The trousers the person wears is of long length. The trousers are with denim fabric and solid color patterns. The person wears a ring. The person has neckwear. The lady has a hat in her head. There is an accessory on her wrist."
WOMEN-Tees_Tanks-id_00006713-02_4_full,id_00006713,WOMEN,Tees_Tanks,full,query,12260,"The tank top the person wears has no sleeves, its fabric is cotton, and it has graphic patterns. The tank top has a suspenders neckline. The person wears a three-point shorts, with denim fabric and pure color patterns. There is an accessory in his her neck. There is an accessory on her wrist. The lady wears a ring."
WOMEN-Tees_Tanks-id_00006717-03_7_additional,id_00006717,WOMEN,Tees_Tanks,additional,query,12261,"Her tank top has sleeves cut off, cotton fabric and solid color patterns. The neckline of it is suspenders. The female wears a three-quarter pants. The pants are with denim fabric and solid color patterns. There is an accessory on her wrist. The female wears a ring. There is an accessory in his her neck."
WOMEN-Tees_Tanks-id_00006717-04_7_additional,id_00006717,WOMEN,Tees_Tanks,additional,query,12262,This woman wears a sleeveless tank top with solid color patterns. The tank top is with cotton fabric. The pants this woman wears is of long length. The pants are with denim fabric and solid color patterns. There is an accessory on her wrist. The person has neckwear. The lady is wearing a belt. There is a ring on her finger.
WOMEN-Tees_Tanks-id_00006791-05_4_full,id_00006791,WOMEN,Tees_Tanks,full,query,12280,"Her shirt has long sleeves, cotton fabric and striped patterns. The neckline of it is round. The trousers this lady wears is of long length. The trousers are with denim fabric and pure color patterns. The outer clothing this woman wears is with knitting fabric and other patterns."
WOMEN-Tees_Tanks-id_00006846-02_7_additional,id_00006846,WOMEN,Tees_Tanks,additional,query,12288,"The tank top the person wears has no sleeves, its fabric is cotton, and it has graphic patterns. The tank top has a crew neckline. The person wears a long pants, with cotton fabric and solid color patterns. This person is wearing a hat. There is an accessory on her wrist."
WOMEN-Tees_Tanks-id_00006865-01_4_full,id_00006865,WOMEN,Tees_Tanks,full,query,12322,The female wears a sleeveless tank shirt with graphic patterns. The tank shirt is with cotton fabric. It has a round neckline. The female wears a long trousers. The trousers are with denim fabric and pure color patterns. The lady wears a ring. There is an accessory on her wrist.
WOMEN-Tees_Tanks-id_00006960-03_4_full,id_00006960,WOMEN,Tees_Tanks,full,query,12356,"Her tank shirt has sleeves cut off, cotton fabric and graphic patterns. The trousers the person wears is of long length. The trousers are with denim fabric and solid color patterns. This person is wearing a ring on her finger."
WOMEN-Tees_Tanks-id_00006960-04_4_full,id_00006960,WOMEN,Tees_Tanks,full,query,12357,"The tank shirt this lady wears has no sleeves, its fabric is cotton, and it has pure color patterns. The tank shirt has a suspenders neckline. This lady wears a long trousers, with denim fabric and solid color patterns. There is a ring on her finger. There is an accessory on her wrist."
WOMEN-Tees_Tanks-id_00006971-01_1_front,id_00006971,WOMEN,Tees_Tanks,front,query,12359,The lady is wearing a short-sleeve shirt with solid color patterns. The shirt is with chiffon fabric and its neckline is crew. The lady wears a three-point pants. The pants are with cotton fabric and solid color patterns. This lady wears a ring. This female wears a pair of sunglasses.
WOMEN-Tees_Tanks-id_00007014-01_7_additional,id_00007014,WOMEN,Tees_Tanks,additional,query,12375,The female is wearing a short-sleeve T-shirt with graphic patterns. The T-shirt is with cotton fabric and its neckline is crew. The trousers the female wears is of long length. The trousers are with cotton fabric and pure color patterns. This lady wears a ring. There is clothing on her waist. This woman is wearing a pair of socks.
WOMEN-Tees_Tanks-id_00007026-05_4_full,id_00007026,WOMEN,Tees_Tanks,full,query,12384,The female wears a long-sleeve sweater with striped patterns and long trousers. The sweater is with cotton fabric and it has a crew neckline. The trousers are with denim fabric and pure color patterns. This lady wears a hat. There is an accessory on her wrist. This person has neckwear. This lady wears a ring.
WOMEN-Tees_Tanks-id_00007028-05_4_full,id_00007028,WOMEN,Tees_Tanks,full,query,12385,"The upper clothing has no sleeves, cotton fabric and graphic patterns. It has a suspenders neckline. The lower clothing is of three-point length. The fabric is denim and it has pure color patterns. There is a ring on her finger. There is an accessory in his her neck. There is an accessory on her wrist. This woman wears sunglasses."
WOMEN-Tees_Tanks-id_00007050-02_7_additional,id_00007050,WOMEN,Tees_Tanks,additional,query,12389,"The T-shirt this woman wears has short sleeves, its fabric is cotton, and it has solid color patterns. The T-shirt has a crew neckline. This woman wears a three-point shorts, with cotton fabric and pure color patterns. There is a hat in her head. There is an accessory on her wrist. This person wears a ring."
WOMEN-Tees_Tanks-id_00007094-02_4_full,id_00007094,WOMEN,Tees_Tanks,full,query,12401,"Her shirt has short sleeves, cotton fabric and solid color patterns. It has a crew neckline. The trousers the lady wears is of long length. The trousers are with leather fabric and solid color patterns. There is an accessory on her wrist. This person is wearing a ring on her finger."
WOMEN-Tees_Tanks-id_00007094-03_4_full,id_00007094,WOMEN,Tees_Tanks,full,query,12402,"The upper clothing has medium sleeves, cotton fabric and solid color patterns. The neckline of it is crew. The lower clothing is of long length. The fabric is leather and it has solid color patterns. This female is wearing a ring on her finger. There is an accessory on her wrist."
WOMEN-Tees_Tanks-id_00007105-01_1_front,id_00007105,WOMEN,Tees_Tanks,front,query,12403,The lady is wearing a short-sleeve T-shirt with other patterns. The T-shirt is with cotton fabric and its neckline is round. The lady wears a three-point pants. The pants are with cotton fabric and pure color patterns. There is a ring on her finger. This lady wears leggings. The lady has a hat in her head. There is an accessory in his her neck. There is an accessory on her wrist.
WOMEN-Tees_Tanks-id_00007145-03_4_full,id_00007145,WOMEN,Tees_Tanks,full,query,12410,The person is wearing a medium-sleeve shirt with floral patterns. The shirt is with cotton fabric and its neckline is lapel. The person wears a long trousers. The trousers are with denim fabric and pure color patterns. The outer clothing the lady wears is with cotton fabric and solid color patterns. There is a hat in her head. There is an accessory on her wrist. The female is wearing a ring on her finger. The lady has neckwear.
WOMEN-Tees_Tanks-id_00007204-02_4_full,id_00007204,WOMEN,Tees_Tanks,full,query,12427,"Her T-shirt has short sleeves, cotton fabric and graphic patterns. It has a crew neckline. The female wears a three-point pants. The pants are with leather fabric and pure color patterns. There is an accessory on her wrist. The female has neckwear. The lady has a hat in her head. There is a ring on her finger."
WOMEN-Tees_Tanks-id_00007212-01_7_additional,id_00007212,WOMEN,Tees_Tanks,additional,query,12431,This person is wearing a long-sleeve sweater with color block patterns. The sweater is with cotton fabric and its neckline is round. The shorts this person wears is of three-point length. The shorts are with cotton fabric and solid color patterns. There is a ring on her finger.
WOMEN-Tees_Tanks-id_00007274-01_7_additional,id_00007274,WOMEN,Tees_Tanks,additional,query,12435,The female wears a long-sleeve shirt with pure color patterns and a three-point shorts. The shirt is with cotton fabric and its neckline is crew. The shorts are with cotton fabric and pure color patterns. The person wears sunglasses. There is a ring on her finger.
WOMEN-Tees_Tanks-id_00007333-01_1_front,id_00007333,WOMEN,Tees_Tanks,front,query,12461,"Her sweater has long sleeves, cotton fabric and striped patterns. The neckline of it is v-shape. The pants the person wears is of long length. The pants are with denim fabric and pure color patterns. There is a hat in her head. This female is wearing a ring on her finger."
WOMEN-Tees_Tanks-id_00007333-02_7_additional,id_00007333,WOMEN,Tees_Tanks,additional,query,12462,"The sweater this female wears has long sleeves, its fabric is cotton, and it has striped patterns. The sweater has a v-shape neckline. This female wears a long pants, with denim fabric and solid color patterns. This lady wears a ring. This woman has a hat in her head."
WOMEN-Tees_Tanks-id_00007349-02_7_additional,id_00007349,WOMEN,Tees_Tanks,additional,query,12467,"The upper clothing has long sleeves, cotton fabric and pure color patterns. The neckline of it is round. The lower clothing is of three-point length. The fabric is denim and it has solid color patterns. There is a hat in her head. There is clothing on her waist. This person wears a ring. There is an accessory in his her neck."
WOMEN-Tees_Tanks-id_00007369-04_4_full,id_00007369,WOMEN,Tees_Tanks,full,query,12471,"The shirt this lady wears has short sleeves and it is with cotton fabric and pure color patterns. The neckline of the shirt is crew. This lady wears a long trousers, with denim fabric and solid color patterns. This lady has neckwear. There is an accessory on her wrist. The lady is wearing a ring on her finger."
WOMEN-Tees_Tanks-id_00007386-02_4_full,id_00007386,WOMEN,Tees_Tanks,full,query,12473,This woman is wearing a sleeveless tank shirt with pure color patterns. The tank shirt is with cotton fabric and its neckline is crew. The pants this woman wears is of three-point length. The pants are with leather fabric and pure color patterns. This person wears a ring. There is an accessory on her wrist. This woman wears a pair of socks.
WOMEN-Tees_Tanks-id_00007398-04_7_additional,id_00007398,WOMEN,Tees_Tanks,additional,query,12477,This female is wearing a short-sleeve shirt with solid color patterns. The shirt is with cotton fabric. It has a round neckline. This female wears a long trousers. The trousers are with denim fabric and pure color patterns. This person is wearing a ring on her finger. There is an accessory in his her neck.
WOMEN-Tees_Tanks-id_00007447-04_4_full,id_00007447,WOMEN,Tees_Tanks,full,query,12486,The person is wearing a short-sleeve shirt with graphic patterns. The shirt is with cotton fabric. It has a crew neckline. The trousers the person wears is of long length. The trousers are with denim fabric and solid color patterns. There is an accessory on her wrist. There is a ring on her finger.
WOMEN-Tees_Tanks-id_00007483-04_4_full,id_00007483,WOMEN,Tees_Tanks,full,query,12496,"The shirt the lady wears has short sleeves and its fabric is cotton. The pattern of it is pure color. The lady wears a long pants, with denim fabric and pure color patterns. There is clothing on her waist. This female has a hat in her head. The lady is wearing a ring on her finger. There is an accessory on her wrist."
WOMEN-Tees_Tanks-id_00007483-05_4_full,id_00007483,WOMEN,Tees_Tanks,full,query,12497,This woman wears a short-sleeve T-shirt with solid color patterns and a long trousers. The T-shirt is with cotton fabric. The neckline of the T-shirt is stand. The trousers are with denim fabric and solid color patterns. There is an accessory on her wrist. This lady wears a ring. There is a hat in her head. There is clothing on her waist.
WOMEN-Tees_Tanks-id_00007483-06_4_full,id_00007483,WOMEN,Tees_Tanks,full,query,12498,The female is wearing a medium-sleeve shirt with solid color patterns. The shirt is with cotton fabric and its neckline is stand. The trousers the female wears is of three-quarter length. The trousers are with denim fabric and pure color patterns. The female wears a hat. There is clothing on her waist.
WOMEN-Tees_Tanks-id_00007485-02_4_full,id_00007485,WOMEN,Tees_Tanks,full,query,12499,This lady wears a short-sleeve shirt with graphic patterns. The shirt is with cotton fabric. It has a crew neckline. The trousers this lady wears is of long length. The trousers are with denim fabric and solid color patterns.
WOMEN-Tees_Tanks-id_00007661-04_4_full,id_00007661,WOMEN,Tees_Tanks,full,query,12544,"Her shirt has short sleeves, cotton fabric and pure color patterns. It has a crew neckline. The female wears a long trousers. The trousers are with denim fabric and pure color patterns."
WOMEN-Tees_Tanks-id_00007661-05_7_additional,id_00007661,WOMEN,Tees_Tanks,additional,query,12545,This person is wearing a short-sleeve T-shirt with pure color patterns and a long trousers. The T-shirt is with cotton fabric. The neckline of the T-shirt is crew. The trousers are with denim fabric and solid color patterns.
WOMEN-Tees_Tanks-id_00007663-06_1_front,id_00007663,WOMEN,Tees_Tanks,front,query,12546,This woman wears a tank tank top with pure color patterns and a long trousers. The tank top is with cotton fabric and its neckline is stand. The trousers are with cotton fabric and solid color patterns. There is clothing on her waist. There is an accessory on her wrist. The person wears a hat. This woman wears a ring.
WOMEN-Tees_Tanks-id_00007664-10_4_full,id_00007664,WOMEN,Tees_Tanks,full,query,12547,This lady wears a tank tank top with solid color patterns and a long pants. The tank top is with cotton fabric. The neckline of the tank top is suspenders. The pants are with denim fabric and solid color patterns. There is a ring on her finger.
WOMEN-Tees_Tanks-id_00007664-20_4_full,id_00007664,WOMEN,Tees_Tanks,full,query,12548,The lady wears a sleeveless tank shirt with pure color patterns. The tank shirt is with cotton fabric. It has a suspenders neckline. The lady wears a three-point pants. The pants are with denim fabric and pure color patterns. This female is wearing a ring on her finger.
WOMEN-Tees_Tanks-id_00007691-02_7_additional,id_00007691,WOMEN,Tees_Tanks,additional,query,12561,"This female is wearing a short-sleeve shirt with pure color patterns. The shirt is with cotton fabric. It has a crew neckline. The pants this female wears is of three-point length. The pants are with denim fabric and pure color patterns. This lady also wears an outer clothing, with cotton fabric and graphic patterns. There is an accessory in his her neck. This person is wearing sunglasses."
WOMEN-Tees_Tanks-id_00007691-04_7_additional,id_00007691,WOMEN,Tees_Tanks,additional,query,12562,This woman wears a long-sleeve sweater with pure color patterns and a three-point shorts. The sweater is with cotton fabric. The neckline of the sweater is crew. The shorts are with denim fabric and graphic patterns. The outer clothing is with cotton fabric and graphic patterns. This person has neckwear.
WOMEN-Tees_Tanks-id_00007728-02_7_additional,id_00007728,WOMEN,Tees_Tanks,additional,query,12593,This lady wears a short-sleeve T-shirt with pure color patterns and a long pants. The T-shirt is with cotton fabric. The neckline of the T-shirt is crew. The pants are with denim fabric and solid color patterns. There is an accessory in his her neck. There is an accessory on her wrist. There is a ring on her finger.
WOMEN-Tees_Tanks-id_00007732-03_4_full,id_00007732,WOMEN,Tees_Tanks,full,query,12596,The female is wearing a long-sleeve shirt with solid color patterns. The shirt is with cotton fabric. It has a round neckline. The shorts the female wears is of three-point length. The shorts are with denim fabric and solid color patterns. This woman wears a ring. There is an accessory in his her neck. There is an accessory on her wrist.
WOMEN-Tees_Tanks-id_00007758-03_1_front,id_00007758,WOMEN,Tees_Tanks,front,query,12609,"Her shirt has short sleeves, cotton fabric and solid color patterns. The neckline of it is round. The person wears a long trousers. The trousers are with denim fabric and pure color patterns. There is an accessory on her wrist. This woman is wearing a ring on her finger. There is an accessory in his her neck."
WOMEN-Tees_Tanks-id_00007758-04_7_additional,id_00007758,WOMEN,Tees_Tanks,additional,query,12610,"Her shirt has short sleeves, cotton fabric and pure color patterns. The neckline of it is round. The shorts this woman wears is of three-point length. The shorts are with leather fabric and solid color patterns. This lady wears a ring."
WOMEN-Tees_Tanks-id_00007837-02_4_full,id_00007837,WOMEN,Tees_Tanks,full,query,12622,"The shirt this woman wears has short sleeves and it is with cotton fabric and graphic patterns. The neckline of the shirt is crew. This woman wears a long trousers, with denim fabric and pure color patterns. There is an accessory on her wrist. The female has a hat in her head. The female wears a ring."
WOMEN-Tees_Tanks-id_00007843-03_4_full,id_00007843,WOMEN,Tees_Tanks,full,query,12626,"Her sweater has long sleeves, cotton fabric and pure color patterns. It has a round neckline. The lady wears a long pants. The pants are with denim fabric and solid color patterns. There is an accessory on her wrist. There is a ring on her finger."
WOMEN-Tees_Tanks-id_00007843-04_4_full,id_00007843,WOMEN,Tees_Tanks,full,query,12627,The person is wearing a long-sleeve shirt with pure color patterns. The shirt is with cotton fabric. It has a crew neckline. The trousers the person wears is of long length. The trousers are with denim fabric and solid color patterns. This person wears a ring. There is an accessory on her wrist.
WOMEN-Tees_Tanks-id_00007880-02_4_full,id_00007880,WOMEN,Tees_Tanks,full,query,12640,This person is wearing a short-sleeve T-shirt with graphic patterns. The T-shirt is with cotton fabric and its neckline is crew. This person wears a long trousers. The trousers are with denim fabric and pure color patterns. This female wears a ring.
WOMEN-Tees_Tanks-id_00007904-02_7_additional,id_00007904,WOMEN,Tees_Tanks,additional,query,12660,This lady wears a short-sleeve T-shirt with stripe patterns and three-point shorts. The T-shirt is with cotton fabric and it has a crew neckline. The shorts are with denim fabric and pure color patterns. There is an accessory on her wrist.
WOMEN-Tees_Tanks-id_00007925-01_4_full,id_00007925,WOMEN,Tees_Tanks,full,query,12669,The lady is wearing a sleeveless tank top with solid color patterns. The tank top is with cotton fabric and its neckline is suspenders. The trousers the lady wears is of long length. The trousers are with denim fabric and solid color patterns. There is an accessory in his her neck. This female is wearing a ring on her finger. There is an accessory on her wrist.
WOMEN-Tees_Tanks-id_00007970-01_7_additional,id_00007970,WOMEN,Tees_Tanks,additional,query,12690,"Her shirt has short sleeves, cotton fabric and graphic patterns. The neckline of it is round. This woman wears a three-point shorts. The shorts are with denim fabric and solid color patterns. There is an accessory in his her neck. There is an accessory on her wrist. The female is wearing a ring on her finger."
