image_id,item_id,gender,category,view,split,row_in_captions,caption
MEN-Denim-id_00000353-02_7_additional,id_00000353,MEN,Denim,additional,query,21,"His shirt has long sleeves, cotton fabric and pure color patterns. It has a lapel neckline. The trousers the gentleman wears is of long length. The trousers are with denim fabric and plaid patterns. The gentleman also wears an outer clothing, with denim fabric and pure color patterns. There is clothing on his waist."
MEN-Denim-id_00000826-04_7_additional,id_00000826,MEN,Denim,additional,query,28,"His tank shirt has sleeves cut off, cotton fabric and solid color patterns. It has a crew neckline. The trousers this person wears is of long length. The trousers are with denim fabric and lattice patterns."
MEN-Denim-id_00000938-03_7_additional,id_00000938,MEN,Denim,additional,query,31,This gentleman is wearing a short-sleeve T-shirt with pure color patterns. The T-shirt is with cotton fabric and its neckline is crew. The trousers this gentleman wears is of long length. The trousers are with cotton fabric and pure color patterns.
MEN-Denim-id_00001198-01_7_additional,id_00001198,MEN,Denim,additional,query,33,This person wears a long-sleeve sweater with pure color patterns. The sweater is with cotton fabric. It has a stand neckline. The pants this person wears is of long length. The pants are with cotton fabric and solid color patterns.
MEN-Denim-id_00001198-03_7_additional,id_00001198,MEN,Denim,additional,query,35,"The upper clothing has long sleeves, cotton fabric and pure color patterns. The neckline of it is stand. The lower clothing is of long length. The fabric is cotton and it has solid color patterns."
MEN-Denim-id_00001198-04_7_additional,id_00001198,MEN,Denim,additional,query,36,The guy wears a long-sleeve shirt with solid color patterns. The shirt is with cotton fabric. It has a stand neckline. The guy wears a long trousers. The trousers are with cotton fabric and lattice patterns.
MEN-Denim-id_00002559-03_7_additional,id_00002559,MEN,Denim,additional,query,43,This man wears a short-sleeve shirt with solid color patterns and a long trousers. The shirt is with cotton fabric. The neckline of the shirt is crew. The trousers are with denim fabric and solid color patterns.
MEN-Denim-id_00005887-01_7_additional,id_00005887,MEN,Denim,additional,query,71,The guy wears a short-sleeve T-shirt with pure color patterns. The T-shirt is with cotton fabric. It has a round neckline. The pants the guy wears is of long length. The pants are with cotton fabric and solid color patterns.
MEN-Denim-id_00005887-03_7_additional,id_00005887,MEN,Denim,additional,query,73,"The shirt the person wears has short sleeves, its fabric is cotton, and it has pure color patterns. The shirt has a crew neckline. The person wears a long trousers, with denim fabric and lattice patterns."
MEN-Jackets_Vests-id_00000084-04_4_full,id_00000084,MEN,Jackets_Vests,full,query,91,"The sweater this gentleman wears has long sleeves, its fabric is cotton, and it has pure color patterns. The sweater has a crew neckline. This gentleman wears a long trousers, with cotton fabric and pure color patterns. The outer clothing this person wears is with cotton fabric and color block patterns."
MEN-Jackets_Vests-id_00000084-05_1_front,id_00000084,MEN,Jackets_Vests,front,query,92,"This man wears a long-sleeve shirt with pure color patterns. The shirt is with cotton fabric. It has a round neckline. The trousers this man wears is of long length. The trousers are with denim fabric and pure color patterns. The guy also wears an outer clothing, with cotton fabric and color block patterns. There is clothing on his waist. There is a hat in his head."
MEN-Jackets_Vests-id_00000084-08_4_full,id_00000084,MEN,Jackets_Vests,full,query,94,"His shirt has long sleeves, cotton fabric and solid color patterns. The neckline of it is round. The trousers this man wears is of long length. The trousers are with cotton fabric and solid color patterns."
MEN-Jackets_Vests-id_00000094-01_4_full,id_00000094,MEN,Jackets_Vests,full,query,95,This person is wearing a long-sleeve shirt with graphic patterns and a long pants. The shirt is with cotton fabric and its neckline is lapel. The pants are with cotton fabric and pure color patterns. The outer clothing the guy wears is with cotton fabric and solid color patterns.
MEN-Jackets_Vests-id_00000094-02_7_additional,id_00000094,MEN,Jackets_Vests,additional,query,96,"This guy wears a long-sleeve shirt with solid color patterns. The shirt is with cotton fabric. It has a lapel neckline. This guy wears a long pants. The pants are with cotton fabric and solid color patterns. The guy also wears an outer clothing, with cotton fabric and solid color patterns. There is an accessory in his his neck."
MEN-Jackets_Vests-id_00002439-01_2_side,id_00002439,MEN,Jackets_Vests,side,query,116,"This guy is wearing a short-sleeve T-shirt with solid color patterns. The T-shirt is with cotton fabric. It has a crew neckline. The pants this guy wears is of long length. The pants are with cotton fabric and pure color patterns. This man also wears an outer clothing, with cotton fabric and pure color patterns."
MEN-Jackets_Vests-id_00002439-02_4_full,id_00002439,MEN,Jackets_Vests,full,query,117,"The upper clothing has long sleeves, cotton fabric and solid color patterns. The neckline of it is lapel. The lower clothing is of long length. The fabric is cotton and it has solid color patterns. The outer clothing the guy wears is with cotton fabric and pure color patterns. There is an accessory in his his neck."
MEN-Jackets_Vests-id_00006299-02_4_full,id_00006299,MEN,Jackets_Vests,full,query,162,This man wears a long-sleeve sweater with graphic patterns and a long trousers. The sweater is with cotton fabric. The neckline of the sweater is lapel. The trousers are with denim fabric and pure color patterns. The outer clothing is with leather fabric and color block patterns. There is an accessory on his wrist. There is a ring on his finger.
MEN-Jackets_Vests-id_00006912-09_4_full,id_00006912,MEN,Jackets_Vests,full,query,168,The gentleman is wearing a long-sleeve sweater with solid color patterns and a medium pants. The sweater is with cotton fabric and its neckline is crew. The pants are with cotton fabric and solid color patterns. The outer clothing this guy wears is with cotton fabric and solid color patterns.
MEN-Jackets_Vests-id_00007324-03_4_full,id_00007324,MEN,Jackets_Vests,full,query,173,"The sweater this guy wears has long sleeves and it is with cotton fabric and pure color patterns. The neckline of the sweater is crew. This guy wears a long trousers, with denim fabric and solid color patterns. This man also wears an outer clothing, with leather fabric and color block patterns."
MEN-Jackets_Vests-id_00007569-04_7_additional,id_00007569,MEN,Jackets_Vests,additional,query,178,"The upper clothing has long sleeves, cotton fabric and solid color patterns. The neckline of it is round. The lower clothing is of long length. The fabric is cotton and it has solid color patterns. The outer clothing is with cotton fabric and solid color patterns."
MEN-Pants-id_00000256-03_4_full,id_00000256,MEN,Pants,full,query,193,This guy is wearing a long-sleeve shirt with pure color patterns. The shirt is with cotton fabric and its neckline is crew. This guy wears a long pants. The pants are with cotton fabric and solid color patterns. The outer clothing is with cotton fabric and solid color patterns. There is an accessory on his wrist.
MEN-Pants-id_00000470-03_7_additional,id_00000470,MEN,Pants,additional,query,201,"His shirt has long sleeves, cotton fabric and solid color patterns. The neckline of it is crew. This gentleman wears a three-quarter pants. The pants are with cotton fabric and solid color patterns. There is an accessory on his wrist."
MEN-Pants-id_00001207-05_4_full,id_00001207,MEN,Pants,full,query,219,"The shirt this guy wears has long sleeves and it is with cotton fabric and solid color patterns. The neckline of the shirt is crew. This guy wears a long pants, with cotton fabric and pure color patterns. The outer clothing the guy wears is with leather fabric and solid color patterns."
MEN-Pants-id_00001207-07_4_full,id_00001207,MEN,Pants,full,query,221,"The sweater this man wears has long sleeves, its fabric is cotton, and it has solid color patterns. The sweater has a crew neckline. This man wears a long trousers, with cotton fabric and solid color patterns. This guy also wears an outer clothing, with denim fabric and solid color patterns."
MEN-Pants-id_00001468-04_7_additional,id_00001468,MEN,Pants,additional,query,228,This person is wearing a short-sleeve shirt with solid color patterns and a long pants. The shirt is with cotton fabric. The neckline of the shirt is lapel. The pants are with cotton fabric and solid color patterns.
MEN-Pants-id_00001814-02_7_additional,id_00001814,MEN,Pants,additional,query,242,"The upper clothing has short sleeves, cotton fabric and solid color patterns. The neckline of it is round. The lower clothing is of long length. The fabric is cotton and it has color block patterns."
MEN-Pants-id_00002006-04_7_additional,id_00002006,MEN,Pants,additional,query,243,The guy is wearing a long-sleeve shirt with pure color patterns. The shirt is with cotton fabric and its neckline is lapel. The trousers the guy wears is of long length. The trousers are with cotton fabric and pure color patterns. There is a hat in his head.
MEN-Pants-id_00002006-08_7_additional,id_00002006,MEN,Pants,additional,query,247,"His shirt has long sleeves, cotton fabric and solid color patterns. The neckline of it is lapel. The person wears a long trousers. The trousers are with cotton fabric and pure color patterns. This person is wearing a hat."
MEN-Pants-id_00002493-01_7_additional,id_00002493,MEN,Pants,additional,query,253,"The upper clothing has long sleeves, cotton fabric and pure color patterns. It has a round neckline. The lower clothing is of long length. The fabric is cotton and it has pure color patterns."
MEN-Pants-id_00002493-05_7_additional,id_00002493,MEN,Pants,additional,query,257,This person is wearing a long-sleeve sweater with solid color patterns. The sweater is with cotton fabric and its neckline is round. This person wears a long pants. The pants are with cotton fabric and solid color patterns. This gentleman is wearing a hat.
MEN-Pants-id_00002493-06_7_additional,id_00002493,MEN,Pants,additional,query,258,The person is wearing a long-sleeve shirt with solid color patterns. The shirt is with denim fabric. It has a lapel neckline. The pants the person wears is of long length. The pants are with cotton fabric and solid color patterns. There is a hat in his head.
MEN-Pants-id_00002565-02_1_front,id_00002565,MEN,Pants,front,query,261,The guy wears a long-sleeve shirt with solid color patterns and a long pants. The shirt is with cotton fabric and its neckline is lapel. The pants are with cotton fabric and pure color patterns. There is an accessory in his his neck.
MEN-Pants-id_00002565-04_1_front,id_00002565,MEN,Pants,front,query,262,"The sweater this person wears has long sleeves, its fabric is cotton, and it has pure color patterns. The sweater has a lapel neckline. This person wears a long pants, with cotton fabric and solid color patterns. The outer clothing is with cotton fabric and pure color patterns."
MEN-Pants-id_00003612-01_1_front,id_00003612,MEN,Pants,front,query,285,This person is wearing a short-sleeve shirt with pure color patterns. The shirt is with cotton fabric and its neckline is round. The trousers this person wears is of long length. The trousers are with cotton fabric and solid color patterns.
MEN-Pants-id_00003612-02_7_additional,id_00003612,MEN,Pants,additional,query,286,This guy wears a long-sleeve shirt with color block patterns and long pants. The shirt is with cotton fabric and it has a lapel neckline. The pants are with cotton fabric and solid color patterns.
MEN-Pants-id_00003612-03_1_front,id_00003612,MEN,Pants,front,query,287,The guy is wearing a short-sleeve T-shirt with pure color patterns. The T-shirt is with cotton fabric. It has a crew neckline. The pants the guy wears is of long length. The pants are with cotton fabric and pure color patterns.
MEN-Pants-id_00003612-11_1_front,id_00003612,MEN,Pants,front,query,288,The guy wears a short-sleeve T-shirt with pure color patterns and long trousers. The T-shirt is with cotton fabric and it has a crew neckline. The trousers are with cotton fabric and pure color patterns.
MEN-Pants-id_00003872-04_7_additional,id_00003872,MEN,Pants,additional,query,295,This gentleman is wearing a long-sleeve sweater with pure color patterns. The sweater is with cotton fabric. It has a crew neckline. This gentleman wears a long trousers. The trousers are with cotton fabric and solid color patterns. The outer clothing the gentleman wears is with cotton fabric and solid color patterns. The person has a hat in his head.
MEN-Pants-id_00004045-01_7_additional,id_00004045,MEN,Pants,additional,query,296,"The shirt the person wears has long sleeves and it is with denim fabric and solid color patterns. The neckline of the shirt is lapel. The person wears a three-quarter trousers, with denim fabric and solid color patterns. The guy has a hat in his head."
MEN-Pants-id_00004045-04_7_additional,id_00004045,MEN,Pants,additional,query,298,This guy wears a long-sleeve shirt with solid color patterns. The shirt is with cotton fabric. It has a round neckline. This guy wears a long pants. The pants are with cotton fabric and solid color patterns. There is a hat in his head.
MEN-Pants-id_00004045-11_7_additional,id_00004045,MEN,Pants,additional,query,301,"His shirt has long sleeves, cotton fabric and solid color patterns. The neckline of it is crew. This gentleman wears a long pants. The pants are with cotton fabric and pure color patterns. This gentleman is wearing a hat."
MEN-Pants-id_00004045-12_7_additional,id_00004045,MEN,Pants,additional,query,302,The gentleman is wearing a long-sleeve sweater with pure color patterns. The sweater is with cotton fabric and its neckline is round. The pants the gentleman wears is of long length. The pants are with cotton fabric and pure color patterns. The guy is wearing a hat.
MEN-Pants-id_00004767-01_1_front,id_00004767,MEN,Pants,front,query,308,"His T-shirt has short sleeves, cotton fabric and solid color patterns. The neckline of it is round. The guy wears a three-quarter trousers. The trousers are with cotton fabric and pure color patterns. There is an accessory on his wrist."
MEN-Pants-id_00005213-02_4_full,id_00005213,MEN,Pants,full,query,316,This guy is wearing a long-sleeve sweater with pure color patterns and a long trousers. The sweater is with cotton fabric. The neckline of the sweater is crew. The trousers are with cotton fabric and solid color patterns.
MEN-Pants-id_00005213-05_1_front,id_00005213,MEN,Pants,front,query,319,This man is wearing a long-sleeve shirt with pure color patterns. The shirt is with cotton fabric. It has a round neckline. The pants this man wears is of long length. The pants are with cotton fabric and solid color patterns.
MEN-Pants-id_00005679-01_7_additional,id_00005679,MEN,Pants,additional,query,329,This gentleman is wearing a short-sleeve T-shirt with solid color patterns and a long pants. The T-shirt is with cotton fabric. The neckline of the T-shirt is round. The pants are with cotton fabric and pure color patterns.
MEN-Pants-id_00005679-02_4_full,id_00005679,MEN,Pants,full,query,330,The guy wears a tank tank shirt with pure color patterns and a long trousers. The tank shirt is with cotton fabric and its neckline is round. The trousers are with other fabric and complicated patterns. This gentleman has neckwear. This person wears a hat.
MEN-Pants-id_00005679-02_7_additional,id_00005679,MEN,Pants,additional,query,331,The gentleman wears a tank tank shirt with pure color patterns and a long trousers. The tank shirt is with cotton fabric and its neckline is crew. The trousers are with cotton fabric and pure color patterns. There is an accessory in his his neck.
MEN-Pants-id_00006039-07_7_additional,id_00006039,MEN,Pants,additional,query,338,This person wears a short-sleeve shirt with pure color patterns. The shirt is with cotton fabric and its neckline is lapel. The person wears a hat.
MEN-Pants-id_00006535-03_1_front,id_00006535,MEN,Pants,front,query,350,The guy wears a long-sleeve sweater with solid color patterns and long trousers. The sweater is with cotton fabric and it has a round neckline. The trousers are with cotton fabric and pure color patterns. The person is wearing a hat.
MEN-Pants-id_00006535-04_1_front,id_00006535,MEN,Pants,front,query,351,This man is wearing a long-sleeve sweater with solid color patterns and a long trousers. The sweater is with cotton fabric and its neckline is crew. The trousers are with cotton fabric and pure color patterns. The outer clothing is with cotton fabric and pure color patterns. The person has a hat in his head.
MEN-Pants-id_00006535-05_1_front,id_00006535,MEN,Pants,front,query,352,This gentleman wears a long-sleeve sweater with pure color patterns and a long pants. The sweater is with cotton fabric and its neckline is round. The pants are with cotton fabric and pure color patterns. There is a hat in his head.
MEN-Pants-id_00006535-08_1_front,id_00006535,MEN,Pants,front,query,354,The guy wears a long-sleeve shirt with solid color patterns and long trousers. The shirt is with cotton fabric and it has a crew neckline. The trousers are with cotton fabric and pure color patterns. There is an accessory on his wrist. This gentleman is wearing a hat.
MEN-Pants-id_00006856-01_7_additional,id_00006856,MEN,Pants,additional,query,379,"The sweater this gentleman wears has long sleeves and its fabric is cotton. The pattern of it is solid color. It has a crew neckline. This gentleman wears a three-quarter trousers, with cotton fabric and solid color patterns. The outer clothing this guy wears is with cotton fabric and pure color patterns."
MEN-Pants-id_00006856-02_7_additional,id_00006856,MEN,Pants,additional,query,380,The person is wearing a long-sleeve sweater with pure color patterns. The sweater is with cotton fabric and its neckline is round. The person wears a long pants. The pants are with cotton fabric and pure color patterns. The outer clothing the gentleman wears is with denim fabric and solid color patterns.
MEN-Pants-id_00006856-05_7_additional,id_00006856,MEN,Pants,additional,query,382,"The upper clothing has long sleeves, cotton fabric and solid color patterns. The neckline of it is round. The lower clothing is of long length. The fabric is cotton and it has solid color patterns. The outer clothing is with denim fabric and solid color patterns."
MEN-Pants-id_00006957-02_4_full,id_00006957,MEN,Pants,full,query,387,The gentleman wears a short-sleeve T-shirt with solid color patterns and a long trousers. The T-shirt is with cotton fabric. The neckline of the T-shirt is crew. The trousers are with cotton fabric and other patterns. There is an accessory on his wrist.
MEN-Pants-id_00007146-05_1_front,id_00007146,MEN,Pants,front,query,388,"The upper clothing has no sleeves, cotton fabric and pure color patterns. The neckline of it is crew. The lower clothing is of long length. The fabric is cotton and it has pure color patterns. This person has neckwear."
MEN-Pants-id_00007146-06_1_front,id_00007146,MEN,Pants,front,query,389,"The tank shirt the person wears has sleeves cut off and it is with cotton fabric and pure color patterns. The neckline of the tank shirt is crew. The person wears a long pants, with cotton fabric and pure color patterns. There is an accessory in his his neck."
MEN-Shirts_Polos-id_00000193-04_7_additional,id_00000193,MEN,Shirts_Polos,additional,query,411,"The upper clothing has long sleeves, cotton fabric and color block patterns. The neckline of it is lapel. The lower clothing is of long length. The fabric is cotton and it has pure color patterns."
MEN-Shirts_Polos-id_00000193-06_7_additional,id_00000193,MEN,Shirts_Polos,additional,query,413,This gentleman wears a long-sleeve shirt with color block patterns and a three-point pants. The shirt is with cotton fabric. The neckline of the shirt is lapel. The pants are with cotton fabric and pure color patterns.
MEN-Shirts_Polos-id_00000193-07_4_full,id_00000193,MEN,Shirts_Polos,full,query,414,"His shirt has long sleeves, cotton fabric and color block patterns. The neckline of it is lapel. The gentleman wears a three-point shorts. The shorts are with cotton fabric and solid color patterns."
MEN-Shirts_Polos-id_00000193-08_7_additional,id_00000193,MEN,Shirts_Polos,additional,query,415,This man wears a long-sleeve sweater with color block patterns and a long trousers. The sweater is with cotton fabric and its neckline is lapel. The trousers are with cotton fabric and solid color patterns.
MEN-Shirts_Polos-id_00000846-04_4_full,id_00000846,MEN,Shirts_Polos,full,query,428,This guy wears a short-sleeve shirt with solid color patterns and medium pants. The shirt is with cotton fabric and it has a lapel neckline. The pants are with cotton fabric and solid color patterns. There is an accessory on his wrist.
MEN-Shirts_Polos-id_00000846-06_4_full,id_00000846,MEN,Shirts_Polos,full,query,429,"The T-shirt this person wears has short sleeves and its fabric is cotton. The pattern of it is pure color. It has a lapel neckline. This person wears a long pants, with cotton fabric and pure color patterns."
MEN-Shirts_Polos-id_00000846-10_4_full,id_00000846,MEN,Shirts_Polos,full,query,430,"His T-shirt has short sleeves, cotton fabric and solid color patterns. The neckline of it is lapel. The shorts the gentleman wears is of medium length. The shorts are with cotton fabric and solid color patterns. There is an accessory on his wrist."
MEN-Shirts_Polos-id_00001055-02_4_full,id_00001055,MEN,Shirts_Polos,full,query,434,The gentleman is wearing a short-sleeve T-shirt with graphic patterns. The T-shirt is with cotton fabric. It has a lapel neckline. The gentleman wears a three-point pants. The pants are with cotton fabric and pure color patterns. This guy has a hat in his head.
MEN-Shirts_Polos-id_00002383-02_4_full,id_00002383,MEN,Shirts_Polos,full,query,457,"The upper clothing has short sleeves, denim fabric and pure color patterns. The neckline of it is lapel. The lower clothing is of long length. The fabric is cotton and it has pure color patterns."
MEN-Shirts_Polos-id_00004118-02_7_additional,id_00004118,MEN,Shirts_Polos,additional,query,484,"The sweater this person wears has long sleeves and it is with cotton fabric and pure color patterns. The neckline of the sweater is lapel. This person wears a long pants, with cotton fabric and solid color patterns. The person is wearing a hat."
MEN-Shirts_Polos-id_00005548-04_4_full,id_00005548,MEN,Shirts_Polos,full,query,510,"The upper clothing has short sleeves, cotton fabric and pure color patterns. The neckline of it is lapel. The lower clothing is of long length. The fabric is cotton and it has solid color patterns. This guy has a hat in his head."
MEN-Shirts_Polos-id_00005548-06_4_full,id_00005548,MEN,Shirts_Polos,full,query,512,This guy wears a short-sleeve T-shirt with pure color patterns and a long pants. The T-shirt is with cotton fabric and its neckline is lapel. The pants are with cotton fabric and solid color patterns. The person has a hat in his head.
MEN-Shirts_Polos-id_00006790-07_1_front,id_00006790,MEN,Shirts_Polos,front,query,532,This gentleman wears a long-sleeve shirt with solid color patterns and a long trousers. The shirt is with cotton fabric. The neckline of the shirt is lapel. The trousers are with cotton fabric and solid color patterns. The outer clothing is with cotton fabric and lattice patterns.
MEN-Shirts_Polos-id_00006790-09_1_front,id_00006790,MEN,Shirts_Polos,front,query,533,"The person wears a long-sleeve shirt with pure color patterns and a long trousers. The shirt is with cotton fabric. The neckline of the shirt is lapel. The trousers are with cotton fabric and pure color patterns. This man also wears an outer clothing, with cotton fabric and lattice patterns. There is a hat in his head."
MEN-Shorts-id_00000638-02_4_full,id_00000638,MEN,Shorts,full,query,548,"His tank shirt has sleeves cut off, cotton fabric and graphic patterns. It has a round neckline. The shorts the gentleman wears is of medium length. The shorts are with cotton fabric and solid color patterns. There is an accessory on his wrist."
MEN-Shorts-id_00000638-03_4_full,id_00000638,MEN,Shorts,full,query,549,This man wears a sleeveless tank shirt with graphic patterns. The tank shirt is with cotton fabric. It has a crew neckline. This man wears a short pants. The pants are with cotton fabric and pure color patterns. There is an accessory on his wrist.
MEN-Shorts-id_00001281-02_7_additional,id_00001281,MEN,Shorts,additional,query,570,"His sweater has long sleeves, cotton fabric and pure color patterns. It has a crew neckline. The gentleman wears a long pants. The pants are with cotton fabric and graphic patterns."
MEN-Shorts-id_00004249-01_4_full,id_00004249,MEN,Shorts,full,query,633,"The upper clothing has short sleeves, cotton fabric and pure color patterns. The neckline of it is crew. The lower clothing is of medium length. The fabric is cotton and it has pure color patterns."
MEN-Shorts-id_00004249-02_4_full,id_00004249,MEN,Shorts,full,query,634,"The T-shirt this gentleman wears has short sleeves and its fabric is cotton. The pattern of it is solid color. It has a round neckline. This gentleman wears a short pants, with cotton fabric and pure color patterns."
MEN-Shorts-id_00004249-11_4_full,id_00004249,MEN,Shorts,full,query,638,This man is wearing a short-sleeve T-shirt with solid color patterns. The T-shirt is with cotton fabric. It has a crew neckline. The shorts this man wears is of medium length. The shorts are with cotton fabric and pure color patterns.
MEN-Shorts-id_00004527-06_1_front,id_00004527,MEN,Shorts,front,query,650,"The T-shirt this man wears has short sleeves and it is with cotton fabric and pure color patterns. The neckline of the T-shirt is round. This man wears a three-point pants, with cotton fabric and pure color patterns. This man wears socks in shoes. This person wears a hat. There is an accessory on his wrist."
MEN-Shorts-id_00004527-10_1_front,id_00004527,MEN,Shorts,front,query,654,This man is wearing a short-sleeve shirt with graphic patterns and a three-point shorts. The shirt is with cotton fabric and its neckline is lapel. The shorts are with cotton fabric and solid color patterns. This person is wearing a hat.
MEN-Shorts-id_00004629-04_1_front,id_00004629,MEN,Shorts,front,query,658,This gentleman is wearing a sleeveless tank top with pure color patterns and a short shorts. The tank top is with cotton fabric. The neckline of the tank top is crew. The shorts are with cotton fabric and solid color patterns. This guy has a hat in his head. There is an accessory on his wrist.
MEN-Shorts-id_00004629-10_7_additional,id_00004629,MEN,Shorts,additional,query,660,"The upper clothing has sleeves cut off, cotton fabric and solid color patterns. The neckline of it is crew. The lower clothing is of short length. The fabric is cotton and it has solid color patterns. There is an accessory in his his neck. The guy wears a pair of socks. The gentleman has a hat in his head. There is an accessory on his wrist."
MEN-Shorts-id_00006420-11_7_additional,id_00006420,MEN,Shorts,additional,query,685,"The shirt this guy wears has short sleeves and it is with denim fabric and pure color patterns. The neckline of the shirt is lapel. This guy wears a short shorts, with cotton fabric and pure color patterns."
MEN-Shorts-id_00006829-01_7_additional,id_00006829,MEN,Shorts,additional,query,692,"His shirt has long sleeves, cotton fabric and lattice patterns. It has a lapel neckline. The gentleman wears a short shorts. The shorts are with denim fabric and pure color patterns."
MEN-Shorts-id_00006829-04_7_additional,id_00006829,MEN,Shorts,additional,query,695,"His shirt has long sleeves, cotton fabric and lattice patterns. The neckline of it is lapel. The pants this gentleman wears is of medium length. The pants are with denim fabric and pure color patterns."
MEN-Shorts-id_00007048-02_4_full,id_00007048,MEN,Shorts,full,query,698,"His T-shirt has short sleeves, cotton fabric and floral patterns. The neckline of it is lapel. The pants this gentleman wears is of short length. The pants are with cotton fabric and solid color patterns. There is an accessory on his wrist."
MEN-Shorts-id_00007048-03_4_full,id_00007048,MEN,Shorts,full,query,699,"His shirt has short sleeves, cotton fabric and graphic patterns. It has a lapel neckline. The pants the person wears is of medium length. The pants are with cotton fabric and solid color patterns. There is an accessory on his wrist."
MEN-Shorts-id_00007309-07_1_front,id_00007309,MEN,Shorts,front,query,709,"His T-shirt has short sleeves, cotton fabric and solid color patterns. The neckline of it is round. The gentleman wears a short shorts. The shorts are with cotton fabric and pure color patterns."
MEN-Shorts-id_00007309-08_1_front,id_00007309,MEN,Shorts,front,query,710,"His T-shirt has short sleeves, cotton fabric and pure color patterns. The neckline of it is round. The pants the guy wears is of short length. The pants are with cotton fabric and pure color patterns."
MEN-Shorts-id_00007309-10_1_front,id_00007309,MEN,Shorts,front,query,712,The gentleman is wearing a short-sleeve shirt with pure color patterns. The shirt is with denim fabric. It has a lapel neckline. The gentleman wears a short pants. The pants are with cotton fabric and pure color patterns.
MEN-Suiting-id_00000802-03_7_additional,id_00000802,MEN,Suiting,additional,query,725,"The upper clothing has long sleeves, cotton fabric and solid color patterns. It has a lapel neckline. The lower clothing is of long length. The fabric is cotton and it has solid color patterns. There is a belt on his waist."
MEN-Sweaters-id_00000846-03_4_full,id_00000846,MEN,Sweaters,full,query,747,This man is wearing a short-sleeve T-shirt with pure color patterns. The T-shirt is with cotton fabric. It has a lapel neckline. This man wears a medium shorts. The shorts are with cotton fabric and pure color patterns. There is an accessory on his wrist.
MEN-Sweaters-id_00001008-04_7_additional,id_00001008,MEN,Sweaters,additional,query,750,The guy is wearing a long-sleeve shirt with solid color patterns. The shirt is with cotton fabric and its neckline is stand. The trousers the guy wears is of long length. The trousers are with cotton fabric and pure color patterns.
MEN-Sweaters-id_00001008-05_4_full,id_00001008,MEN,Sweaters,full,query,751,"The sweater the person wears has long sleeves, its fabric is cotton, and it has solid color patterns. The sweater has a stand neckline. The person wears a long pants, with cotton fabric and pure color patterns. The person is wearing a ring on his finger. There is an accessory on his wrist."
MEN-Sweaters-id_00001008-06_4_full,id_00001008,MEN,Sweaters,full,query,752,"The sweater the person wears has long sleeves and it is with cotton fabric and pure color patterns. The neckline of the sweater is stand. The person wears a long trousers, with cotton fabric and pure color patterns. The person wears a hat."
MEN-Sweaters-id_00001509-02_4_full,id_00001509,MEN,Sweaters,full,query,765,The gentleman wears a long-sleeve shirt with color block patterns and a long pants. The shirt is with cotton fabric. The neckline of the shirt is lapel. The pants are with cotton fabric and pure color patterns.
MEN-Sweaters-id_00001783-02_7_additional,id_00001783,MEN,Sweaters,additional,query,772,The person is wearing a long-sleeve shirt with solid color patterns and a long pants. The shirt is with cotton fabric. The neckline of the shirt is stand. The pants are with cotton fabric and pure color patterns. There is a hat in his head. There is an accessory on his wrist.
MEN-Sweaters-id_00002809-04_7_additional,id_00002809,MEN,Sweaters,additional,query,782,"His T-shirt has short sleeves, cotton fabric and color block patterns. It has a lapel neckline. This guy wears a three-point pants. The pants are with cotton fabric and pure color patterns."
MEN-Sweaters-id_00003216-02_7_additional,id_00003216,MEN,Sweaters,additional,query,789,"His shirt has short sleeves, cotton fabric and pure color patterns. The neckline of it is lapel. The trousers the guy wears is of long length. The trousers are with cotton fabric and pure color patterns."
MEN-Sweaters-id_00003216-03_4_full,id_00003216,MEN,Sweaters,full,query,790,The gentleman wears a short-sleeve T-shirt with solid color patterns and long trousers. The T-shirt is with cotton fabric and it has a lapel neckline. The trousers are with cotton fabric and pure color patterns.
MEN-Sweaters-id_00003216-06_7_additional,id_00003216,MEN,Sweaters,additional,query,793,The person is wearing a short-sleeve T-shirt with pure color patterns. The T-shirt is with cotton fabric. It has a lapel neckline. The pants the person wears is of long length. The pants are with denim fabric and solid color patterns.
MEN-Sweaters-id_00004118-06_7_additional,id_00004118,MEN,Sweaters,additional,query,804,"His shirt has long sleeves, cotton fabric and pure color patterns. The neckline of it is lapel. This guy wears a long pants. The pants are with cotton fabric and solid color patterns. The guy has a hat in his head."
MEN-Sweaters-id_00004638-01_4_full,id_00004638,MEN,Sweaters,full,query,809,"The upper clothing has long sleeves, cotton fabric and pure color patterns. It has a lapel neckline. The lower clothing is of long length. The fabric is denim and it has pure color patterns. There is an accessory on his wrist."
MEN-Sweaters-id_00004638-02_4_full,id_00004638,MEN,Sweaters,full,query,810,This person is wearing a long-sleeve shirt with solid color patterns and a long pants. The shirt is with cotton fabric. The neckline of the shirt is lapel. The pants are with denim fabric and solid color patterns. The outer clothing this person wears is with cotton fabric and color block patterns. There is an accessory on his wrist.
MEN-Sweaters-id_00004638-07_4_full,id_00004638,MEN,Sweaters,full,query,813,The person wears a long-sleeve sweater with solid color patterns and long trousers. The sweater is with cotton fabric and it has a lapel neckline. The trousers are with denim fabric and solid color patterns. There is an accessory on his wrist.
MEN-Sweaters-id_00004638-08_4_full,id_00004638,MEN,Sweaters,full,query,814,"The sweater this gentleman wears has long sleeves and it is with cotton fabric and solid color patterns. The neckline of the sweater is lapel. This gentleman wears a long trousers, with cotton fabric and pure color patterns. The gentleman has glasses on his hands or clothes. There is an accessory on his wrist."
MEN-Sweaters-id_00004638-09_4_full,id_00004638,MEN,Sweaters,full,query,815,The shirt this guy wears has long sleeves and it is with cotton fabric and solid color patterns. The neckline of the shirt is lapel. There is an accessory on his wrist. The person has glasses on his hands or clothes.
MEN-Sweaters-id_00005021-05_4_full,id_00005021,MEN,Sweaters,full,query,820,The gentleman is wearing a long-sleeve shirt with pure color patterns. The shirt is with cotton fabric and its neckline is lapel. The pants the gentleman wears is of long length. The pants are with cotton fabric and pure color patterns. There is an accessory on his wrist.
MEN-Sweatshirts_Hoodies-id_00000971-03_4_full,id_00000971,MEN,Sweatshirts_Hoodies,full,query,851,The person is wearing a long-sleeve shirt with pure color patterns. The shirt is with cotton fabric. It has a round neckline. The person wears a long pants. The pants are with denim fabric and solid color patterns. The outer clothing is with cotton fabric and color block patterns.
MEN-Sweatshirts_Hoodies-id_00000971-07_4_full,id_00000971,MEN,Sweatshirts_Hoodies,full,query,853,"His shirt has long sleeves, cotton fabric and solid color patterns. The neckline of it is crew. The guy wears a long pants. The pants are with denim fabric and pure color patterns. The outer clothing this person wears is with cotton fabric and color block patterns."
MEN-Sweatshirts_Hoodies-id_00003060-06_4_full,id_00003060,MEN,Sweatshirts_Hoodies,full,query,882,This gentleman wears a long-sleeve sweater with solid color patterns and long trousers. The sweater is with cotton fabric and it has a round neckline. The trousers are with cotton fabric and solid color patterns. The outer clothing is with cotton fabric and solid color patterns.
MEN-Sweatshirts_Hoodies-id_00003060-09_4_full,id_00003060,MEN,Sweatshirts_Hoodies,full,query,883,"The sweater the guy wears has long sleeves, its fabric is cotton, and it has pure color patterns. The sweater has a crew neckline. The guy wears a long trousers, with cotton fabric and solid color patterns. This guy also wears an outer clothing, with cotton fabric and solid color patterns. There is a hat in his head."
MEN-Sweatshirts_Hoodies-id_00003853-02_4_full,id_00003853,MEN,Sweatshirts_Hoodies,full,query,893,This man is wearing a long-sleeve sweater with pure color patterns and a long trousers. The sweater is with cotton fabric and its neckline is round. The trousers are with denim fabric and solid color patterns. The outer clothing this guy wears is with cotton fabric and pure color patterns. There is an accessory on his wrist.
MEN-Sweatshirts_Hoodies-id_00003853-03_4_full,id_00003853,MEN,Sweatshirts_Hoodies,full,query,894,"His sweater has long sleeves, cotton fabric and solid color patterns. The neckline of it is crew. This man wears a long pants. The pants are with denim fabric and pure color patterns. The outer clothing this man wears is with cotton fabric and pure color patterns. There is an accessory on his wrist."
MEN-Sweatshirts_Hoodies-id_00003853-07_7_additional,id_00003853,MEN,Sweatshirts_Hoodies,additional,query,896,"His sweater has long sleeves, cotton fabric and solid color patterns. The neckline of it is crew. The pants the guy wears is of long length. The pants are with denim fabric and solid color patterns. The outer clothing is with cotton fabric and pure color patterns."
MEN-Sweatshirts_Hoodies-id_00005144-01_4_full,id_00005144,MEN,Sweatshirts_Hoodies,full,query,911,This man is wearing a long-sleeve sweater with pure color patterns and a long trousers. The sweater is with cotton fabric and its neckline is round. The trousers are with denim fabric and solid color patterns.
MEN-Sweatshirts_Hoodies-id_00005144-05_7_additional,id_00005144,MEN,Sweatshirts_Hoodies,additional,query,913,The gentleman wears a long-sleeve sweater with pure color patterns and long trousers. The sweater is with cotton fabric and it has a crew neckline. The trousers are with denim fabric and solid color patterns.
MEN-Sweatshirts_Hoodies-id_00005799-01_4_full,id_00005799,MEN,Sweatshirts_Hoodies,full,query,924,"The sweater the guy wears has long sleeves and it is with cotton fabric and pure color patterns. The neckline of the sweater is crew. The guy wears a long pants, with cotton fabric and pure color patterns. There is a hat in his head."
MEN-Sweatshirts_Hoodies-id_00005799-04_4_full,id_00005799,MEN,Sweatshirts_Hoodies,full,query,925,This gentleman is wearing a long-sleeve shirt with solid color patterns. The shirt is with cotton fabric and its neckline is round. The pants this gentleman wears is of long length. The pants are with denim fabric and solid color patterns. There is an accessory on his wrist.
MEN-Sweatshirts_Hoodies-id_00005799-07_4_full,id_00005799,MEN,Sweatshirts_Hoodies,full,query,927,"His shirt has long sleeves, cotton fabric and solid color patterns. It has a crew neckline. This man wears a long pants. The pants are with cotton fabric and solid color patterns. There is an accessory on his wrist."
MEN-Sweatshirts_Hoodies-id_00005799-08_4_full,id_00005799,MEN,Sweatshirts_Hoodies,full,query,928,The person is wearing a long-sleeve sweater with pure color patterns. The sweater is with cotton fabric. It has a round neckline. The person wears a long trousers. The trousers are with cotton fabric and pure color patterns. This guy wears a hat.
MEN-Sweatshirts_Hoodies-id_00005897-01_4_full,id_00005897,MEN,Sweatshirts_Hoodies,full,query,929,"His shirt has long sleeves, cotton fabric and solid color patterns. It has a crew neckline. This guy wears a long trousers. The trousers are with cotton fabric and pure color patterns. The outer clothing this gentleman wears is with cotton fabric and complicated patterns."
MEN-Sweatshirts_Hoodies-id_00005897-02_4_full,id_00005897,MEN,Sweatshirts_Hoodies,full,query,930,"His shirt has long sleeves, cotton fabric and pure color patterns. It has a crew neckline. This gentleman wears a long trousers. The trousers are with cotton fabric and pure color patterns. The outer clothing this guy wears is with cotton fabric and other patterns."
MEN-Sweatshirts_Hoodies-id_00005910-01_4_full,id_00005910,MEN,Sweatshirts_Hoodies,full,query,932,"The upper clothing has sleeves cut off, cotton fabric and solid color patterns. The neckline of it is crew. The lower clothing is of long length. The fabric is cotton and it has solid color patterns. The outer clothing is with cotton fabric and pure color patterns. There is an accessory on his wrist."
MEN-Sweatshirts_Hoodies-id_00005910-02_4_full,id_00005910,MEN,Sweatshirts_Hoodies,full,query,933,This man is wearing a tank tank top with solid color patterns and a long pants. The tank top is with cotton fabric. The neckline of the tank top is round. The pants are with cotton fabric and solid color patterns. The outer clothing this man wears is with cotton fabric and solid color patterns. There is an accessory on his wrist.
MEN-Sweatshirts_Hoodies-id_00007246-01_1_front,id_00007246,MEN,Sweatshirts_Hoodies,front,query,959,This man wears a long-sleeve shirt with pure color patterns and a long pants. The shirt is with cotton fabric. The neckline of the shirt is round. The pants are with cotton fabric and pure color patterns.
MEN-Sweatshirts_Hoodies-id_00007246-04_1_front,id_00007246,MEN,Sweatshirts_Hoodies,front,query,960,"The sweater the person wears has long sleeves, its fabric is cotton, and it has pure color patterns. The sweater has a round neckline. The person wears a long trousers, with cotton fabric and solid color patterns. There is an accessory on his wrist."
MEN-Sweatshirts_Hoodies-id_00007246-05_4_full,id_00007246,MEN,Sweatshirts_Hoodies,full,query,961,"The sweater the person wears has long sleeves and its fabric is cotton. The pattern of it is pure color. It has a round neckline. The person wears a long trousers, with cotton fabric and solid color patterns. There is an accessory on his wrist."
MEN-Sweatshirts_Hoodies-id_00007804-10_7_additional,id_00007804,MEN,Sweatshirts_Hoodies,additional,query,971,This man is wearing a long-sleeve sweater with solid color patterns. The sweater is with cotton fabric and its neckline is crew. The trousers this man wears is of long length. The trousers are with cotton fabric and pure color patterns. The outer clothing is with cotton fabric and pure color patterns. This person has a hat in his head.
MEN-Sweatshirts_Hoodies-id_00007804-11_7_additional,id_00007804,MEN,Sweatshirts_Hoodies,additional,query,972,The person is wearing a long-sleeve shirt with pure color patterns. The shirt is with cotton fabric. It has a round neckline. The person wears a short shorts. The shorts are with cotton fabric and pure color patterns. The outer clothing the person wears is with cotton fabric and pure color patterns.
MEN-Sweatshirts_Hoodies-id_00007804-14_7_additional,id_00007804,MEN,Sweatshirts_Hoodies,additional,query,975,The person wears a long-sleeve sweater with pure color patterns and a medium shorts. The sweater is with cotton fabric. The neckline of the sweater is round. The shorts are with cotton fabric and pure color patterns. The outer clothing the person wears is with cotton fabric and solid color patterns. The person is wearing a hat.
MEN-Sweatshirts_Hoodies-id_00007804-15_7_additional,id_00007804,MEN,Sweatshirts_Hoodies,additional,query,976,The person wears a long-sleeve shirt with solid color patterns and three-point pants. The shirt is with cotton fabric and it has a crew neckline. The pants are with cotton fabric and solid color patterns. The outer clothing the person wears is with cotton fabric and pure color patterns. The person has a hat in his head.
MEN-Tees_Tanks-id_00000296-05_4_full,id_00000296,MEN,Tees_Tanks,full,query,993,"His T-shirt has short sleeves, cotton fabric and solid color patterns. The neckline of it is round. The trousers the gentleman wears is of three-quarter length. The trousers are with cotton fabric and solid color patterns. The guy has neckwear. There is an accessory on his wrist. This guy wears a hat."
MEN-Tees_Tanks-id_00000296-06_7_additional,id_00000296,MEN,Tees_Tanks,additional,query,994,"The shirt this guy wears has short sleeves and it is with cotton fabric and solid color patterns. The neckline of the shirt is round. This guy wears a three-quarter pants, with cotton fabric and solid color patterns. There is an accessory in his his neck. This person is wearing a hat. There is an accessory on his wrist."
MEN-Tees_Tanks-id_00000390-09_7_additional,id_00000390,MEN,Tees_Tanks,additional,query,1000,This man wears a long-sleeve sweater with color block patterns. The sweater is with cotton fabric. It has a round neckline. This man wears a long trousers. The trousers are with denim fabric and pure color patterns.
MEN-Tees_Tanks-id_00000390-13_4_full,id_00000390,MEN,Tees_Tanks,full,query,1002,The gentleman wears a long-sleeve shirt with color block patterns. The shirt is with cotton fabric. It has a crew neckline. The trousers the gentleman wears is of long length. The trousers are with denim fabric and pure color patterns.
MEN-Tees_Tanks-id_00000390-16_4_full,id_00000390,MEN,Tees_Tanks,full,query,1005,The gentleman is wearing a long-sleeve sweater with color block patterns. The sweater is with cotton fabric. It has a round neckline.
MEN-Tees_Tanks-id_00000615-01_7_additional,id_00000615,MEN,Tees_Tanks,additional,query,1015,This person wears a long-sleeve sweater with solid color patterns. The sweater is with cotton fabric. It has a crew neckline. This person wears a long trousers. The trousers are with denim fabric and pure color patterns. There is clothing on his waist.
MEN-Tees_Tanks-id_00000735-03_4_full,id_00000735,MEN,Tees_Tanks,full,query,1020,This gentleman is wearing a short-sleeve T-shirt with solid color patterns. The T-shirt is with cotton fabric and its neckline is crew. This gentleman wears a long trousers. The trousers are with cotton fabric and solid color patterns. There is an accessory on his wrist. There is a ring on his finger.
MEN-Tees_Tanks-id_00001121-04_4_full,id_00001121,MEN,Tees_Tanks,full,query,1032,"The tank top this gentleman wears has no sleeves, its fabric is cotton, and it has pure color patterns. The tank top has a round neckline. This gentleman wears a three-point pants, with cotton fabric and solid color patterns."
MEN-Tees_Tanks-id_00001345-08_4_full,id_00001345,MEN,Tees_Tanks,full,query,1045,"His T-shirt has short sleeves, cotton fabric and stripe patterns. It has a v-shape neckline. The person wears a long trousers. The trousers are with denim fabric and solid color patterns. The person has a pair of glasses on his hands or clothes. There is an accessory on his wrist."
MEN-Tees_Tanks-id_00001345-09_4_full,id_00001345,MEN,Tees_Tanks,full,query,1046,"The upper clothing has short sleeves, cotton fabric and striped patterns. The neckline of it is v-shape. The lower clothing is of long length. The fabric is denim and it has solid color patterns. There is an accessory on his wrist."
MEN-Tees_Tanks-id_00001571-01_4_full,id_00001571,MEN,Tees_Tanks,full,query,1057,"The shirt the gentleman wears has short sleeves and its fabric is cotton. The pattern of it is pure color. It has a v-shape neckline. The gentleman wears a long trousers, with cotton fabric and pure color patterns. There is an accessory on his wrist."
MEN-Tees_Tanks-id_00001571-11_1_front,id_00001571,MEN,Tees_Tanks,front,query,1064,"His shirt has short sleeves, cotton fabric and solid color patterns. The neckline of it is v-shape. The pants the gentleman wears is of long length. The pants are with cotton fabric and solid color patterns. The guy also wears an outer clothing, with cotton fabric and pure color patterns. There is an accessory on his wrist. The gentleman wears a hat."
MEN-Tees_Tanks-id_00001571-12_4_full,id_00001571,MEN,Tees_Tanks,full,query,1065,This man is wearing a short-sleeve T-shirt with solid color patterns. The T-shirt is with cotton fabric and its neckline is v-shape. The trousers this man wears is of long length. The trousers are with cotton fabric and solid color patterns. The guy is wearing a hat. There is an accessory on his wrist. There is clothing on his waist.
MEN-Tees_Tanks-id_00001774-05_4_full,id_00001774,MEN,Tees_Tanks,full,query,1072,"His shirt has short sleeves, cotton fabric and pure color patterns. It has a v-shape neckline. The pants the gentleman wears is of long length. The pants are with denim fabric and solid color patterns. This person has a pair of glasses on his hands or clothes. There is an accessory on his wrist."
MEN-Tees_Tanks-id_00001774-08_6_flat,id_00001774,MEN,Tees_Tanks,flat,query,1075,"His T-shirt has short sleeves, cotton fabric and solid color patterns. It has a v-shape neckline. The trousers this guy wears is of long length. The trousers are with denim fabric and solid color patterns. This man wears sunglasses. There is an accessory on his wrist."
MEN-Tees_Tanks-id_00001774-09_6_flat,id_00001774,MEN,Tees_Tanks,flat,query,1076,This man is wearing a short-sleeve shirt with pure color patterns. The shirt is with cotton fabric. It has a v-shape neckline. The pants this man wears is of long length. The pants are with denim fabric and solid color patterns. There is an accessory on his wrist.
MEN-Tees_Tanks-id_00001774-28_4_full,id_00001774,MEN,Tees_Tanks,full,query,1082,This man wears a short-sleeve T-shirt with solid color patterns and a long trousers. The T-shirt is with denim fabric and its neckline is v-shape. The trousers are with cotton fabric and solid color patterns. There is an accessory on his wrist.
MEN-Tees_Tanks-id_00001774-34_1_front,id_00001774,MEN,Tees_Tanks,front,query,1087,"This gentleman wears a medium-sleeve shirt with solid color patterns and a long pants. The shirt is with cotton fabric. The neckline of the shirt is v-shape. The pants are with cotton fabric and pure color patterns. The guy also wears an outer clothing, with cotton fabric and plaid patterns. This man wears a ring."
MEN-Tees_Tanks-id_00001774-34_7_additional,id_00001774,MEN,Tees_Tanks,additional,query,1088,This man wears a medium-sleeve shirt with solid color patterns and a long trousers. The shirt is with cotton fabric and its neckline is v-shape. The trousers are with cotton fabric and solid color patterns. The outer clothing is with cotton fabric and lattice patterns. The gentleman is wearing a ring on his finger.
MEN-Tees_Tanks-id_00001881-01_4_full,id_00001881,MEN,Tees_Tanks,full,query,1092,"His tank shirt has no sleeves, cotton fabric and solid color patterns. The neckline of it is crew. The pants the guy wears is of short length. The pants are with cotton fabric and solid color patterns. There is an accessory on his wrist. There is a hat in his head."
MEN-Tees_Tanks-id_00001881-03_4_full,id_00001881,MEN,Tees_Tanks,full,query,1094,"His tank top has no sleeves, cotton fabric and solid color patterns. The neckline of it is round. The trousers the guy wears is of long length. The trousers are with denim fabric and solid color patterns. There is an accessory on his wrist."
MEN-Tees_Tanks-id_00002163-06_4_full,id_00002163,MEN,Tees_Tanks,full,query,1103,This guy is wearing a short-sleeve T-shirt with graphic patterns and a long pants. The T-shirt is with cotton fabric. The neckline of the T-shirt is crew. The pants are with cotton fabric and solid color patterns.
MEN-Tees_Tanks-id_00002234-03_4_full,id_00002234,MEN,Tees_Tanks,full,query,1105,The guy is wearing a sleeveless tank shirt with graphic patterns. The tank shirt is with cotton fabric. It has a crew neckline. The pants the guy wears is of long length. The pants are with denim fabric and pure color patterns. The guy has neckwear.
MEN-Tees_Tanks-id_00002234-09_4_full,id_00002234,MEN,Tees_Tanks,full,query,1107,The person is wearing a tank tank shirt with graphic patterns and a short shorts. The tank shirt is with cotton fabric and its neckline is round. The shorts are with cotton fabric and pure color patterns. The gentleman has neckwear.
MEN-Tees_Tanks-id_00002249-12_4_full,id_00002249,MEN,Tees_Tanks,full,query,1116,The guy is wearing a long-sleeve shirt with pure color patterns. The shirt is with cotton fabric and its neckline is round. The guy wears a long pants. The pants are with denim fabric and pure color patterns. This gentleman wears a hat.
MEN-Tees_Tanks-id_00002249-13_4_full,id_00002249,MEN,Tees_Tanks,full,query,1117,This person wears a long-sleeve sweater with pure color patterns and a long trousers. The sweater is with cotton fabric and its neckline is crew. The trousers are with denim fabric and pure color patterns.
MEN-Tees_Tanks-id_00002638-02_7_additional,id_00002638,MEN,Tees_Tanks,additional,query,1142,This person wears a long-sleeve shirt with pure color patterns and a long pants. The shirt is with cotton fabric and its neckline is crew. The pants are with cotton fabric and pure color patterns. There is an accessory in his his neck. This gentleman is wearing sunglasses.
MEN-Tees_Tanks-id_00002638-05_7_additional,id_00002638,MEN,Tees_Tanks,additional,query,1144,This gentleman is wearing a long-sleeve sweater with solid color patterns. The sweater is with cotton fabric. It has a round neckline. The trousers this gentleman wears is of long length. The trousers are with denim fabric and pure color patterns. The person wears a hat. The person has neckwear.
MEN-Tees_Tanks-id_00002638-09_1_front,id_00002638,MEN,Tees_Tanks,front,query,1146,This person is wearing a long-sleeve shirt with pure color patterns. The shirt is with cotton fabric and its neckline is round. The trousers this person wears is of long length. The trousers are with denim fabric and pure color patterns. There is clothing on his waist.
MEN-Tees_Tanks-id_00002638-12_7_additional,id_00002638,MEN,Tees_Tanks,additional,query,1148,This man is wearing a long-sleeve sweater with pure color patterns. The sweater is with cotton fabric and its neckline is round. The pants this man wears is of long length. The pants are with denim fabric and solid color patterns. There is a hat in his head. There is an accessory on his wrist.
MEN-Tees_Tanks-id_00002692-12_7_additional,id_00002692,MEN,Tees_Tanks,additional,query,1151,"The upper clothing has long sleeves, cotton fabric and pure color patterns. The neckline of it is stand. The lower clothing is of long length. The fabric is cotton and it has pure color patterns."
MEN-Tees_Tanks-id_00002866-03_4_full,id_00002866,MEN,Tees_Tanks,full,query,1159,This guy is wearing a medium-sleeve shirt with color block patterns. The shirt is with cotton fabric. It has a crew neckline. This guy wears a long pants. The pants are with cotton fabric and pure color patterns.
MEN-Tees_Tanks-id_00002866-07_7_additional,id_00002866,MEN,Tees_Tanks,additional,query,1160,The guy wears a long-sleeve sweater with color block patterns. The sweater is with cotton fabric. It has a round neckline. The guy wears a long pants. The pants are with denim fabric and solid color patterns. There is a hat in his head.
MEN-Tees_Tanks-id_00003476-05_7_additional,id_00003476,MEN,Tees_Tanks,additional,query,1215,This gentleman is wearing a medium-sleeve shirt with stripe patterns. The shirt is with cotton fabric and its neckline is crew. This gentleman wears a short pants. The pants are with cotton fabric and pure color patterns.
MEN-Tees_Tanks-id_00003476-07_7_additional,id_00003476,MEN,Tees_Tanks,additional,query,1216,This guy wears a medium-sleeve shirt with stripe patterns and a long pants. The shirt is with cotton fabric. The neckline of the shirt is round. The pants are with cotton fabric and solid color patterns.
MEN-Tees_Tanks-id_00004117-03_1_front,id_00004117,MEN,Tees_Tanks,front,query,1235,"The T-shirt this guy wears has short sleeves, its fabric is cotton, and it has solid color patterns. The T-shirt has a v-shape neckline. This guy wears a long pants, with cotton fabric and pure color patterns."
MEN-Tees_Tanks-id_00004117-06_4_full,id_00004117,MEN,Tees_Tanks,full,query,1238,"The upper clothing has long sleeves, cotton fabric and solid color patterns. It has a v-shape neckline. The lower clothing is of long length. The fabric is denim and it has pure color patterns. The outer clothing is with cotton fabric and pure color patterns. There is an accessory on his wrist."
MEN-Tees_Tanks-id_00004117-07_1_front,id_00004117,MEN,Tees_Tanks,front,query,1239,"His shirt has medium sleeves, cotton fabric and solid color patterns. The neckline of it is v-shape. This person wears a long trousers. The trousers are with cotton fabric and solid color patterns. The outer clothing this person wears is with cotton fabric and lattice patterns. This gentleman is wearing a ring on his finger."
MEN-Tees_Tanks-id_00004117-08_4_full,id_00004117,MEN,Tees_Tanks,full,query,1240,The person is wearing a long-sleeve sweater with solid color patterns and a long trousers. The sweater is with cotton fabric and its neckline is v-shape. The trousers are with denim fabric and pure color patterns. The outer clothing is with cotton fabric and pure color patterns. There is an accessory on his wrist.
MEN-Tees_Tanks-id_00004117-10_4_full,id_00004117,MEN,Tees_Tanks,full,query,1242,"His T-shirt has short sleeves, cotton fabric and pure color patterns. It has a v-shape neckline. This guy wears a long trousers. The trousers are with denim fabric and pure color patterns."
MEN-Tees_Tanks-id_00004117-17_4_full,id_00004117,MEN,Tees_Tanks,full,query,1244,"The shirt this gentleman wears has short sleeves and its fabric is cotton. The pattern of it is solid color. It has a v-shape neckline. This gentleman wears a long trousers, with denim fabric and pure color patterns."
MEN-Tees_Tanks-id_00004117-21_7_additional,id_00004117,MEN,Tees_Tanks,additional,query,1245,"The upper clothing has short sleeves, cotton fabric and solid color patterns. The neckline of it is v-shape. The lower clothing is of long length. The fabric is denim and it has solid color patterns."
MEN-Tees_Tanks-id_00004296-02_7_additional,id_00004296,MEN,Tees_Tanks,additional,query,1256,The person wears a tank tank top with solid color patterns. The tank top is with cotton fabric. The neckline of the tank top is round.
MEN-Tees_Tanks-id_00004530-03_7_additional,id_00004530,MEN,Tees_Tanks,additional,query,1272,The person wears a sleeveless tank shirt with pure color patterns and medium shorts. The tank shirt is with cotton fabric and it has a crew neckline. The shorts are with cotton fabric and pure color patterns.
MEN-Tees_Tanks-id_00004530-04_4_full,id_00004530,MEN,Tees_Tanks,full,query,1273,The person is wearing a sleeveless tank top with solid color patterns and a long trousers. The tank top is with cotton fabric. The neckline of the tank top is round. The trousers are with denim fabric and solid color patterns. There is an accessory on his wrist.
MEN-Tees_Tanks-id_00004530-07_7_additional,id_00004530,MEN,Tees_Tanks,additional,query,1274,This gentleman is wearing a sleeveless tank top with solid color patterns. The tank top is with cotton fabric and its neckline is round. This gentleman wears a long pants. The pants are with cotton fabric and solid color patterns.
MEN-Tees_Tanks-id_00004530-19_1_front,id_00004530,MEN,Tees_Tanks,front,query,1277,The guy is wearing a sleeveless tank top with pure color patterns and a short pants. The tank top is with cotton fabric. The neckline of the tank top is crew. The pants are with cotton fabric and pure color patterns.
MEN-Tees_Tanks-id_00004698-03_1_front,id_00004698,MEN,Tees_Tanks,front,query,1292,"His tank top has no sleeves, cotton fabric and pure color patterns. The neckline of it is crew. The trousers this guy wears is of long length. The trousers are with denim fabric and pure color patterns. There is an accessory on his wrist. This man is wearing a ring on his finger."
MEN-Tees_Tanks-id_00004698-04_1_front,id_00004698,MEN,Tees_Tanks,front,query,1293,The guy is wearing a sleeveless tank top with solid color patterns. The tank top is with cotton fabric. It has a round neckline. The trousers the guy wears is of long length. The trousers are with denim fabric and pure color patterns. There is a ring on his finger. There is clothing on his waist.
MEN-Tees_Tanks-id_00004698-05_7_additional,id_00004698,MEN,Tees_Tanks,additional,query,1294,This guy is wearing a sleeveless tank top with pure color patterns. The tank top is with cotton fabric. The trousers this guy wears is of long length. The trousers are with denim fabric and solid color patterns. There is a ring on his finger.
MEN-Tees_Tanks-id_00004698-09_7_additional,id_00004698,MEN,Tees_Tanks,additional,query,1295,"The upper clothing has sleeves cut off, cotton fabric and solid color patterns. It has a crew neckline. The lower clothing is of long length. The fabric is denim and it has solid color patterns. The person is wearing a ring on his finger. There is an accessory on his wrist."
MEN-Tees_Tanks-id_00004698-12_4_full,id_00004698,MEN,Tees_Tanks,full,query,1298,"His tank shirt has sleeves cut off, cotton fabric and solid color patterns. It has a crew neckline. This person wears a long pants. The pants are with cotton fabric and pure color patterns. There is an accessory in his his neck. There is a hat in his head."
MEN-Tees_Tanks-id_00004740-06_7_additional,id_00004740,MEN,Tees_Tanks,additional,query,1306,"The T-shirt this person wears has short sleeves and its fabric is cotton. The pattern of it is color block. It has a round neckline. This person wears a three-quarter trousers, with cotton fabric and solid color patterns."
MEN-Tees_Tanks-id_00004740-08_7_additional,id_00004740,MEN,Tees_Tanks,additional,query,1307,The guy wears a short-sleeve T-shirt with color block patterns. The T-shirt is with cotton fabric. It has a round neckline. The guy wears a long pants. The pants are with denim fabric and complicated patterns.
MEN-Tees_Tanks-id_00004798-06_1_front,id_00004798,MEN,Tees_Tanks,front,query,1310,The guy wears a short-sleeve shirt with striped patterns and a long trousers. The shirt is with cotton fabric and its neckline is round. The trousers are with denim fabric and solid color patterns.
MEN-Tees_Tanks-id_00005152-05_7_additional,id_00005152,MEN,Tees_Tanks,additional,query,1328,This guy is wearing a short-sleeve T-shirt with solid color patterns and a short pants. The T-shirt is with cotton fabric and its neckline is v-shape. The pants are with cotton fabric and pure color patterns.
MEN-Tees_Tanks-id_00005152-08_1_front,id_00005152,MEN,Tees_Tanks,front,query,1330,"His shirt has short sleeves, cotton fabric and pure color patterns. The neckline of it is v-shape. This gentleman wears a medium pants. The pants are with cotton fabric and solid color patterns."
MEN-Tees_Tanks-id_00005152-10_7_additional,id_00005152,MEN,Tees_Tanks,additional,query,1331,"The T-shirt the gentleman wears has short sleeves and it is with cotton fabric and pure color patterns. The neckline of the T-shirt is v-shape. The gentleman wears a medium shorts, with cotton fabric and solid color patterns."
MEN-Tees_Tanks-id_00005160-01_7_additional,id_00005160,MEN,Tees_Tanks,additional,query,1332,"The tank top this man wears has sleeves cut off and its fabric is cotton. The pattern of it is solid color. It has a crew neckline. This man wears a long trousers, with cotton fabric and solid color patterns."
MEN-Tees_Tanks-id_00005160-02_7_additional,id_00005160,MEN,Tees_Tanks,additional,query,1333,The person wears a sleeveless tank shirt with pure color patterns. The tank shirt is with cotton fabric. It has a round neckline. The shorts the person wears is of medium length. The shorts are with cotton fabric and solid color patterns.
MEN-Tees_Tanks-id_00005160-08_4_full,id_00005160,MEN,Tees_Tanks,full,query,1334,"The upper clothing has no sleeves, cotton fabric and pure color patterns. The neckline of it is round. The lower clothing is of long length. The fabric is cotton and it has solid color patterns."
MEN-Tees_Tanks-id_00005160-09_4_full,id_00005160,MEN,Tees_Tanks,full,query,1335,The guy wears a tank tank shirt with solid color patterns and a long pants. The tank shirt is with cotton fabric and its neckline is round. The pants are with cotton fabric and pure color patterns.
MEN-Tees_Tanks-id_00005160-13_4_full,id_00005160,MEN,Tees_Tanks,full,query,1339,The guy is wearing a tank tank shirt with solid color patterns. The tank shirt is with cotton fabric and its neckline is round. The guy wears a short pants. The pants are with cotton fabric and solid color patterns. The guy wears socks in shoes.
MEN-Tees_Tanks-id_00005160-14_7_additional,id_00005160,MEN,Tees_Tanks,additional,query,1340,"The upper clothing has no sleeves, cotton fabric and solid color patterns. The neckline of it is round. The lower clothing is of medium length. The fabric is cotton and it has solid color patterns. There is a hat in his head."
MEN-Tees_Tanks-id_00005160-15_7_additional,id_00005160,MEN,Tees_Tanks,additional,query,1341,The guy is wearing a sleeveless tank top with pure color patterns. The tank top is with cotton fabric. It has a crew neckline. The guy wears a short shorts. The shorts are with cotton fabric and pure color patterns. This person wears a hat.
MEN-Tees_Tanks-id_00005349-03_7_additional,id_00005349,MEN,Tees_Tanks,additional,query,1349,The person is wearing a long-sleeve shirt with pure color patterns and a long trousers. The shirt is with cotton fabric and its neckline is lapel. The trousers are with cotton fabric and pure color patterns. There is an accessory on his wrist.
MEN-Tees_Tanks-id_00005529-02_7_additional,id_00005529,MEN,Tees_Tanks,additional,query,1357,"The upper clothing has sleeves cut off, cotton fabric and graphic patterns. It has a round neckline. The lower clothing is of medium length. The fabric is cotton and it has pure color patterns."
MEN-Tees_Tanks-id_00005834-09_7_additional,id_00005834,MEN,Tees_Tanks,additional,query,1369,"The shirt this gentleman wears has short sleeves, its fabric is cotton, and it has striped patterns. The shirt has a round neckline. This gentleman wears a long trousers, with cotton fabric and pure color patterns."
MEN-Tees_Tanks-id_00005834-10_7_additional,id_00005834,MEN,Tees_Tanks,additional,query,1370,The guy is wearing a short-sleeve shirt with stripe patterns and a long trousers. The shirt is with cotton fabric. The neckline of the shirt is crew. The trousers are with cotton fabric and solid color patterns.
MEN-Tees_Tanks-id_00005955-06_4_full,id_00005955,MEN,Tees_Tanks,full,query,1380,"The tank top this guy wears has sleeves cut off and it is with cotton fabric and pure color patterns. The neckline of the tank top is round. This guy wears a medium shorts, with cotton fabric and solid color patterns."
MEN-Tees_Tanks-id_00005955-10_4_full,id_00005955,MEN,Tees_Tanks,full,query,1382,"His tank top has no sleeves, cotton fabric and pure color patterns. The neckline of it is crew. The shorts the person wears is of short length. The shorts are with cotton fabric and pure color patterns."
MEN-Tees_Tanks-id_00005955-14_4_full,id_00005955,MEN,Tees_Tanks,full,query,1384,The gentleman wears a tank tank top with solid color patterns and a medium shorts. The tank top is with cotton fabric and its neckline is crew. The shorts are with cotton fabric and pure color patterns.
MEN-Tees_Tanks-id_00006424-04_4_full,id_00006424,MEN,Tees_Tanks,full,query,1405,This guy wears a short-sleeve T-shirt with color block patterns and a short shorts. The T-shirt is with cotton fabric and its neckline is round. The shorts are with cotton fabric and pure color patterns. This guy wears a pair of socks.
MEN-Tees_Tanks-id_00006477-05_7_additional,id_00006477,MEN,Tees_Tanks,additional,query,1409,"The upper clothing has long sleeves, cotton fabric and pure color patterns. The neckline of it is crew. The lower clothing is of long length. The fabric is denim and it has pure color patterns. There is an accessory on his wrist."
MEN-Tees_Tanks-id_00007104-02_1_front,id_00007104,MEN,Tees_Tanks,front,query,1434,"The T-shirt this man wears has short sleeves and its fabric is cotton. The pattern of it is solid color. It has a round neckline. This man wears a long pants, with cotton fabric and graphic patterns. This man has neckwear. This guy is wearing a hat."
MEN-Tees_Tanks-id_00007125-04_4_full,id_00007125,MEN,Tees_Tanks,full,query,1437,This gentleman wears a short-sleeve shirt with solid color patterns and a long trousers. The shirt is with cotton fabric and its neckline is v-shape. The trousers are with cotton fabric and solid color patterns. The guy is wearing a hat.
MEN-Tees_Tanks-id_00007224-01_4_full,id_00007224,MEN,Tees_Tanks,full,query,1441,"The shirt this man wears has short sleeves and it is with cotton fabric and solid color patterns. The neckline of the shirt is crew. This man wears a medium shorts, with cotton fabric and pure color patterns."
MEN-Tees_Tanks-id_00007224-02_4_full,id_00007224,MEN,Tees_Tanks,full,query,1442,The person is wearing a short-sleeve T-shirt with pure color patterns. The T-shirt is with cotton fabric. It has a round neckline. The person wears a short pants. The pants are with cotton fabric and pure color patterns.
MEN-Tees_Tanks-id_00007224-03_4_full,id_00007224,MEN,Tees_Tanks,full,query,1443,The person wears a short-sleeve T-shirt with pure color patterns. The T-shirt is with cotton fabric. It has a crew neckline. The person wears a long pants. The pants are with denim fabric and pure color patterns.
MEN-Tees_Tanks-id_00007224-07_4_full,id_00007224,MEN,Tees_Tanks,full,query,1446,"The T-shirt this guy wears has short sleeves and its fabric is cotton. The pattern of it is solid color. It has a round neckline. This guy wears a long pants, with denim fabric and pure color patterns."
MEN-Tees_Tanks-id_00007224-11_7_additional,id_00007224,MEN,Tees_Tanks,additional,query,1448,The person wears a short-sleeve shirt with pure color patterns. The shirt is with cotton fabric. It has a round neckline. The trousers the person wears is of long length. The trousers are with cotton fabric and pure color patterns.
MEN-Tees_Tanks-id_00007301-04_4_full,id_00007301,MEN,Tees_Tanks,full,query,1456,"His T-shirt has short sleeves, cotton fabric and pure color patterns. The neckline of it is crew. The trousers the gentleman wears is of long length. The trousers are with cotton fabric and pure color patterns. There is an accessory on his wrist."
MEN-Tees_Tanks-id_00007301-05_4_full,id_00007301,MEN,Tees_Tanks,full,query,1457,"The upper clothing has short sleeves, cotton fabric and solid color patterns. It has a crew neckline. The lower clothing is of long length. The fabric is cotton and it has pure color patterns."
MEN-Tees_Tanks-id_00007301-10_1_front,id_00007301,MEN,Tees_Tanks,front,query,1458,The person is wearing a short-sleeve shirt with solid color patterns. The shirt is with cotton fabric and its neckline is round. The trousers the person wears is of long length. The trousers are with cotton fabric and pure color patterns.
MEN-Tees_Tanks-id_00007301-11_6_flat,id_00007301,MEN,Tees_Tanks,flat,query,1461,"His T-shirt has short sleeves, cotton fabric and solid color patterns. The neckline of it is crew. The guy wears a long pants. The pants are with cotton fabric and solid color patterns."
MEN-Tees_Tanks-id_00007466-08_4_full,id_00007466,MEN,Tees_Tanks,full,query,1471,This man is wearing a long-sleeve sweater with pure color patterns. The sweater is with cotton fabric and its neckline is crew. This man wears a long trousers. The trousers are with cotton fabric and solid color patterns.
MEN-Tees_Tanks-id_00007466-12_7_additional,id_00007466,MEN,Tees_Tanks,additional,query,1474,This person is wearing a long-sleeve shirt with pure color patterns. The shirt is with cotton fabric. It has a round neckline. This person wears a long trousers. The trousers are with denim fabric and pure color patterns.
MEN-Tees_Tanks-id_00007723-01_7_additional,id_00007723,MEN,Tees_Tanks,additional,query,1488,"His shirt has long sleeves, cotton fabric and solid color patterns. It has a round neckline. The pants the gentleman wears is of long length. The pants are with denim fabric and solid color patterns. The guy wears a hat."
MEN-Tees_Tanks-id_00007723-02_7_additional,id_00007723,MEN,Tees_Tanks,additional,query,1489,The person wears a long-sleeve sweater with solid color patterns and a long trousers. The sweater is with cotton fabric. The neckline of the sweater is crew. The trousers are with cotton fabric and pure color patterns.
MEN-Tees_Tanks-id_00007723-06_7_additional,id_00007723,MEN,Tees_Tanks,additional,query,1491,The gentleman wears a long-sleeve sweater with solid color patterns and a long pants. The sweater is with cotton fabric. The neckline of the sweater is round. The pants are with denim fabric and solid color patterns.
MEN-Tees_Tanks-id_00007723-12_7_additional,id_00007723,MEN,Tees_Tanks,additional,query,1494,"His sweater has long sleeves, cotton fabric and solid color patterns. The neckline of it is round. The pants the guy wears is of long length. The pants are with denim fabric and pure color patterns. This man is wearing a hat."
MEN-Tees_Tanks-id_00007967-01_4_full,id_00007967,MEN,Tees_Tanks,full,query,1503,"The shirt this person wears has short sleeves and its fabric is cotton. The pattern of it is graphic. It has a round neckline. This person wears a long trousers, with cotton fabric and pure color patterns. The guy wears a hat. This man wears a ring. There is an accessory on his wrist."
WOMEN-Blouses_Shirts-id_00000065-02_2_side,id_00000065,WOMEN,Blouses_Shirts,side,query,1519,This lady is wearing a short-sleeve shirt with lattice patterns. The shirt is with chiffon fabric and its neckline is lapel. This lady wears a three-quarter pants. The pants are with chiffon fabric and lattice patterns. This female is wearing a ring on her finger.
WOMEN-Blouses_Shirts-id_00000065-02_7_additional,id_00000065,WOMEN,Blouses_Shirts,additional,query,1520,"Her shirt has short sleeves, chiffon fabric and lattice patterns. The trousers the lady wears is of three-quarter length. The trousers are with chiffon fabric and plaid patterns."
WOMEN-Blouses_Shirts-id_00000181-03_7_additional,id_00000181,WOMEN,Blouses_Shirts,additional,query,1540,This female wears a long-sleeve sweater with graphic patterns and three-point pants. The sweater is with cotton fabric and it has a round neckline. The pants are with denim fabric and pure color patterns. The outer clothing is with chiffon fabric and solid color patterns. There is an accessory in his her neck. There is an accessory on her wrist.
WOMEN-Blouses_Shirts-id_00000376-04_4_full,id_00000376,WOMEN,Blouses_Shirts,full,query,1574,This woman wears a short-sleeve shirt with solid color patterns. The shirt is with cotton fabric. It has a round neckline. The pants this woman wears is of long length. The pants are with denim fabric and solid color patterns. There is a ring on her finger. There is an accessory in his her neck.
WOMEN-Blouses_Shirts-id_00000376-05_4_full,id_00000376,WOMEN,Blouses_Shirts,full,query,1575,"The upper clothing has short sleeves, cotton fabric and solid color patterns. It has a round neckline. The lower clothing is of long length. The fabric is denim and it has solid color patterns. This lady has neckwear. There is a ring on her finger."
WOMEN-Blouses_Shirts-id_00000539-02_1_front,id_00000539,WOMEN,Blouses_Shirts,front,query,1613,This female wears a long-sleeve sweater with pure color patterns. The sweater is with cotton fabric. The trousers this female wears is of three-quarter length. The trousers are with denim fabric and solid color patterns. The outer clothing is with chiffon fabric and graphic patterns. This lady is wearing a ring on her finger. The lady has neckwear.
WOMEN-Blouses_Shirts-id_00000539-02_7_additional,id_00000539,WOMEN,Blouses_Shirts,additional,query,1615,"The shirt this person wears has long sleeves, its fabric is cotton, and it has graphic patterns. The shirt has a v-shape neckline. This person wears a three-point shorts, with denim fabric and pure color patterns. The outer clothing the female wears is with chiffon fabric and graphic patterns. This person has neckwear. The lady is wearing a ring on her finger."
WOMEN-Blouses_Shirts-id_00000567-02_1_front,id_00000567,WOMEN,Blouses_Shirts,front,query,1621,"Her shirt has medium sleeves, cotton fabric and solid color patterns. It has a crew neckline. The pants this female wears is of three-point length. The pants are with cotton fabric and solid color patterns. The outer clothing is with cotton fabric and graphic patterns. There is an accessory on her wrist. There is an accessory in his her neck. There is a ring on her finger."
WOMEN-Blouses_Shirts-id_00000567-02_2_side,id_00000567,WOMEN,Blouses_Shirts,side,query,1622,This woman wears a medium-sleeve shirt with other patterns and a three-point pants. The shirt is with other fabric. The pants are with other fabric and mixed patterns. The outer clothing this female wears is with cotton fabric and graphic patterns. There is an accessory on her wrist. There is an accessory in his her neck. This woman is wearing a ring on her finger.
WOMEN-Blouses_Shirts-id_00000588-04_7_additional,id_00000588,WOMEN,Blouses_Shirts,additional,query,1624,This lady is wearing a long-sleeve shirt with plaid patterns. The shirt is with cotton fabric. It has a crew neckline. The trousers this lady wears is of long length. The trousers are with denim fabric and pure color patterns. The outer clothing this person wears is with chiffon fabric and solid color patterns. This person wears a ring. There is an accessory on her wrist.
WOMEN-Blouses_Shirts-id_00000720-02_7_additional,id_00000720,WOMEN,Blouses_Shirts,additional,query,1641,"Her tank top has no sleeves, chiffon fabric and floral patterns. The neckline of it is v-shape. This female wears a long pants. The pants are with denim fabric and pure color patterns. The person wears a ring. This female has neckwear."
WOMEN-Blouses_Shirts-id_00000737-02_1_front,id_00000737,WOMEN,Blouses_Shirts,front,query,1651,"The shirt the lady wears has medium sleeves and it is with cotton fabric and solid color patterns. The neckline of the shirt is crew. The lady wears a three-point shorts, with denim fabric and pure color patterns. The outer clothing the person wears is with chiffon fabric and graphic patterns. There is an accessory on her wrist. This female is wearing a ring on her finger. There is an accessory in his her neck."
WOMEN-Blouses_Shirts-id_00000737-02_2_side,id_00000737,WOMEN,Blouses_Shirts,side,query,1652,This female wears a medium-sleeve shirt with pure color patterns. The shirt is with cotton fabric. The pants this female wears is of three-quarter length. The pants are with denim fabric and pure color patterns. The outer clothing this female wears is with chiffon fabric and graphic patterns.
WOMEN-Blouses_Shirts-id_00000781-04_1_front,id_00000781,WOMEN,Blouses_Shirts,front,query,1658,The female is wearing a sleeveless tank top with solid color patterns and a medium pants. The tank top is with cotton fabric and its neckline is suspenders. The pants are with cotton fabric and pure color patterns. There is an accessory on her wrist. There is an accessory in his her neck. The female is wearing a ring on her finger.
WOMEN-Blouses_Shirts-id_00000781-04_7_additional,id_00000781,WOMEN,Blouses_Shirts,additional,query,1660,This person wears a tank tank shirt with solid color patterns and a medium shorts. The tank shirt is with cotton fabric. The shorts are with cotton fabric and pure color patterns. There is an accessory on her wrist. The female is wearing a ring on her finger. There is an accessory in his her neck.
WOMEN-Blouses_Shirts-id_00000797-03_4_full,id_00000797,WOMEN,Blouses_Shirts,full,query,1664,"The shirt this person wears has medium sleeves and it is with chiffon fabric and graphic patterns. The neckline of the shirt is crew. This person wears a three-point shorts, with denim fabric and pure color patterns. There is an accessory on her wrist."
WOMEN-Blouses_Shirts-id_00000856-02_1_front,id_00000856,WOMEN,Blouses_Shirts,front,query,1671,This person is wearing a medium-sleeve shirt with pure color patterns. The shirt is with cotton fabric and its neckline is lapel. This person wears a long trousers. The trousers are with cotton fabric and solid color patterns. This person is wearing a ring on her finger.
WOMEN-Blouses_Shirts-id_00000906-02_4_full,id_00000906,WOMEN,Blouses_Shirts,full,query,1676,"The shirt this woman wears has medium sleeves and its fabric is cotton. The pattern of it is graphic. It has a round neckline. This woman wears a three-point shorts, with denim fabric and solid color patterns. This person has neckwear. There is an accessory on her wrist. There is a ring on her finger."
WOMEN-Blouses_Shirts-id_00001135-03_4_full,id_00001135,WOMEN,Blouses_Shirts,full,query,1719,"The T-shirt the person wears has short sleeves and it is with cotton fabric and graphic patterns. The person wears a long pants, with denim fabric and pure color patterns. There is an accessory on her wrist. This female wears a ring. This lady has a hat in her head."
WOMEN-Blouses_Shirts-id_00001234-06_4_full,id_00001234,WOMEN,Blouses_Shirts,full,query,1742,"The upper clothing has no sleeves, cotton fabric and color block patterns. It has a round neckline. The lower clothing is of three-point length. The fabric is cotton and it has pure color patterns. There is an accessory on her wrist. The person is wearing a ring on her finger."
WOMEN-Blouses_Shirts-id_00001242-05_4_full,id_00001242,WOMEN,Blouses_Shirts,full,query,1745,"The T-shirt the lady wears has short sleeves, its fabric is cotton, and it has graphic patterns. The lady wears a three-point pants, with denim fabric and solid color patterns. The person wears a ring. There is an accessory in his her neck. There is an accessory on her wrist."
WOMEN-Blouses_Shirts-id_00001282-02_4_full,id_00001282,WOMEN,Blouses_Shirts,full,query,1752,"Her tank shirt has no sleeves, cotton fabric and pure color patterns. It has a round neckline. This lady wears a long pants. The pants are with denim fabric and solid color patterns."
WOMEN-Blouses_Shirts-id_00001393-01_4_full,id_00001393,WOMEN,Blouses_Shirts,full,query,1773,The person wears a medium-sleeve shirt with graphic patterns. The shirt is with cotton fabric. It has a v-shape neckline. The pants the person wears is of three-point length. The pants are with denim fabric and pure color patterns. There is an accessory on her wrist.
WOMEN-Blouses_Shirts-id_00001419-04_4_full,id_00001419,WOMEN,Blouses_Shirts,full,query,1779,The person is wearing a sleeveless tank shirt with graphic patterns. The tank shirt is with chiffon fabric and its neckline is crew. The shorts the person wears is of three-point length. The shorts are with leather fabric and pure color patterns. There is a hat in her head. There is an accessory on her wrist. There is an accessory in his her neck.
WOMEN-Blouses_Shirts-id_00001421-04_4_full,id_00001421,WOMEN,Blouses_Shirts,full,query,1781,"The upper clothing has sleeves cut off, chiffon fabric and pure color patterns. It has a suspenders neckline. The lower clothing is of long length. The fabric is denim and it has solid color patterns. This lady wears a ring. There is an accessory on her wrist. The female has a hat in her head."
WOMEN-Blouses_Shirts-id_00001447-02_1_front,id_00001447,WOMEN,Blouses_Shirts,front,query,1791,The person is wearing a tank tank top with pure color patterns and a three-point pants. The tank top is with chiffon fabric. The neckline of the tank top is round. The pants are with denim fabric and solid color patterns. This female is wearing a ring on her finger. There is an accessory on her wrist.
WOMEN-Blouses_Shirts-id_00001722-05_7_additional,id_00001722,WOMEN,Blouses_Shirts,additional,query,1836,"Her sweater has long sleeves, cotton fabric and solid color patterns. The neckline of it is crew. The trousers this lady wears is of long length. The trousers are with denim fabric and pure color patterns. The outer clothing is with cotton fabric and other patterns. This lady wears a ring. There is a hat in her head."
WOMEN-Blouses_Shirts-id_00001722-07_7_additional,id_00001722,WOMEN,Blouses_Shirts,additional,query,1838,This woman wears a long-sleeve shirt with pure color patterns and a long trousers. The shirt is with cotton fabric. The neckline of the shirt is crew. The trousers are with denim fabric and solid color patterns. The person is wearing a hat. There is a ring on her finger.
WOMEN-Blouses_Shirts-id_00001722-08_7_additional,id_00001722,WOMEN,Blouses_Shirts,additional,query,1839,"Her shirt has long sleeves, cotton fabric and solid color patterns. It has a round neckline. The trousers this lady wears is of long length. The trousers are with denim fabric and pure color patterns. The outer clothing the female wears is with cotton fabric and pure color patterns. This lady wears a hat. The female is wearing a ring on her finger."
WOMEN-Blouses_Shirts-id_00001741-01_4_full,id_00001741,WOMEN,Blouses_Shirts,full,query,1843,"The sweater this lady wears has long sleeves, its fabric is cotton, and it has graphic patterns. The sweater has a suspenders neckline. This lady wears a long trousers, with denim fabric and pure color patterns. There is an accessory in his her neck. There is a ring on her finger."
WOMEN-Blouses_Shirts-id_00001753-03_7_additional,id_00001753,WOMEN,Blouses_Shirts,additional,query,1846,"The tank shirt the lady wears has no sleeves and its fabric is chiffon. The pattern of it is graphic. It has a suspenders neckline. The lady wears a three-point pants, with denim fabric and solid color patterns. This lady is wearing a ring on her finger. There is an accessory in his her neck. There is an accessory on her wrist."
WOMEN-Blouses_Shirts-id_00001766-01_4_full,id_00001766,WOMEN,Blouses_Shirts,full,query,1849,This woman wears a long-sleeve shirt with graphic patterns. The shirt is with cotton fabric. It has a v-shape neckline. The shorts this woman wears is of three-point length. The shorts are with denim fabric and pure color patterns. The female is wearing a belt.
WOMEN-Blouses_Shirts-id_00001825-04_4_full,id_00001825,WOMEN,Blouses_Shirts,full,query,1866,"Her shirt has long sleeves, chiffon fabric and solid color patterns. The neckline of it is v-shape. The pants the female wears is of long length. The pants are with denim fabric and solid color patterns. The outer clothing is with cotton fabric and solid color patterns. This woman wears a ring."
WOMEN-Blouses_Shirts-id_00001825-06_4_full,id_00001825,WOMEN,Blouses_Shirts,full,query,1868,This female wears a long-sleeve shirt with solid color patterns and a long trousers. The shirt is with chiffon fabric and its neckline is v-shape. The trousers are with denim fabric and solid color patterns. This lady is wearing a ring on her finger.
WOMEN-Blouses_Shirts-id_00001840-04_4_full,id_00001840,WOMEN,Blouses_Shirts,full,query,1873,"The shirt this person wears has short sleeves and its fabric is cotton. The pattern of it is stripe. It has a v-shape neckline. This person wears a long pants, with denim fabric and solid color patterns. The female has neckwear. This person wears a pair of sunglasses. This female is wearing a ring on her finger. There is an accessory on her wrist."
WOMEN-Blouses_Shirts-id_00001898-02_7_additional,id_00001898,WOMEN,Blouses_Shirts,additional,query,1887,This person is wearing a long-sleeve sweater with lattice patterns and a long pants. The sweater is with cotton fabric. The neckline of the sweater is stand. The pants are with denim fabric and solid color patterns.
WOMEN-Blouses_Shirts-id_00001905-05_4_full,id_00001905,WOMEN,Blouses_Shirts,full,query,1889,The female wears a long-sleeve shirt with graphic patterns and a long pants. The shirt is with cotton fabric. The neckline of the shirt is v-shape. The pants are with denim fabric and solid color patterns. The lady has neckwear. This lady wears a ring. There is an accessory on her wrist.
WOMEN-Blouses_Shirts-id_00001945-02_1_front,id_00001945,WOMEN,Blouses_Shirts,front,query,1898,This lady is wearing a sleeveless tank shirt with pure color patterns and a three-quarter trousers. The tank shirt is with chiffon fabric. The neckline of the tank shirt is v-shape. The trousers are with chiffon fabric and solid color patterns. This woman wears a ring. There is an accessory on her wrist. There is an accessory in his her neck.
WOMEN-Blouses_Shirts-id_00001945-02_7_additional,id_00001945,WOMEN,Blouses_Shirts,additional,query,1900,This lady wears a tank tank top with pure color patterns. The tank top is with chiffon fabric. This lady wears a three-quarter trousers. The trousers are with chiffon fabric and pure color patterns. There is a ring on her finger. The person has neckwear. There is an accessory on her wrist.
WOMEN-Blouses_Shirts-id_00001962-02_4_full,id_00001962,WOMEN,Blouses_Shirts,full,query,1905,"Her tank shirt has sleeves cut off, cotton fabric and graphic patterns. The neckline of it is suspenders. The female wears a long pants. The pants are with denim fabric and solid color patterns."
WOMEN-Blouses_Shirts-id_00001969-02_4_full,id_00001969,WOMEN,Blouses_Shirts,full,query,1907,"Her shirt has long sleeves, cotton fabric and graphic patterns. It has a round neckline. The pants this woman wears is of long length. The pants are with denim fabric and pure color patterns."
WOMEN-Blouses_Shirts-id_00002333-02_7_additional,id_00002333,WOMEN,Blouses_Shirts,additional,query,1949,"Her sweater has long sleeves, cotton fabric and solid color patterns. It has a round neckline. This woman wears a long pants. The pants are with cotton fabric and lattice patterns. There is an accessory on her wrist. There is a ring on her finger."
WOMEN-Blouses_Shirts-id_00002336-03_1_front,id_00002336,WOMEN,Blouses_Shirts,front,query,1953,This female wears a sleeveless tank shirt with plaid patterns. The tank shirt is with chiffon fabric. It has a suspenders neckline. This female wears a medium shorts. The shorts are with cotton fabric and plaid patterns. There is a ring on her finger. There is an accessory on her wrist.
WOMEN-Blouses_Shirts-id_00002336-03_7_additional,id_00002336,WOMEN,Blouses_Shirts,additional,query,1955,The female wears a sleeveless tank shirt with plaid patterns and medium pants. The tank shirt is with chiffon fabric and it has a suspenders neckline. The pants are with chiffon fabric and plaid patterns. This woman is wearing a ring on her finger. There is an accessory on her wrist.
WOMEN-Blouses_Shirts-id_00002336-04_7_additional,id_00002336,WOMEN,Blouses_Shirts,additional,query,1958,This female is wearing a tank tank shirt with lattice patterns. The tank shirt is with chiffon fabric. It has a suspenders neckline. The shorts this female wears is of medium length. The shorts are with chiffon fabric and plaid patterns. The person is wearing a ring on her finger. There is an accessory on her wrist.
WOMEN-Blouses_Shirts-id_00002466-03_4_full,id_00002466,WOMEN,Blouses_Shirts,full,query,1987,"Her tank shirt has sleeves cut off, cotton fabric and solid color patterns. The neckline of it is suspenders. The shorts this female wears is of three-point length. The shorts are with denim fabric and solid color patterns. This person is wearing a ring on her finger. There is an accessory in his her neck. There is an accessory on her wrist."
WOMEN-Blouses_Shirts-id_00002771-03_4_full,id_00002771,WOMEN,Blouses_Shirts,full,query,2047,This person is wearing a short-sleeve shirt with graphic patterns. The shirt is with chiffon fabric and its neckline is crew. This person wears a long trousers. The trousers are with denim fabric and pure color patterns. The person wears a ring. There is an accessory on her wrist.
WOMEN-Blouses_Shirts-id_00002771-04_4_full,id_00002771,WOMEN,Blouses_Shirts,full,query,2048,"The T-shirt this female wears has short sleeves and it is with chiffon fabric and graphic patterns. The neckline of the T-shirt is crew. This female wears a three-point shorts, with chiffon fabric and solid color patterns. The female is wearing a ring on her finger. There is an accessory on her wrist."
WOMEN-Blouses_Shirts-id_00002789-06_4_full,id_00002789,WOMEN,Blouses_Shirts,full,query,2053,This person is wearing a sleeveless tank shirt with pure color patterns and a long pants. The tank shirt is with chiffon fabric and its neckline is suspenders. The pants are with denim fabric and pure color patterns. The female is wearing a ring on her finger. There is an accessory on her wrist. There is an accessory in his her neck.
WOMEN-Blouses_Shirts-id_00003053-02_4_full,id_00003053,WOMEN,Blouses_Shirts,full,query,2094,The person wears a short-sleeve T-shirt with graphic patterns. The T-shirt is with cotton fabric. The person wears a three-point pants. The pants are with denim fabric and solid color patterns. There is an accessory on her wrist.
WOMEN-Blouses_Shirts-id_00003065-01_1_front,id_00003065,WOMEN,Blouses_Shirts,front,query,2097,This lady is wearing a long-sleeve sweater with solid color patterns. The sweater is with cotton fabric and its neckline is v-shape. This lady wears a long pants. The pants are with denim fabric and solid color patterns. The outer clothing the lady wears is with cotton fabric and graphic patterns. This woman is wearing a ring on her finger.
WOMEN-Blouses_Shirts-id_00003142-04_4_full,id_00003142,WOMEN,Blouses_Shirts,full,query,2109,"The shirt this lady wears has long sleeves, its fabric is cotton, and it has pure color patterns. The shirt has a crew neckline. This lady wears a long pants, with cotton fabric and solid color patterns. There is a ring on her finger. There is an accessory in his her neck."
WOMEN-Blouses_Shirts-id_00003220-07_1_front,id_00003220,WOMEN,Blouses_Shirts,front,query,2126,"Her shirt has long sleeves, chiffon fabric and graphic patterns. The neckline of it is v-shape. This female wears a three-point pants. The pants are with cotton fabric and graphic patterns. The female wears a ring. This lady wears a hat. This woman is wearing leggings. There is an accessory on her wrist."
WOMEN-Blouses_Shirts-id_00003220-07_7_additional,id_00003220,WOMEN,Blouses_Shirts,additional,query,2127,"Her sweater has long sleeves, chiffon fabric and graphic patterns. The neckline of it is v-shape. This woman wears a three-point pants. The pants are with cotton fabric and pure color patterns. The lady wears leggings. There is a ring on her finger. The lady wears a hat."
WOMEN-Blouses_Shirts-id_00003257-05_7_additional,id_00003257,WOMEN,Blouses_Shirts,additional,query,2132,The person is wearing a long-sleeve sweater with pure color patterns and a long pants. The sweater is with cotton fabric and its neckline is v-shape. The pants are with cotton fabric and pure color patterns. The female wears a ring. The female wears a hat. There is an accessory on her wrist.
WOMEN-Blouses_Shirts-id_00003257-06_7_additional,id_00003257,WOMEN,Blouses_Shirts,additional,query,2133,This female wears a long-sleeve sweater with solid color patterns and a long trousers. The sweater is with cotton fabric and its neckline is v-shape. The trousers are with cotton fabric and solid color patterns. There is a hat in her head.
WOMEN-Blouses_Shirts-id_00003364-02_4_full,id_00003364,WOMEN,Blouses_Shirts,full,query,2152,This female wears a sleeveless tank shirt with floral patterns. The tank shirt is with chiffon fabric. It has a suspenders neckline. The pants this female wears is of three-point length. The pants are with denim fabric and solid color patterns. This woman wears a ring. There is an accessory on her wrist. This woman has neckwear.
WOMEN-Blouses_Shirts-id_00003378-01_4_full,id_00003378,WOMEN,Blouses_Shirts,full,query,2160,"The sweater this person wears has long sleeves and it is with cotton fabric and graphic patterns. The neckline of the sweater is round. This person wears a three-point pants, with leather fabric and solid color patterns. There is an accessory on her wrist. The person is wearing a ring on her finger. This lady has neckwear."
WOMEN-Blouses_Shirts-id_00003447-08_4_full,id_00003447,WOMEN,Blouses_Shirts,full,query,2180,This woman is wearing a tank tank shirt with solid color patterns. The tank shirt is with chiffon fabric and its neckline is v-shape. This woman wears a long pants. The pants are with cotton fabric and solid color patterns. The lady is wearing a ring on her finger. There is an accessory on her wrist.
WOMEN-Blouses_Shirts-id_00003447-09_4_full,id_00003447,WOMEN,Blouses_Shirts,full,query,2181,The person wears a sleeveless tank top with pure color patterns. The tank top is with chiffon fabric. It has a v-shape neckline. The person wears a long pants. The pants are with cotton fabric and pure color patterns. There is a ring on her finger. There is an accessory on her wrist.
WOMEN-Blouses_Shirts-id_00003475-02_4_full,id_00003475,WOMEN,Blouses_Shirts,full,query,2190,"Her tank top has no sleeves, cotton fabric and graphic patterns. It has a suspenders neckline. The pants this person wears is of three-point length. The pants are with denim fabric and pure color patterns. There is an accessory on her wrist. There is a ring on her finger."
WOMEN-Blouses_Shirts-id_00003540-02_7_additional,id_00003540,WOMEN,Blouses_Shirts,additional,query,2202,This lady wears a medium-sleeve shirt with graphic patterns. The shirt is with cotton fabric. The shorts this lady wears is of three-point length. The shorts are with denim fabric and pure color patterns. There is an accessory in his her neck. There is an accessory on her wrist.
WOMEN-Blouses_Shirts-id_00003719-05_4_full,id_00003719,WOMEN,Blouses_Shirts,full,query,2231,The person wears a long-sleeve sweater with graphic patterns and long trousers. The sweater is with chiffon fabric and it has a round neckline. The trousers are with denim fabric and solid color patterns. There is an accessory on her wrist. This lady is wearing a ring on her finger.
WOMEN-Blouses_Shirts-id_00003788-01_3_back,id_00003788,WOMEN,Blouses_Shirts,back,query,2249,"The shirt this female wears has long sleeves, its fabric is cotton, and it has graphic patterns. This female wears a three-quarter pants, with cotton fabric and graphic patterns. There is an accessory on her wrist. This lady wears a ring."
WOMEN-Blouses_Shirts-id_00003788-01_7_additional,id_00003788,WOMEN,Blouses_Shirts,additional,query,2250,The lady is wearing a long-sleeve shirt with solid color patterns. The shirt is with cotton fabric. It has a crew neckline. The lady wears a three-point shorts. The shorts are with cotton fabric and pure color patterns. The outer clothing is with cotton fabric and graphic patterns. The lady has neckwear. There is a ring on her finger. There is an accessory on her wrist.
WOMEN-Blouses_Shirts-id_00003840-01_3_back,id_00003840,WOMEN,Blouses_Shirts,back,query,2268,"Her shirt has medium sleeves, cotton fabric and pure color patterns. This female wears a three-quarter pants. The pants are with cotton fabric and pure color patterns. There is a ring on her finger."
WOMEN-Blouses_Shirts-id_00003840-01_7_additional,id_00003840,WOMEN,Blouses_Shirts,additional,query,2269,The lady is wearing a medium-sleeve shirt with solid color patterns. The shirt is with cotton fabric. The lady wears a three-quarter trousers. The trousers are with cotton fabric and solid color patterns. This woman is wearing a ring on her finger.
WOMEN-Blouses_Shirts-id_00003887-03_4_full,id_00003887,WOMEN,Blouses_Shirts,full,query,2274,"The tank top the female wears has sleeves cut off and it is with cotton fabric and graphic patterns. The neckline of the tank top is suspenders. The female wears a long trousers, with denim fabric and pure color patterns. The person is wearing a ring on her finger. There is an accessory in his her neck. There is an accessory on her wrist."
WOMEN-Blouses_Shirts-id_00003900-04_4_full,id_00003900,WOMEN,Blouses_Shirts,full,query,2277,The person is wearing a tank tank top with graphic patterns and a long pants. The tank top is with chiffon fabric and its neckline is suspenders. The pants are with denim fabric and pure color patterns. This person is wearing a ring on her finger. The lady has neckwear. There is an accessory on her wrist.
WOMEN-Blouses_Shirts-id_00003927-05_4_full,id_00003927,WOMEN,Blouses_Shirts,full,query,2282,"The upper clothing has long sleeves, chiffon fabric and pure color patterns. It has a lapel neckline. The lower clothing is of long length. The fabric is denim and it has solid color patterns. This female wears a ring."
WOMEN-Blouses_Shirts-id_00003999-03_4_full,id_00003999,WOMEN,Blouses_Shirts,full,query,2301,This woman is wearing a tank tank top with floral patterns. The tank top is with cotton fabric. It has a suspenders neckline. The shorts this woman wears is of three-point length. The shorts are with denim fabric and solid color patterns. This female has neckwear. There is an accessory on her wrist. The lady is wearing a ring on her finger.
WOMEN-Blouses_Shirts-id_00004075-02_4_full,id_00004075,WOMEN,Blouses_Shirts,full,query,2310,This female is wearing a tank tank top with graphic patterns. The tank top is with cotton fabric. It has a crew neckline. This female wears a three-point shorts. The shorts are with cotton fabric and graphic patterns. There is a ring on her finger. There is an accessory on her wrist.
WOMEN-Blouses_Shirts-id_00004260-08_4_full,id_00004260,WOMEN,Blouses_Shirts,full,query,2347,"The lady wears a long-sleeve sweater with pure color patterns. The sweater is with chiffon fabric. It has a v-shape neckline. The pants the lady wears is of three-point length. The pants are with leather fabric and solid color patterns. This lady also wears an outer clothing, with furry fabric and complicated patterns. There is an accessory in his her neck. This lady is wearing leggings."
WOMEN-Blouses_Shirts-id_00004260-10_1_front,id_00004260,WOMEN,Blouses_Shirts,front,query,2349,The person wears a long-sleeve shirt with pure color patterns. The shirt is with chiffon fabric. It has a v-shape neckline. The shorts the person wears is of three-point length. The shorts are with leather fabric and pure color patterns. The outer clothing is with furry fabric and pure color patterns. The female wears a ring. This woman has neckwear. The female wears leggings.
WOMEN-Blouses_Shirts-id_00004360-01_1_front,id_00004360,WOMEN,Blouses_Shirts,front,query,2367,"Her tank shirt has sleeves cut off, chiffon fabric and solid color patterns. It has a round neckline. The trousers this female wears is of three-quarter length. The trousers are with cotton fabric and pure color patterns. There is an accessory on her wrist. This woman wears a ring."
WOMEN-Blouses_Shirts-id_00004360-01_7_additional,id_00004360,WOMEN,Blouses_Shirts,additional,query,2369,"The tank shirt the person wears has no sleeves and its fabric is chiffon. The pattern of it is solid color. The person wears a three-quarter trousers, with chiffon fabric and solid color patterns. There is an accessory on her wrist."
WOMEN-Blouses_Shirts-id_00004470-02_4_full,id_00004470,WOMEN,Blouses_Shirts,full,query,2389,The female is wearing a medium-sleeve shirt with solid color patterns. The shirt is with cotton fabric. It has a crew neckline. The female wears a long trousers. The trousers are with denim fabric and pure color patterns. The female is wearing a ring on her finger. There is an accessory on her wrist.
WOMEN-Blouses_Shirts-id_00004495-03_1_front,id_00004495,WOMEN,Blouses_Shirts,front,query,2401,"Her shirt has short sleeves, cotton fabric and pure color patterns. It has a round neckline. The pants the female wears is of short length. The pants are with cotton fabric and solid color patterns. There is an accessory in his her neck. There is an accessory on her wrist. There is a ring on her finger."
WOMEN-Blouses_Shirts-id_00004495-03_7_additional,id_00004495,WOMEN,Blouses_Shirts,additional,query,2403,"The shirt the female wears has short sleeves and it is with cotton fabric and solid color patterns. The neckline of the shirt is round. The female wears a medium shorts, with cotton fabric and pure color patterns. There is an accessory on her wrist. There is a ring on her finger. There is an accessory in his her neck."
WOMEN-Blouses_Shirts-id_00004604-04_4_full,id_00004604,WOMEN,Blouses_Shirts,full,query,2424,This person wears a short-sleeve shirt with floral patterns. The shirt is with cotton fabric. It has a square neckline. This person wears a three-point pants. The pants are with denim fabric and pure color patterns. This person wears a ring. There is an accessory in his her neck. There is an accessory on her wrist.
WOMEN-Blouses_Shirts-id_00004617-03_4_full,id_00004617,WOMEN,Blouses_Shirts,full,query,2428,"The shirt the lady wears has short sleeves and its fabric is chiffon. The pattern of it is solid color. It has a round neckline. The lady wears a long trousers, with denim fabric and solid color patterns. There is an accessory on her wrist. There is an accessory in his her neck. The person wears a ring."
WOMEN-Blouses_Shirts-id_00004633-04_4_full,id_00004633,WOMEN,Blouses_Shirts,full,query,2431,This person is wearing a sleeveless tank top with graphic patterns. The tank top is with cotton fabric and its neckline is crew. The pants this person wears is of three-point length. The pants are with denim fabric and graphic patterns. There is an accessory in his her neck. There is a ring on her finger. There is an accessory on her wrist.
WOMEN-Blouses_Shirts-id_00004633-06_4_full,id_00004633,WOMEN,Blouses_Shirts,full,query,2433,"The tank top this female wears has sleeves cut off and it is with cotton fabric and graphic patterns. The neckline of the tank top is round. This female wears a three-point pants, with denim fabric and pure color patterns. This woman is wearing a ring on her finger. There is an accessory on her wrist."
WOMEN-Blouses_Shirts-id_00004640-03_4_full,id_00004640,WOMEN,Blouses_Shirts,full,query,2436,This lady wears a short-sleeve shirt with graphic patterns and a long trousers. The shirt is with chiffon fabric and its neckline is crew. The trousers are with denim fabric and pure color patterns. There is a hat in her head. The person wears a ring. There is an accessory on her wrist.
WOMEN-Blouses_Shirts-id_00004819-02_4_full,id_00004819,WOMEN,Blouses_Shirts,full,query,2470,"The shirt this female wears has long sleeves and its fabric is cotton. The pattern of it is stripe. It has a round neckline. This female wears a long trousers, with denim fabric and solid color patterns. The lady has neckwear. This female is wearing a ring on her finger."
WOMEN-Blouses_Shirts-id_00004847-02_7_additional,id_00004847,WOMEN,Blouses_Shirts,additional,query,2477,"The upper clothing has long sleeves, cotton fabric and graphic patterns. The lower clothing is of long length. The fabric is cotton and it has lattice patterns. The lady is wearing a hat. This person is wearing a ring on her finger."
WOMEN-Blouses_Shirts-id_00005306-05_4_full,id_00005306,WOMEN,Blouses_Shirts,full,query,2564,"Her shirt has long sleeves, chiffon fabric and pure color patterns. It has a round neckline. The person wears a three-point shorts. The shorts are with denim fabric and pure color patterns. There is an accessory on her wrist. The lady is wearing a hat. The female is wearing leggings. There is an accessory in his her neck. This person is wearing a ring on her finger."
WOMEN-Blouses_Shirts-id_00005306-08_7_additional,id_00005306,WOMEN,Blouses_Shirts,additional,query,2566,This person is wearing a long-sleeve sweater with solid color patterns. The sweater is with chiffon fabric and its neckline is round. This person wears a three-point shorts. The shorts are with denim fabric and solid color patterns. This lady wears a ring. There is an accessory on her wrist. The lady wears leggings. There is an accessory in his her neck. This woman has a hat in her head.
WOMEN-Blouses_Shirts-id_00005466-08_4_full,id_00005466,WOMEN,Blouses_Shirts,full,query,2601,This female wears a sleeveless tank top with pure color patterns. The tank top is with chiffon fabric. It has a suspenders neckline. This female wears a long pants. The pants are with denim fabric and pure color patterns. There is an accessory on her wrist. There is an accessory in his her neck. There is a ring on her finger.
WOMEN-Blouses_Shirts-id_00005466-09_4_full,id_00005466,WOMEN,Blouses_Shirts,full,query,2602,This person wears a tank tank top with solid color patterns and a long pants. The tank top is with chiffon fabric. The neckline of the tank top is suspenders. The pants are with denim fabric and solid color patterns. There is an accessory on her wrist. This woman is wearing a ring on her finger. This lady has neckwear.
WOMEN-Blouses_Shirts-id_00005497-04_4_full,id_00005497,WOMEN,Blouses_Shirts,full,query,2617,This person wears a sleeveless tank top with solid color patterns and a long trousers. The tank top is with chiffon fabric. The neckline of the tank top is crew. The trousers are with cotton fabric and pure color patterns. This woman wears a ring. There is an accessory on her wrist.
WOMEN-Blouses_Shirts-id_00005581-06_7_additional,id_00005581,WOMEN,Blouses_Shirts,additional,query,2625,This woman wears a sleeveless tank top with pure color patterns and a long pants. The tank top is with cotton fabric. The neckline of the tank top is suspenders. The pants are with denim fabric and pure color patterns. There is an accessory on her wrist. This woman has neckwear. The lady is wearing a ring on her finger.
WOMEN-Blouses_Shirts-id_00005619-01_4_full,id_00005619,WOMEN,Blouses_Shirts,full,query,2638,This female wears a sleeveless tank top with graphic patterns and a three-point pants. The tank top is with chiffon fabric. The neckline of the tank top is suspenders. The pants are with denim fabric and solid color patterns. The lady has neckwear. This woman wears a ring.
WOMEN-Blouses_Shirts-id_00005619-02_4_full,id_00005619,WOMEN,Blouses_Shirts,full,query,2639,This person is wearing a tank tank shirt with graphic patterns. The tank shirt is with chiffon fabric. It has a suspenders neckline. The pants this person wears is of three-point length. The pants are with denim fabric and pure color patterns. There is an accessory in his her neck. The lady is wearing a ring on her finger.
WOMEN-Blouses_Shirts-id_00005650-02_4_full,id_00005650,WOMEN,Blouses_Shirts,full,query,2650,The person wears a medium-sleeve shirt with graphic patterns and a three-point shorts. The shirt is with cotton fabric and its neckline is round. The shorts are with cotton fabric and solid color patterns.
WOMEN-Blouses_Shirts-id_00005666-02_4_full,id_00005666,WOMEN,Blouses_Shirts,full,query,2654,The person is wearing a short-sleeve shirt with graphic patterns and a long pants. The shirt is with cotton fabric and its neckline is suspenders. The pants are with denim fabric and solid color patterns. This female wears a hat. There is an accessory on her wrist. The lady is wearing a ring on her finger. The lady has neckwear.
WOMEN-Blouses_Shirts-id_00005841-01_7_additional,id_00005841,WOMEN,Blouses_Shirts,additional,query,2685,"The sweater this person wears has long sleeves and its fabric is cotton. The pattern of it is lattice. It has a lapel neckline. This person wears a long trousers, with denim fabric and pure color patterns."
WOMEN-Blouses_Shirts-id_00005893-07_7_additional,id_00005893,WOMEN,Blouses_Shirts,additional,query,2699,"The tank top the female wears has no sleeves and its fabric is chiffon. The pattern of it is pure color. It has a crew neckline. The female wears a long pants, with denim fabric and solid color patterns. The lady wears a ring. There is an accessory in his her neck."
WOMEN-Blouses_Shirts-id_00005909-02_7_additional,id_00005909,WOMEN,Blouses_Shirts,additional,query,2701,"The upper clothing has sleeves cut off, chiffon fabric and graphic patterns. The neckline of it is lapel. The lower clothing is of long length. The fabric is denim and it has solid color patterns. There is an accessory on her wrist. This female wears a ring. The lady is wearing a hat."
WOMEN-Blouses_Shirts-id_00005921-03_4_full,id_00005921,WOMEN,Blouses_Shirts,full,query,2705,This person wears a sleeveless tank shirt with graphic patterns and a three-point shorts. The tank shirt is with cotton fabric. The neckline of the tank shirt is suspenders. The shorts are with denim fabric and solid color patterns. This woman wears a ring. There is an accessory on her wrist.
WOMEN-Blouses_Shirts-id_00005957-03_4_full,id_00005957,WOMEN,Blouses_Shirts,full,query,2713,The person wears a short-sleeve T-shirt with pure color patterns and long trousers. The T-shirt is with chiffon fabric and it has a round neckline. The trousers are with denim fabric and pure color patterns. The female is wearing a ring on her finger. This female has neckwear.
WOMEN-Blouses_Shirts-id_00006200-02_7_additional,id_00006200,WOMEN,Blouses_Shirts,additional,query,2746,This woman is wearing a long-sleeve sweater with pure color patterns. The sweater is with chiffon fabric. It has a v-shape neckline.
WOMEN-Blouses_Shirts-id_00006231-01_7_additional,id_00006231,WOMEN,Blouses_Shirts,additional,query,2752,The shirt the female wears has medium sleeves and its fabric is other. The pattern of it is other. The outer clothing is with chiffon fabric and graphic patterns.
WOMEN-Blouses_Shirts-id_00006466-05_4_full,id_00006466,WOMEN,Blouses_Shirts,full,query,2793,"The upper clothing has sleeves cut off, chiffon fabric and solid color patterns. The neckline of it is suspenders. The lower clothing is of long length. The fabric is denim and it has solid color patterns. This female is wearing a ring on her finger. This lady has neckwear. There is an accessory on her wrist."
WOMEN-Blouses_Shirts-id_00006537-04_4_full,id_00006537,WOMEN,Blouses_Shirts,full,query,2818,"Her shirt has long sleeves, chiffon fabric and graphic patterns. The neckline of it is lapel. This female wears a long trousers. The trousers are with denim fabric and solid color patterns. This lady is wearing a hat. This lady is wearing a ring on her finger. There is an accessory on her wrist."
WOMEN-Blouses_Shirts-id_00006694-03_7_additional,id_00006694,WOMEN,Blouses_Shirts,additional,query,2857,The lady is wearing a long-sleeve sweater with pure color patterns. The sweater is with chiffon fabric. It has a v-shape neckline. The trousers the lady wears is of long length. The trousers are with cotton fabric and pure color patterns. There is an accessory in his her neck. This woman wears a ring.
WOMEN-Blouses_Shirts-id_00006695-02_4_full,id_00006695,WOMEN,Blouses_Shirts,full,query,2858,The female wears a long-sleeve shirt with solid color patterns and a long pants. The shirt is with chiffon fabric and its neckline is v-shape. The pants are with denim fabric and solid color patterns. The outer clothing is with leather fabric and solid color patterns. The person wears a ring.
WOMEN-Blouses_Shirts-id_00006947-04_7_additional,id_00006947,WOMEN,Blouses_Shirts,additional,query,2909,"The sweater this woman wears has long sleeves and it is with chiffon fabric and solid color patterns. The neckline of the sweater is v-shape. This woman wears a long pants, with denim fabric and pure color patterns. This person is wearing a ring on her finger. There is an accessory in his her neck."
WOMEN-Blouses_Shirts-id_00006982-07_4_full,id_00006982,WOMEN,Blouses_Shirts,full,query,2917,This lady wears a long-sleeve sweater with solid color patterns and a long trousers. The sweater is with chiffon fabric. The trousers are with cotton fabric and solid color patterns. The outer clothing is with cotton fabric and pure color patterns. There is a ring on her finger.
WOMEN-Blouses_Shirts-id_00006982-09_7_additional,id_00006982,WOMEN,Blouses_Shirts,additional,query,2919,The person is wearing a long-sleeve shirt with pure color patterns and a long pants. The shirt is with chiffon fabric. The neckline of the shirt is v-shape. The pants are with cotton fabric and pure color patterns. There is an accessory in his her neck. There is a ring on her finger.
WOMEN-Blouses_Shirts-id_00007011-07_7_additional,id_00007011,WOMEN,Blouses_Shirts,additional,query,2925,This woman is wearing a tank tank shirt with pure color patterns. The tank shirt is with chiffon fabric. It has a round neckline. The pants this woman wears is of three-point length. The pants are with denim fabric and solid color patterns. There is an accessory in his her neck. There is an accessory on her wrist.
WOMEN-Blouses_Shirts-id_00007159-06_7_additional,id_00007159,WOMEN,Blouses_Shirts,additional,query,2949,The female is wearing a long-sleeve shirt with pure color patterns. The shirt is with cotton fabric. It has a v-shape neckline. The trousers the female wears is of long length. The trousers are with leather fabric and solid color patterns. This person has neckwear. This female wears a ring. There is an accessory on her wrist. This woman has a hat in her head.
WOMEN-Blouses_Shirts-id_00007159-07_7_additional,id_00007159,WOMEN,Blouses_Shirts,additional,query,2950,The person wears a long-sleeve sweater with pure color patterns and long pants. The sweater is with cotton fabric and it has a v-shape neckline. The pants are with leather fabric and pure color patterns. This person wears a hat. There is an accessory in his her neck. There is an accessory on her wrist. This lady wears a ring.
WOMEN-Blouses_Shirts-id_00007159-08_7_additional,id_00007159,WOMEN,Blouses_Shirts,additional,query,2951,This woman is wearing a long-sleeve shirt with solid color patterns. The shirt is with cotton fabric. It has a v-shape neckline. The trousers this woman wears is of long length. The trousers are with denim fabric and pure color patterns. This person is wearing a hat. There is an accessory in his her neck. There is a ring on her finger.
WOMEN-Blouses_Shirts-id_00007196-05_4_full,id_00007196,WOMEN,Blouses_Shirts,full,query,2958,The person is wearing a sleeveless tank shirt with pure color patterns and a three-quarter pants. The tank shirt is with chiffon fabric and its neckline is crew. The pants are with denim fabric and color block patterns. The lady wears a ring. There is an accessory on her wrist. There is an accessory in his her neck. There is a hat in her head.
WOMEN-Blouses_Shirts-id_00007201-02_4_full,id_00007201,WOMEN,Blouses_Shirts,full,query,2961,This person wears a short-sleeve T-shirt with pure color patterns and a long pants. The T-shirt is with chiffon fabric and its neckline is crew. The pants are with denim fabric and pure color patterns. There is a ring on her finger.
WOMEN-Blouses_Shirts-id_00007261-06_7_additional,id_00007261,WOMEN,Blouses_Shirts,additional,query,2972,The female is wearing a long-sleeve sweater with graphic patterns and a long pants. The sweater is with chiffon fabric. The neckline of the sweater is lapel. The pants are with denim fabric and pure color patterns.
WOMEN-Blouses_Shirts-id_00007313-01_1_front,id_00007313,WOMEN,Blouses_Shirts,front,query,2985,The lady is wearing a sleeveless tank shirt with plaid patterns and a long pants. The tank shirt is with cotton fabric. The neckline of the tank shirt is lapel. The pants are with cotton fabric and solid color patterns. There is an accessory on her wrist. There is a ring on her finger.
WOMEN-Blouses_Shirts-id_00007356-02_1_front,id_00007356,WOMEN,Blouses_Shirts,front,query,2998,"The upper clothing has long sleeves, cotton fabric and pure color patterns. It has a crew neckline. The lower clothing is of long length. The fabric is denim and it has pure color patterns. This person also wears an outer clothing, with chiffon fabric and solid color patterns. There is a ring on her finger. There is an accessory on her wrist."
WOMEN-Blouses_Shirts-id_00007356-02_2_side,id_00007356,WOMEN,Blouses_Shirts,side,query,2999,"The upper clothing has long sleeves, cotton fabric and pure color patterns. It has a round neckline. The lower clothing is of long length. The fabric is denim and it has solid color patterns. This woman also wears an outer clothing, with chiffon fabric and solid color patterns. There is an accessory on her wrist. The lady wears a ring."
WOMEN-Blouses_Shirts-id_00007356-03_2_side,id_00007356,WOMEN,Blouses_Shirts,side,query,3001,This female is wearing a long-sleeve sweater with pure color patterns. The sweater is with cotton fabric and its neckline is crew. The shorts this female wears is of short length. The shorts are with cotton fabric and solid color patterns. The outer clothing is with chiffon fabric and solid color patterns. There is an accessory on her wrist. There is a ring on her finger.
WOMEN-Blouses_Shirts-id_00007356-04_1_front,id_00007356,WOMEN,Blouses_Shirts,front,query,3003,This lady is wearing a long-sleeve sweater with pure color patterns. The sweater is with cotton fabric. It has a suspenders neckline. The trousers this lady wears is of long length. The trousers are with denim fabric and solid color patterns. The outer clothing is with chiffon fabric and solid color patterns. There is an accessory on her wrist. This person is wearing a ring on her finger.
WOMEN-Blouses_Shirts-id_00007356-05_7_additional,id_00007356,WOMEN,Blouses_Shirts,additional,query,3007,"The sweater this woman wears has long sleeves and its fabric is cotton. The pattern of it is pure color. It has a suspenders neckline. This woman wears a long pants, with denim fabric and pure color patterns. The outer clothing is with chiffon fabric and pure color patterns. This lady is wearing a ring on her finger. There is an accessory on her wrist."
WOMEN-Blouses_Shirts-id_00007402-03_4_full,id_00007402,WOMEN,Blouses_Shirts,full,query,3013,This female is wearing a long-sleeve shirt with graphic patterns. The shirt is with chiffon fabric and its neckline is lapel. The pants this female wears is of three-point length. The pants are with cotton fabric and pure color patterns. The lady is wearing a ring on her finger.
WOMEN-Blouses_Shirts-id_00007528-03_4_full,id_00007528,WOMEN,Blouses_Shirts,full,query,3042,"The shirt this lady wears has medium sleeves and its fabric is cotton. The pattern of it is pure color. It has a round neckline. This lady wears a three-point pants, with denim fabric and pure color patterns. The outer clothing is with chiffon fabric and floral patterns. There is an accessory in his her neck. This lady is wearing a ring on her finger."
WOMEN-Blouses_Shirts-id_00007598-05_4_full,id_00007598,WOMEN,Blouses_Shirts,full,query,3065,This person is wearing a tank tank shirt with plaid patterns and a three-point shorts. The tank shirt is with cotton fabric and its neckline is crew. The shorts are with denim fabric and complicated patterns. There is an accessory on her wrist. This female wears a ring. This female wears a pair of sunglasses.
WOMEN-Blouses_Shirts-id_00007627-05_4_full,id_00007627,WOMEN,Blouses_Shirts,full,query,3070,"Her sweater has long sleeves, chiffon fabric and graphic patterns. It has a v-shape neckline. The lady wears a three-point pants. The pants are with leather fabric and solid color patterns. There is a ring on her finger. The lady wears leggings."
WOMEN-Blouses_Shirts-id_00007627-06_4_full,id_00007627,WOMEN,Blouses_Shirts,full,query,3071,This female wears a long-sleeve sweater with graphic patterns. The sweater is with chiffon fabric. It has a v-shape neckline. The shorts this female wears is of three-point length. The shorts are with leather fabric and solid color patterns. This female wears leggings. This female is wearing a ring on her finger.
WOMEN-Blouses_Shirts-id_00007638-02_4_full,id_00007638,WOMEN,Blouses_Shirts,full,query,3076,This person wears a tank tank top with graphic patterns and a three-point shorts. The tank top is with chiffon fabric. The neckline of the tank top is crew. The shorts are with denim fabric and pure color patterns. There is an accessory on her wrist.
WOMEN-Blouses_Shirts-id_00007655-03_4_full,id_00007655,WOMEN,Blouses_Shirts,full,query,3078,This woman is wearing a long-sleeve shirt with stripe patterns. The shirt is with cotton fabric. It has a round neckline. This woman wears a long trousers. The trousers are with denim fabric and solid color patterns. This lady is wearing a ring on her finger.
WOMEN-Blouses_Shirts-id_00007673-02_7_additional,id_00007673,WOMEN,Blouses_Shirts,additional,query,3081,This lady is wearing a short-sleeve shirt with stripe patterns. The shirt is with cotton fabric. It has a lapel neckline. The trousers this lady wears is of long length. The trousers are with denim fabric and pure color patterns.
WOMEN-Blouses_Shirts-id_00007684-08_4_full,id_00007684,WOMEN,Blouses_Shirts,full,query,3085,The lady is wearing a long-sleeve shirt with pure color patterns and a three-point shorts. The shirt is with chiffon fabric. The neckline of the shirt is v-shape. The shorts are with cotton fabric and solid color patterns. The lady has a hat in her head. The person wears leggings. There is an accessory in his her neck. There is a ring on her finger.
WOMEN-Blouses_Shirts-id_00007684-10_7_additional,id_00007684,WOMEN,Blouses_Shirts,additional,query,3087,"The shirt the lady wears has long sleeves, its fabric is chiffon, and it has solid color patterns. The shirt has a v-shape neckline. The lady wears a three-point pants, with cotton fabric and pure color patterns. There is an accessory in his her neck. The lady wears a ring."
WOMEN-Blouses_Shirts-id_00007711-04_4_full,id_00007711,WOMEN,Blouses_Shirts,full,query,3095,"The shirt this person wears has long sleeves, its fabric is chiffon, and it has solid color patterns. The shirt has a v-shape neckline. This person wears a long trousers, with denim fabric and solid color patterns. This female wears a ring. There is an accessory in his her neck."
WOMEN-Blouses_Shirts-id_00007841-03_4_full,id_00007841,WOMEN,Blouses_Shirts,full,query,3118,This woman wears a medium-sleeve shirt with solid color patterns and a long trousers. The shirt is with chiffon fabric and its neckline is round. The trousers are with denim fabric and solid color patterns. The person is wearing a ring on her finger. There is an accessory on her wrist.
WOMEN-Blouses_Shirts-id_00007846-02_1_front,id_00007846,WOMEN,Blouses_Shirts,front,query,3120,"The upper clothing has no sleeves, cotton fabric and pure color patterns. It has a crew neckline. The lower clothing is of three-point length. The fabric is denim and it has pure color patterns. This person is wearing a ring on her finger. There is an accessory on her wrist. This person has neckwear. The female wears a belt."
WOMEN-Blouses_Shirts-id_00007900-03_4_full,id_00007900,WOMEN,Blouses_Shirts,full,query,3130,"Her shirt has long sleeves, chiffon fabric and pure color patterns. It has a round neckline. The person wears a long trousers. The trousers are with denim fabric and solid color patterns. This person wears a ring."
WOMEN-Blouses_Shirts-id_00007936-02_2_side,id_00007936,WOMEN,Blouses_Shirts,side,query,3135,"This woman is wearing a long-sleeve shirt with solid color patterns. The shirt is with cotton fabric. It has a crew neckline. This woman wears a three-point shorts. The shorts are with leather fabric and pure color patterns. The female also wears an outer clothing, with chiffon fabric and graphic patterns. There is an accessory on her wrist. This female has neckwear. The person is wearing a ring on her finger. The lady is wearing leggings."
WOMEN-Cardigans-id_00000263-02_1_front,id_00000263,WOMEN,Cardigans,front,query,3149,This female wears a long-sleeve sweater with solid color patterns. The sweater is with cotton fabric. It has a round neckline. The outer clothing is with cotton fabric and stripe patterns. This lady wears a ring. The person has neckwear. The lady has a hat in her head.
WOMEN-Cardigans-id_00000263-02_7_additional,id_00000263,WOMEN,Cardigans,additional,query,3151,This lady is wearing a long-sleeve sweater with striped patterns and a long trousers. The sweater is with cotton fabric. The trousers are with leather fabric and solid color patterns. There is a ring on her finger. The person has a hat in her head.
WOMEN-Cardigans-id_00000284-02_1_front,id_00000284,WOMEN,Cardigans,front,query,3154,"This person is wearing a tank tank top with pure color patterns. The tank top is with cotton fabric. The pants this person wears is of three-quarter length. The pants are with knitting fabric and graphic patterns. This person also wears an outer clothing, with knitting fabric and graphic patterns. The lady wears a hat. This female has neckwear."
WOMEN-Cardigans-id_00000284-02_7_additional,id_00000284,WOMEN,Cardigans,additional,query,3155,"This person is wearing a sleeveless tank top with solid color patterns and a three-point shorts. The tank top is with cotton fabric. The neckline of the tank top is crew. The shorts are with denim fabric and pure color patterns. This woman also wears an outer clothing, with knitting fabric and graphic patterns. The female is wearing a hat. There is an accessory in his her neck."
WOMEN-Cardigans-id_00000320-01_1_front,id_00000320,WOMEN,Cardigans,front,query,3159,The person wears a long-sleeve shirt with pure color patterns. The shirt is with chiffon fabric. It has a v-shape neckline. The person wears a three-point pants. The pants are with chiffon fabric and pure color patterns. The outer clothing the lady wears is with cotton fabric and pure color patterns. This woman wears a pair of socks. The lady is wearing a ring on her finger.
WOMEN-Cardigans-id_00000320-01_7_additional,id_00000320,WOMEN,Cardigans,additional,query,3161,This person is wearing a long-sleeve sweater with pure color patterns. The sweater is with cotton fabric. The pants this person wears is of long length. The pants are with cotton fabric and solid color patterns. The lady is wearing a ring on her finger. This female wears socks in shoes.
WOMEN-Cardigans-id_00000664-06_4_full,id_00000664,WOMEN,Cardigans,full,query,3184,This person is wearing a long-sleeve sweater with graphic patterns and a long pants. The sweater is with cotton fabric and its neckline is round. The pants are with cotton fabric and solid color patterns. The outer clothing is with cotton fabric and solid color patterns. There is an accessory in his her neck. There is a ring on her finger.
WOMEN-Cardigans-id_00000709-02_2_side,id_00000709,WOMEN,Cardigans,side,query,3186,This person wears a long-sleeve shirt with other patterns and a long trousers. The shirt is with other fabric. The trousers are with denim fabric and pure color patterns. The outer clothing is with cotton fabric and graphic patterns. There is a ring on her finger.
WOMEN-Cardigans-id_00000709-02_7_additional,id_00000709,WOMEN,Cardigans,additional,query,3187,This woman is wearing a long-sleeve sweater with other patterns and a long trousers. The sweater is with mixed fabric. The trousers are with denim fabric and solid color patterns. The outer clothing is with cotton fabric and graphic patterns. This lady wears a ring.
WOMEN-Cardigans-id_00000804-04_4_full,id_00000804,WOMEN,Cardigans,full,query,3192,"Her shirt has long sleeves, cotton fabric and other patterns. It has a suspenders neckline. This woman wears a long pants. The pants are with denim fabric and solid color patterns. The outer clothing is with knitting fabric and solid color patterns. There is an accessory on her wrist. There is a ring on her finger. The person has neckwear."
WOMEN-Cardigans-id_00000845-03_7_additional,id_00000845,WOMEN,Cardigans,additional,query,3194,This lady is wearing a long-sleeve sweater with pure color patterns and a three-point pants. The sweater is with cotton fabric. The neckline of the sweater is crew. The pants are with denim fabric and solid color patterns. The outer clothing is with cotton fabric and pure color patterns. The person wears a ring. There is an accessory in his her neck.
WOMEN-Cardigans-id_00000874-03_4_full,id_00000874,WOMEN,Cardigans,full,query,3206,"The shirt this woman wears has long sleeves and its fabric is cotton. The pattern of it is solid color. It has a crew neckline. This woman wears a long pants, with denim fabric and solid color patterns. The lady also wears an outer clothing, with cotton fabric and solid color patterns. The person wears a ring."
WOMEN-Cardigans-id_00000874-04_7_additional,id_00000874,WOMEN,Cardigans,additional,query,3207,"The upper clothing has long sleeves, cotton fabric and solid color patterns. It has a crew neckline. The lower clothing is of long length. The fabric is denim and it has solid color patterns. The outer clothing the lady wears is with cotton fabric and solid color patterns. The lady wears a ring."
WOMEN-Cardigans-id_00001087-02_1_front,id_00001087,WOMEN,Cardigans,front,query,3218,"The lady wears a long-sleeve sweater with pure color patterns and a long pants. The sweater is with cotton fabric. The neckline of the sweater is crew. The pants are with denim fabric and pure color patterns. This person also wears an outer clothing, with cotton fabric and other patterns. This female is wearing a ring on her finger. There is an accessory in his her neck. There is an accessory on her wrist."
WOMEN-Cardigans-id_00001087-02_7_additional,id_00001087,WOMEN,Cardigans,additional,query,3220,"The lady wears a long-sleeve sweater with pure color patterns and a long trousers. The sweater is with cotton fabric and its neckline is crew. The trousers are with denim fabric and solid color patterns. The female also wears an outer clothing, with cotton fabric and other patterns. There is an accessory on her wrist. There is a ring on her finger. This person has neckwear."
WOMEN-Cardigans-id_00001150-01_2_side,id_00001150,WOMEN,Cardigans,side,query,3222,"The female wears a tank tank top with graphic patterns. The tank top is with cotton fabric. The female wears a three-point pants. The pants are with denim fabric and solid color patterns. The lady also wears an outer clothing, with knitting fabric and color block patterns. There is a hat in her head."
WOMEN-Cardigans-id_00001150-01_7_additional,id_00001150,WOMEN,Cardigans,additional,query,3223,This lady wears a sleeveless tank top with color block patterns and a short shorts. The tank top is with knitting fabric. The shorts are with denim fabric and solid color patterns. The lady wears a hat.
WOMEN-Cardigans-id_00001206-01_2_side,id_00001206,WOMEN,Cardigans,side,query,3230,The lady wears a long-sleeve shirt with graphic patterns. The shirt is with cotton fabric. It has a suspenders neckline. The trousers the lady wears is of long length. The trousers are with denim fabric and solid color patterns. The outer clothing the female wears is with knitting fabric and graphic patterns. This woman wears a hat. There is an accessory in his her neck. There is an accessory on her wrist.
WOMEN-Cardigans-id_00001206-01_7_additional,id_00001206,WOMEN,Cardigans,additional,query,3231,"Her sweater has long sleeves, cotton fabric and graphic patterns. This lady wears a long trousers. The trousers are with denim fabric and pure color patterns. There is an accessory in his her neck. This female wears a ring. There is a hat in her head."
WOMEN-Cardigans-id_00001209-01_3_back,id_00001209,WOMEN,Cardigans,back,query,3233,This female is wearing a long-sleeve shirt with pure color patterns and a long trousers. The shirt is with cotton fabric. The trousers are with cotton fabric and solid color patterns. The lady has neckwear.
WOMEN-Cardigans-id_00001209-01_7_additional,id_00001209,WOMEN,Cardigans,additional,query,3234,The lady wears a long-sleeve shirt with solid color patterns and three-point shorts. The shirt is with cotton fabric. The shorts are with denim fabric and solid color patterns. This person wears a ring. There is an accessory on her wrist.
WOMEN-Cardigans-id_00001273-05_4_full,id_00001273,WOMEN,Cardigans,full,query,3238,"The person is wearing a long-sleeve shirt with solid color patterns. The shirt is with cotton fabric and its neckline is suspenders. The person wears a long trousers. The trousers are with denim fabric and pure color patterns. This person also wears an outer clothing, with knitting fabric and solid color patterns. There is a hat in her head. The person wears a ring. This female has neckwear. The female is wearing a belt."
WOMEN-Cardigans-id_00001335-03_1_front,id_00001335,WOMEN,Cardigans,front,query,3241,This woman wears a long-sleeve sweater with solid color patterns and long pants. The sweater is with cotton fabric and it has a v-shape neckline. The pants are with cotton fabric and pure color patterns. There is a ring on her finger.
WOMEN-Cardigans-id_00001765-01_1_front,id_00001765,WOMEN,Cardigans,front,query,3261,The female wears a long-sleeve shirt with stripe patterns and three-point shorts. The shirt is with cotton fabric and it has a crew neckline. The shorts are with denim fabric and solid color patterns. The outer clothing this person wears is with knitting fabric and stripe patterns.
WOMEN-Cardigans-id_00001868-01_3_back,id_00001868,WOMEN,Cardigans,back,query,3274,"The shirt the female wears has long sleeves and it is with knitting fabric and pure color patterns. The female wears a long trousers, with cotton fabric and solid color patterns. There is a ring on her finger."
WOMEN-Cardigans-id_00001868-02_2_side,id_00001868,WOMEN,Cardigans,side,query,3277,"The upper clothing has long sleeves, cotton fabric and graphic patterns. The neckline of it is crew. The lower clothing is of long length. The fabric is cotton and it has pure color patterns. This female also wears an outer clothing, with knitting fabric and solid color patterns. The female wears a ring. There is an accessory on her wrist. This female has neckwear. The person is wearing a belt."
WOMEN-Cardigans-id_00001868-02_7_additional,id_00001868,WOMEN,Cardigans,additional,query,3278,"The shirt the female wears has long sleeves and it is with knitting fabric and solid color patterns. The female wears a long pants, with cotton fabric and pure color patterns. There is a ring on her finger. There is an accessory on her wrist."
WOMEN-Cardigans-id_00002121-11_4_full,id_00002121,WOMEN,Cardigans,full,query,3307,This lady is wearing a long-sleeve sweater with pure color patterns. The sweater is with cotton fabric. It has a suspenders neckline. This lady wears a long pants. The pants are with cotton fabric and pure color patterns. The outer clothing the female wears is with knitting fabric and pure color patterns. There is an accessory on her wrist.
WOMEN-Cardigans-id_00002121-16_7_additional,id_00002121,WOMEN,Cardigans,additional,query,3308,"The female wears a long-sleeve shirt with pure color patterns. The shirt is with cotton fabric. It has a crew neckline. The female wears a long trousers. The trousers are with denim fabric and pure color patterns. This woman also wears an outer clothing, with cotton fabric and pure color patterns."
WOMEN-Cardigans-id_00002121-19_7_additional,id_00002121,WOMEN,Cardigans,additional,query,3309,"This lady wears a long-sleeve shirt with solid color patterns and long pants. The shirt is with cotton fabric and it has a crew neckline. The pants are with denim fabric and pure color patterns. The person also wears an outer clothing, with cotton fabric and solid color patterns."
WOMEN-Cardigans-id_00002121-28_7_additional,id_00002121,WOMEN,Cardigans,additional,query,3314,This person is wearing a long-sleeve shirt with pure color patterns and a long trousers. The shirt is with cotton fabric. The neckline of the shirt is crew. The trousers are with denim fabric and pure color patterns. The outer clothing this person wears is with cotton fabric and solid color patterns.
WOMEN-Cardigans-id_00002121-33_7_additional,id_00002121,WOMEN,Cardigans,additional,query,3317,"Her shirt has long sleeves, cotton fabric and solid color patterns. The neckline of it is crew. The trousers this lady wears is of long length. The trousers are with denim fabric and pure color patterns. The lady also wears an outer clothing, with cotton fabric and solid color patterns."
WOMEN-Cardigans-id_00002121-48_4_full,id_00002121,WOMEN,Cardigans,full,query,3319,"The shirt the female wears has long sleeves and it is with cotton fabric and pure color patterns. The neckline of the shirt is round. The female wears a long trousers, with cotton fabric and solid color patterns. The outer clothing the female wears is with cotton fabric and solid color patterns."
WOMEN-Cardigans-id_00002121-50_4_full,id_00002121,WOMEN,Cardigans,full,query,3320,"Her sweater has long sleeves, cotton fabric and solid color patterns. It has a crew neckline. The trousers this person wears is of long length. The trousers are with denim fabric and solid color patterns. The outer clothing is with cotton fabric and solid color patterns."
WOMEN-Cardigans-id_00002255-01_4_full,id_00002255,WOMEN,Cardigans,full,query,3337,This woman is wearing a long-sleeve sweater with solid color patterns and a three-point shorts. The sweater is with cotton fabric and its neckline is crew. The shorts are with cotton fabric and solid color patterns. The outer clothing the female wears is with chiffon fabric and graphic patterns. There is an accessory in his her neck. There is a ring on her finger. There is an accessory on her wrist.
WOMEN-Cardigans-id_00002255-02_1_front,id_00002255,WOMEN,Cardigans,front,query,3338,"The sweater this person wears has long sleeves, its fabric is cotton, and it has solid color patterns. The sweater has a round neckline. This person wears a three-point shorts, with denim fabric and solid color patterns. The outer clothing is with chiffon fabric and graphic patterns. There is an accessory in his her neck. There is a ring on her finger. This person wears sunglasses. There is an accessory on her wrist."
WOMEN-Cardigans-id_00002255-02_2_side,id_00002255,WOMEN,Cardigans,side,query,3339,The female is wearing a long-sleeve sweater with pure color patterns. The sweater is with cotton fabric and its neckline is round. The female wears a three-point shorts. The shorts are with denim fabric and pure color patterns. The outer clothing is with chiffon fabric and graphic patterns. There is an accessory on her wrist. There is a ring on her finger. This person has neckwear.
WOMEN-Cardigans-id_00002255-02_4_full,id_00002255,WOMEN,Cardigans,full,query,3341,"The shirt the female wears has long sleeves and its fabric is chiffon. The pattern of it is graphic. The female wears a long pants, with chiffon fabric and graphic patterns. There is an accessory on her wrist. The lady has neckwear. There is a ring on her finger."
WOMEN-Cardigans-id_00002377-03_2_side,id_00002377,WOMEN,Cardigans,side,query,3345,This person wears a long-sleeve shirt with pure color patterns and a three-point shorts. The shirt is with cotton fabric and its neckline is round. The shorts are with leather fabric and graphic patterns. The outer clothing this person wears is with cotton fabric and graphic patterns. The lady has neckwear. This woman wears a belt. There is a ring on her finger.
WOMEN-Cardigans-id_00002547-04_4_full,id_00002547,WOMEN,Cardigans,full,query,3357,"The person is wearing a long-sleeve shirt with pure color patterns. The shirt is with cotton fabric. It has a round neckline. The person wears a long pants. The pants are with cotton fabric and solid color patterns. This lady also wears an outer clothing, with knitting fabric and solid color patterns. There is a ring on her finger."
WOMEN-Cardigans-id_00002751-04_4_full,id_00002751,WOMEN,Cardigans,full,query,3366,This lady wears a long-sleeve shirt with solid color patterns and a long pants. The shirt is with cotton fabric and its neckline is crew. The pants are with denim fabric and pure color patterns. The outer clothing this female wears is with cotton fabric and solid color patterns. This female wears a ring. There is an accessory in his her neck.
WOMEN-Cardigans-id_00002941-06_3_back,id_00002941,WOMEN,Cardigans,back,query,3370,"The shirt this person wears has long sleeves and it is with cotton fabric and solid color patterns. This person wears a long trousers, with denim fabric and solid color patterns. There is an accessory on her wrist. This person wears a ring."
WOMEN-Cardigans-id_00003235-01_1_front,id_00003235,WOMEN,Cardigans,front,query,3382,"Her sweater has long sleeves, chiffon fabric and graphic patterns. It has a stand neckline. The pants this female wears is of long length. The pants are with cotton fabric and solid color patterns. The outer clothing the person wears is with knitting fabric and pure color patterns. The female has a hat in her head. There is an accessory in his her neck. There is an accessory on her wrist."
WOMEN-Cardigans-id_00003237-02_3_back,id_00003237,WOMEN,Cardigans,back,query,3384,This person is wearing a long-sleeve sweater with solid color patterns and a long trousers. The sweater is with knitting fabric. The trousers are with chiffon fabric and graphic patterns. The lady is wearing a ring on her finger.
WOMEN-Cardigans-id_00003237-02_7_additional,id_00003237,WOMEN,Cardigans,additional,query,3385,"The female wears a long-sleeve shirt with graphic patterns. The shirt is with cotton fabric. It has a crew neckline. The female wears a long trousers. The trousers are with chiffon fabric and graphic patterns. This lady also wears an outer clothing, with knitting fabric and solid color patterns. The person is wearing a ring on her finger. The lady has neckwear. There is an accessory on her wrist."
WOMEN-Cardigans-id_00003237-04_4_full,id_00003237,WOMEN,Cardigans,full,query,3388,"The sweater this female wears has long sleeves and it is with cotton fabric and graphic patterns. The neckline of the sweater is crew. This female wears a short pants, with chiffon fabric and graphic patterns. The outer clothing this woman wears is with knitting fabric and pure color patterns. This female wears a ring. This lady has neckwear. There is an accessory on her wrist."
WOMEN-Cardigans-id_00003237-04_7_additional,id_00003237,WOMEN,Cardigans,additional,query,3389,The female is wearing a long-sleeve sweater with pure color patterns. The sweater is with knitting fabric. The female wears a long pants. The pants are with chiffon fabric and graphic patterns. There is an accessory on her wrist. This woman is wearing a ring on her finger.
WOMEN-Cardigans-id_00003623-04_4_full,id_00003623,WOMEN,Cardigans,full,query,3404,"The shirt the person wears has medium sleeves and its fabric is chiffon. The pattern of it is graphic. The person wears a long pants, with denim fabric and solid color patterns. The female wears a ring. There is an accessory on her wrist. This woman wears a pair of socks. This female has neckwear."
WOMEN-Cardigans-id_00003669-03_2_side,id_00003669,WOMEN,Cardigans,side,query,3406,"The sweater this woman wears has long sleeves and its fabric is cotton. The pattern of it is pure color. It has a round neckline. This woman wears a long trousers, with denim fabric and solid color patterns. The person also wears an outer clothing, with cotton fabric and solid color patterns. The lady wears a ring. This lady is wearing a hat. The person has neckwear. There is an accessory on her wrist. This lady is wearing a belt."
WOMEN-Cardigans-id_00003669-03_4_full,id_00003669,WOMEN,Cardigans,full,query,3408,"The shirt this female wears has long sleeves and it is with cotton fabric and pure color patterns. The neckline of the shirt is crew. This female wears a long pants, with denim fabric and solid color patterns. The outer clothing is with cotton fabric and pure color patterns. This woman wears a hat. There is a ring on her finger. There is an accessory on her wrist. There is a belt on her waist. The female has neckwear."
WOMEN-Cardigans-id_00003686-03_7_additional,id_00003686,WOMEN,Cardigans,additional,query,3410,"The upper clothing has long sleeves, cotton fabric and solid color patterns. It has a crew neckline. The lower clothing is of long length. The fabric is denim and it has pure color patterns. The outer clothing the female wears is with furry fabric and solid color patterns. There is a ring on her finger."
WOMEN-Cardigans-id_00004284-04_7_additional,id_00004284,WOMEN,Cardigans,additional,query,3427,This person is wearing a long-sleeve sweater with floral patterns and a three-point shorts. The sweater is with chiffon fabric. The shorts are with chiffon fabric and floral patterns. The outer clothing is with knitting fabric and pure color patterns. The person is wearing a hat. There is a ring on her finger.
WOMEN-Cardigans-id_00004329-06_4_full,id_00004329,WOMEN,Cardigans,full,query,3431,"Her shirt has medium sleeves, cotton fabric and pure color patterns. The neckline of it is crew. This person wears a long pants. The pants are with denim fabric and solid color patterns. This person also wears an outer clothing, with knitting fabric and pure color patterns. There is an accessory on her wrist. The person is wearing a ring on her finger."
WOMEN-Cardigans-id_00004463-02_3_back,id_00004463,WOMEN,Cardigans,back,query,3436,"The upper clothing has short sleeves, cotton fabric and pure color patterns. The lower clothing is of three-quarter length. The fabric is denim and it has solid color patterns. The outer clothing this lady wears is with knitting fabric and graphic patterns. The lady has neckwear."
WOMEN-Cardigans-id_00004463-02_7_additional,id_00004463,WOMEN,Cardigans,additional,query,3437,The female wears a short-sleeve shirt with pure color patterns and a three-quarter pants. The shirt is with cotton fabric and its neckline is round. The pants are with denim fabric and pure color patterns. The outer clothing the female wears is with knitting fabric and graphic patterns. This female has neckwear. There is a ring on her finger. There is an accessory on her wrist.
WOMEN-Cardigans-id_00004477-03_4_full,id_00004477,WOMEN,Cardigans,full,query,3439,This female wears a long-sleeve sweater with graphic patterns. The sweater is with chiffon fabric. This female wears a long trousers. The trousers are with chiffon fabric and graphic patterns. The outer clothing is with knitting fabric and pure color patterns. There is a ring on her finger. There is an accessory on her wrist. This woman is wearing a hat. The person has neckwear.
WOMEN-Cardigans-id_00004765-46_4_full,id_00004765,WOMEN,Cardigans,full,query,3449,"The upper clothing has medium sleeves, cotton fabric and solid color patterns. It has a crew neckline. The lower clothing is of three-point length. The fabric is denim and it has pure color patterns. The outer clothing the person wears is with cotton fabric and pure color patterns."
WOMEN-Cardigans-id_00004818-02_2_side,id_00004818,WOMEN,Cardigans,side,query,3457,"The lady is wearing a medium-sleeve shirt with solid color patterns. The shirt is with denim fabric and its neckline is square. The trousers the lady wears is of three-quarter length. The trousers are with denim fabric and solid color patterns. The female also wears an outer clothing, with knitting fabric and graphic patterns. There is an accessory on her wrist. This female has neckwear. This lady is wearing a ring on her finger. This woman has a hat in her head."
WOMEN-Cardigans-id_00004818-02_7_additional,id_00004818,WOMEN,Cardigans,additional,query,3458,"Her shirt has medium sleeves, knitting fabric and graphic patterns. The trousers this female wears is of three-quarter length. The trousers are with denim fabric and pure color patterns. The female wears a ring. This lady is wearing a hat. There is an accessory in his her neck."
WOMEN-Cardigans-id_00004838-07_4_full,id_00004838,WOMEN,Cardigans,full,query,3460,"Her shirt has medium sleeves, chiffon fabric and graphic patterns. It has a square neckline. The pants this female wears is of three-quarter length. The pants are with chiffon fabric and graphic patterns. The outer clothing the lady wears is with chiffon fabric and solid color patterns. This female has neckwear. There is an accessory on her wrist. There is a ring on her finger."
WOMEN-Cardigans-id_00005344-04_4_full,id_00005344,WOMEN,Cardigans,full,query,3479,The lady is wearing a long-sleeve sweater with solid color patterns and a long trousers. The sweater is with cotton fabric and its neckline is crew. The trousers are with denim fabric and solid color patterns. The outer clothing is with knitting fabric and graphic patterns. The lady has a hat in her head. There is a ring on her finger. There is an accessory in his her neck.
WOMEN-Cardigans-id_00005454-04_7_additional,id_00005454,WOMEN,Cardigans,additional,query,3487,The female is wearing a long-sleeve shirt with graphic patterns. The shirt is with cotton fabric and its neckline is v-shape. The female wears a three-quarter trousers. The trousers are with denim fabric and pure color patterns. The outer clothing is with cotton fabric and solid color patterns. This lady is wearing a ring on her finger. There is an accessory on her wrist. There is an accessory in his her neck.
WOMEN-Cardigans-id_00005760-02_1_front,id_00005760,WOMEN,Cardigans,front,query,3494,"Her shirt has medium sleeves, cotton fabric and pure color patterns. It has a crew neckline. The shorts this lady wears is of three-point length. The shorts are with leather fabric and pure color patterns. The outer clothing is with cotton fabric and color block patterns. There is an accessory on her wrist. There is a hat in her head. The person is wearing leggings. There is a ring on her finger. There is an accessory in his her neck."
WOMEN-Cardigans-id_00006104-02_3_back,id_00006104,WOMEN,Cardigans,back,query,3501,"Her T-shirt has short sleeves, cotton fabric and pure color patterns. The pants the lady wears is of long length. The pants are with chiffon fabric and solid color patterns. This female is wearing a ring on her finger. There is an accessory on her wrist."
WOMEN-Cardigans-id_00006193-02_3_back,id_00006193,WOMEN,Cardigans,back,query,3505,This lady wears a long-sleeve shirt with pure color patterns. The shirt is with knitting fabric. This lady wears a three-point shorts. The shorts are with knitting fabric and solid color patterns. This lady wears leggings.
WOMEN-Cardigans-id_00006193-02_4_full,id_00006193,WOMEN,Cardigans,full,query,3506,"The sweater the lady wears has long sleeves and its fabric is cotton. The pattern of it is solid color. It has a crew neckline. The lady wears a three-point shorts, with denim fabric and solid color patterns. This person also wears an outer clothing, with knitting fabric and pure color patterns. The person wears leggings. There is an accessory on her wrist. The person has neckwear. This woman wears a ring."
WOMEN-Cardigans-id_00006193-02_7_additional,id_00006193,WOMEN,Cardigans,additional,query,3507,"The shirt this woman wears has long sleeves, its fabric is cotton, and it has pure color patterns. The shirt has a round neckline. This woman wears a three-point shorts, with denim fabric and pure color patterns. The outer clothing is with knitting fabric and pure color patterns. The female wears a ring. The person is wearing leggings. There is an accessory in his her neck. There is an accessory on her wrist."
WOMEN-Cardigans-id_00006255-04_1_front,id_00006255,WOMEN,Cardigans,front,query,3508,"Her shirt has long sleeves, cotton fabric and solid color patterns. The neckline of it is crew. The female wears a long trousers. The trousers are with denim fabric and pure color patterns. The outer clothing the female wears is with knitting fabric and pure color patterns. The female is wearing a hat. The person wears a ring. There is an accessory in his her neck. There is an accessory on her wrist."
WOMEN-Cardigans-id_00006255-04_7_additional,id_00006255,WOMEN,Cardigans,additional,query,3510,"The sweater the female wears has long sleeves and its fabric is cotton. The pattern of it is pure color. It has a crew neckline. The female wears a long trousers, with denim fabric and pure color patterns. This woman also wears an outer clothing, with knitting fabric and solid color patterns. The female is wearing a ring on her finger. The lady wears a hat. The lady has neckwear."
WOMEN-Cardigans-id_00006312-07_7_additional,id_00006312,WOMEN,Cardigans,additional,query,3515,"The upper clothing has long sleeves, cotton fabric and solid color patterns. The neckline of it is round. The lower clothing is of three-quarter length. The fabric is denim and it has solid color patterns. The female also wears an outer clothing, with knitting fabric and pure color patterns. This female wears a ring. There is an accessory in his her neck. The female is wearing a hat."
WOMEN-Cardigans-id_00006352-04_3_back,id_00006352,WOMEN,Cardigans,back,query,3525,"Her shirt has long sleeves, cotton fabric and striped patterns. The pants the female wears is of short length. The pants are with cotton fabric and striped patterns. This lady is wearing a ring on her finger."
WOMEN-Cardigans-id_00006352-04_7_additional,id_00006352,WOMEN,Cardigans,additional,query,3526,This female wears a long-sleeve shirt with solid color patterns. The shirt is with cotton fabric. It has a crew neckline. The shorts this female wears is of medium length. The shorts are with denim fabric and pure color patterns. The outer clothing is with cotton fabric and striped patterns. There is an accessory in his her neck. This female is wearing a ring on her finger.
WOMEN-Cardigans-id_00006352-06_3_back,id_00006352,WOMEN,Cardigans,back,query,3530,This female wears a long-sleeve shirt with stripe patterns and medium pants. The shirt is with cotton fabric. The pants are with cotton fabric and stripe patterns. This female wears a ring. The female wears a hat.
WOMEN-Cardigans-id_00006352-06_7_additional,id_00006352,WOMEN,Cardigans,additional,query,3531,This lady is wearing a medium-sleeve shirt with striped patterns. The shirt is with cotton fabric. The shorts this lady wears is of three-point length. The shorts are with cotton fabric and striped patterns. There is a ring on her finger. This lady is wearing a hat.
WOMEN-Cardigans-id_00006595-02_1_front,id_00006595,WOMEN,Cardigans,front,query,3541,"The shirt this lady wears has long sleeves, its fabric is cotton, and it has graphic patterns. The shirt has a crew neckline. This lady wears a long pants, with denim fabric and pure color patterns. The outer clothing is with cotton fabric and solid color patterns. There is a belt on her waist. There is an accessory on her wrist. There is an accessory in his her neck. There is a ring on her finger."
WOMEN-Cardigans-id_00006779-02_1_front,id_00006779,WOMEN,Cardigans,front,query,3552,"The T-shirt this lady wears has short sleeves and it is with cotton fabric and pure color patterns. The neckline of the T-shirt is round. This lady wears a long pants, with denim fabric and solid color patterns. The outer clothing is with knitting fabric and graphic patterns. There is an accessory on her wrist. There is a ring on her finger. There is an accessory in his her neck."
WOMEN-Cardigans-id_00006779-02_7_additional,id_00006779,WOMEN,Cardigans,additional,query,3555,"The shirt this female wears has short sleeves and its fabric is cotton. The pattern of it is solid color. This female wears a long trousers, with denim fabric and solid color patterns. The outer clothing this female wears is with knitting fabric and graphic patterns. The female is wearing a ring on her finger. There is an accessory on her wrist."
WOMEN-Cardigans-id_00007543-05_1_front,id_00007543,WOMEN,Cardigans,front,query,3577,This person wears a long-sleeve sweater with pure color patterns. The sweater is with cotton fabric. It has a round neckline. This person wears a three-point shorts. The shorts are with denim fabric and pure color patterns. The outer clothing this person wears is with cotton fabric and graphic patterns. This female has neckwear. There is a ring on her finger.
WOMEN-Cardigans-id_00007543-06_1_front,id_00007543,WOMEN,Cardigans,front,query,3579,This female is wearing a long-sleeve shirt with solid color patterns. The shirt is with cotton fabric. It has a crew neckline. The shorts this female wears is of three-point length. The shorts are with denim fabric and pure color patterns. The outer clothing is with cotton fabric and graphic patterns. There is an accessory on her wrist. The person has neckwear. There is a ring on her finger.
WOMEN-Cardigans-id_00007543-06_7_additional,id_00007543,WOMEN,Cardigans,additional,query,3581,"Her sweater has long sleeves, cotton fabric and solid color patterns. It has a crew neckline. The pants this woman wears is of three-point length. The pants are with denim fabric and solid color patterns. This female also wears an outer clothing, with cotton fabric and graphic patterns. The female has neckwear. This person is wearing a ring on her finger. There is an accessory on her wrist."
WOMEN-Denim-id_00000360-01_1_front,id_00000360,WOMEN,Denim,front,query,3594,"The sweater this lady wears has long sleeves, its fabric is cotton, and it has pure color patterns. The sweater has a crew neckline. This lady wears a long trousers, with denim fabric and pure color patterns. The outer clothing the person wears is with cotton fabric and pure color patterns."
WOMEN-Denim-id_00000624-02_1_front,id_00000624,WOMEN,Denim,front,query,3599,This person is wearing a long-sleeve shirt with stripe patterns. The shirt is with cotton fabric and its neckline is crew. This person wears a long pants. The pants are with denim fabric and pure color patterns.
WOMEN-Denim-id_00001099-05_1_front,id_00001099,WOMEN,Denim,front,query,3606,"The tank shirt this woman wears has sleeves cut off and its fabric is cotton. The pattern of it is graphic. It has a crew neckline. This woman wears a long trousers, with denim fabric and pure color patterns. There is an accessory on her wrist. This person is wearing a ring on her finger. The female has neckwear. This lady wears a belt."
WOMEN-Denim-id_00001367-05_1_front,id_00001367,WOMEN,Denim,front,query,3615,"Her sweater has long sleeves, cotton fabric and solid color patterns. The neckline of it is crew. The trousers the lady wears is of long length. The trousers are with denim fabric and solid color patterns. The outer clothing this female wears is with cotton fabric and solid color patterns. There is an accessory on her wrist. This female is wearing a ring on her finger."
WOMEN-Denim-id_00002359-03_4_full,id_00002359,WOMEN,Denim,full,query,3629,The female is wearing a medium-sleeve shirt with pure color patterns. The shirt is with cotton fabric. It has a lapel neckline. The trousers the female wears is of long length. The trousers are with denim fabric and pure color patterns. The outer clothing this woman wears is with cotton fabric and plaid patterns. This person is wearing a hat. This woman has neckwear. There is an accessory on her wrist. This woman is wearing a ring on her finger.
WOMEN-Denim-id_00002359-04_4_full,id_00002359,WOMEN,Denim,full,query,3630,The person wears a long-sleeve shirt with graphic patterns. The shirt is with cotton fabric. It has a crew neckline. The person wears a long trousers. The trousers are with denim fabric and pure color patterns. The outer clothing is with knitting fabric and solid color patterns. There is an accessory on her wrist. This lady has neckwear. The female is wearing a ring on her finger.
WOMEN-Denim-id_00002359-05_4_full,id_00002359,WOMEN,Denim,full,query,3631,The lady wears a long-sleeve shirt with stripe patterns. The shirt is with knitting fabric. It has a round neckline. The pants the lady wears is of long length. The pants are with denim fabric and solid color patterns. This woman has neckwear. This woman wears a ring. This woman is wearing a belt.
WOMEN-Denim-id_00003347-05_1_front,id_00003347,WOMEN,Denim,front,query,3647,"This lady wears a long-sleeve shirt with color block patterns and long pants. The shirt is with cotton fabric and it has a round neckline. The pants are with denim fabric and solid color patterns. This woman also wears an outer clothing, with cotton fabric and pure color patterns. The lady wears a ring."
WOMEN-Denim-id_00003347-06_1_front,id_00003347,WOMEN,Denim,front,query,3649,"Her sweater has long sleeves, cotton fabric and striped patterns. The neckline of it is stand. This woman wears a long trousers. The trousers are with denim fabric and solid color patterns. The outer clothing is with cotton fabric and solid color patterns. This lady wears a ring."
WOMEN-Denim-id_00004387-02_2_side,id_00004387,WOMEN,Denim,side,query,3657,This female is wearing a short-sleeve T-shirt with color block patterns and a long trousers. The T-shirt is with cotton fabric. The trousers are with denim fabric and complicated patterns. The lady is wearing a ring on her finger.
WOMEN-Denim-id_00006138-03_1_front,id_00006138,WOMEN,Denim,front,query,3681,"The sweater this person wears has long sleeves and its fabric is cotton. The pattern of it is plaid. It has a lapel neckline. This person wears a long trousers, with denim fabric and pure color patterns. This lady is wearing a ring on her finger."
WOMEN-Denim-id_00006138-05_1_front,id_00006138,WOMEN,Denim,front,query,3682,"Her shirt has long sleeves, cotton fabric and pure color patterns. The lady wears a long pants. The pants are with denim fabric and solid color patterns. The outer clothing this female wears is with leather fabric and solid color patterns. There is a ring on her finger."
WOMEN-Dresses-id_00000011-02_2_side,id_00000011,WOMEN,Dresses,side,query,3694,"The upper clothing has no sleeves, chiffon fabric and floral patterns. The neckline of it is suspenders. The lower clothing is of long length. The fabric is chiffon and it has floral patterns. This female wears a ring."
WOMEN-Dresses-id_00000021-04_2_side,id_00000021,WOMEN,Dresses,side,query,3696,"The tank top the person wears has sleeves cut off and its fabric is cotton. The pattern of it is graphic. It has a suspenders neckline. The person wears a long pants, with cotton fabric and graphic patterns. This lady is wearing a ring on her finger. The person has neckwear."
WOMEN-Dresses-id_00000021-04_3_back,id_00000021,WOMEN,Dresses,back,query,3697,"Her tank shirt has sleeves cut off, cotton fabric and graphic patterns. This woman wears a long pants. The pants are with cotton fabric and graphic patterns. There is an accessory on her wrist. There is a ring on her finger. There is an accessory in his her neck."
WOMEN-Dresses-id_00000021-05_7_additional,id_00000021,WOMEN,Dresses,additional,query,3700,"The tank shirt this female wears has no sleeves, its fabric is cotton, and it has graphic patterns. This female wears a long trousers, with cotton fabric and graphic patterns. There is a ring on her finger. There is an accessory on her wrist. There is an accessory in his her neck."
WOMEN-Dresses-id_00000021-06_1_front,id_00000021,WOMEN,Dresses,front,query,3701,The female wears a sleeveless tank top with graphic patterns. The tank top is with cotton fabric. It has a suspenders neckline. The trousers the female wears is of long length. The trousers are with cotton fabric and graphic patterns. The lady is wearing a ring on her finger. There is an accessory in his her neck. There is an accessory on her wrist.
WOMEN-Dresses-id_00000021-06_7_additional,id_00000021,WOMEN,Dresses,additional,query,3703,"The tank top this woman wears has no sleeves and its fabric is cotton. The pattern of it is graphic. This woman wears a long trousers, with cotton fabric and graphic patterns. The female is wearing a ring on her finger. There is an accessory in his her neck."
WOMEN-Dresses-id_00000034-02_7_additional,id_00000034,WOMEN,Dresses,additional,query,3709,The person is wearing a sleeveless tank top with graphic patterns. The tank top is with cotton fabric and its neckline is v-shape. The pants the person wears is of long length. The pants are with cotton fabric and graphic patterns. There is an accessory on her wrist.
WOMEN-Dresses-id_00000035-03_4_full,id_00000035,WOMEN,Dresses,full,query,3710,The person wears a long-sleeve sweater with pure color patterns and three-point shorts. The sweater is with cotton fabric. The shorts are with cotton fabric and pure color patterns. There is a ring on her finger. The person wears leggings. The lady has neckwear.
WOMEN-Dresses-id_00000074-04_3_back,id_00000074,WOMEN,Dresses,back,query,3730,This female is wearing a tank tank shirt with pure color patterns. The tank shirt is with cotton fabric. The pants this female wears is of short length. The pants are with chiffon fabric and pure color patterns. There is a ring on her finger. There is an accessory on her wrist.
WOMEN-Dresses-id_00000074-04_7_additional,id_00000074,WOMEN,Dresses,additional,query,3731,"The tank top the lady wears has sleeves cut off and it is with cotton fabric and pure color patterns. The neckline of the tank top is round. The lady wears a medium pants, with chiffon fabric and solid color patterns. The lady wears a ring. There is an accessory on her wrist. There is an accessory in his her neck."
WOMEN-Dresses-id_00000092-01_7_additional,id_00000092,WOMEN,Dresses,additional,query,3735,"Her shirt has long sleeves, cotton fabric and graphic patterns. This female wears a short shorts. The shorts are with cotton fabric and graphic patterns. The person is wearing a ring on her finger."
WOMEN-Dresses-id_00000202-01_3_back,id_00000202,WOMEN,Dresses,back,query,3761,This woman is wearing a sleeveless tank shirt with pure color patterns. The tank shirt is with chiffon fabric. This woman wears a long trousers. The trousers are with chiffon fabric and pure color patterns. There is an accessory on her wrist. This female wears a ring.
WOMEN-Dresses-id_00000224-06_4_full,id_00000224,WOMEN,Dresses,full,query,3764,"The tank shirt this person wears has sleeves cut off, its fabric is cotton, and it has pure color patterns. The tank shirt has a suspenders neckline. This person wears a three-point shorts, with cotton fabric and solid color patterns. This female is wearing a ring on her finger."
WOMEN-Dresses-id_00000224-07_4_full,id_00000224,WOMEN,Dresses,full,query,3765,"The upper clothing has no sleeves, cotton fabric and pure color patterns. The neckline of it is suspenders. The lower clothing is of three-point length. The fabric is cotton and it has solid color patterns. The female is wearing a ring on her finger."
WOMEN-Dresses-id_00000224-09_4_full,id_00000224,WOMEN,Dresses,full,query,3766,"Her tank shirt has no sleeves, cotton fabric and pure color patterns. It has a suspenders neckline. The female wears a three-point pants. The pants are with cotton fabric and pure color patterns. This woman is wearing a ring on her finger."
WOMEN-Dresses-id_00000250-03_7_additional,id_00000250,WOMEN,Dresses,additional,query,3773,"The sweater the lady wears has long sleeves and it is with cotton fabric and graphic patterns. The neckline of the sweater is round. The lady wears a three-point pants, with cotton fabric and graphic patterns. There is an accessory in his her neck. There is a ring on her finger. The lady wears a hat."
WOMEN-Dresses-id_00000374-02_3_back,id_00000374,WOMEN,Dresses,back,query,3799,"The tank shirt this person wears has no sleeves and its fabric is cotton. The pattern of it is solid color. This person wears a long trousers, with cotton fabric and solid color patterns. There is an accessory on her wrist."
WOMEN-Dresses-id_00000374-02_7_additional,id_00000374,WOMEN,Dresses,additional,query,3800,"The tank shirt the female wears has no sleeves and its fabric is cotton. The pattern of it is pure color. The female wears a long trousers, with cotton fabric and solid color patterns. There is an accessory on her wrist. This lady is wearing a ring on her finger."
WOMEN-Dresses-id_00000386-01_7_additional,id_00000386,WOMEN,Dresses,additional,query,3805,"Her tank shirt has no sleeves, cotton fabric and pure color patterns. The neckline of it is round. The pants the lady wears is of three-point length. The pants are with cotton fabric and pure color patterns. There is an accessory on her wrist. The lady wears a ring. There is an accessory in his her neck."
WOMEN-Dresses-id_00000388-05_7_additional,id_00000388,WOMEN,Dresses,additional,query,3807,The lady is wearing a short-sleeve shirt with graphic patterns and a three-point shorts. The shirt is with cotton fabric. The neckline of the shirt is crew. The shorts are with cotton fabric and graphic patterns. There is an accessory on her wrist. This woman wears a ring. The female wears a belt. There is an accessory in his her neck.
WOMEN-Dresses-id_00000388-06_4_full,id_00000388,WOMEN,Dresses,full,query,3808,"Her shirt has short sleeves, cotton fabric and graphic patterns. The neckline of it is crew. The shorts this woman wears is of three-point length. The shorts are with cotton fabric and graphic patterns. This lady is wearing a ring on her finger. The lady wears a belt. The person has neckwear. There is an accessory on her wrist."
WOMEN-Dresses-id_00000388-07_2_side,id_00000388,WOMEN,Dresses,side,query,3810,"The shirt this female wears has short sleeves, its fabric is cotton, and it has graphic patterns. The shirt has a square neckline. This female wears a three-point shorts, with cotton fabric and graphic patterns. There is an accessory in his her neck. There is a ring on her finger. The person is wearing a belt. There is an accessory on her wrist."
WOMEN-Dresses-id_00000388-08_1_front,id_00000388,WOMEN,Dresses,front,query,3811,The lady wears a short-sleeve shirt with graphic patterns. The shirt is with cotton fabric. It has a round neckline. The pants the lady wears is of three-point length. The pants are with cotton fabric and graphic patterns. This female is wearing a belt. There is an accessory on her wrist. The female has neckwear. The female wears a ring.
WOMEN-Dresses-id_00000403-02_3_back,id_00000403,WOMEN,Dresses,back,query,3815,The female is wearing a tank tank shirt with solid color patterns and a long pants. The tank shirt is with cotton fabric. The pants are with chiffon fabric and pure color patterns. There is an accessory on her wrist.
WOMEN-Dresses-id_00000403-02_7_additional,id_00000403,WOMEN,Dresses,additional,query,3816,"The upper clothing has sleeves cut off, cotton fabric and complicated patterns. It has a crew neckline. The lower clothing is of long length. The fabric is chiffon and it has solid color patterns. The female is wearing a ring on her finger. There is an accessory on her wrist."
WOMEN-Dresses-id_00000426-03_2_side,id_00000426,WOMEN,Dresses,side,query,3824,"The shirt this female wears has medium sleeves and it is with chiffon fabric and graphic patterns. The neckline of the shirt is v-shape. This female wears a long pants, with chiffon fabric and graphic patterns. This woman wears a ring. This woman has neckwear."
WOMEN-Dresses-id_00000426-03_7_additional,id_00000426,WOMEN,Dresses,additional,query,3826,"Her shirt has medium sleeves, chiffon fabric and graphic patterns. The trousers the lady wears is of long length. The trousers are with chiffon fabric and graphic patterns. There is an accessory in his her neck. There is an accessory on her wrist. This female wears a ring."
WOMEN-Dresses-id_00000476-04_1_front,id_00000476,WOMEN,Dresses,front,query,3831,"Her tank top has no sleeves, cotton fabric and graphic patterns. The neckline of it is stand. The lady wears a three-point shorts. The shorts are with cotton fabric and graphic patterns. There is an accessory on her wrist. The female wears a ring. This female is wearing leggings."
WOMEN-Dresses-id_00000476-05_4_full,id_00000476,WOMEN,Dresses,full,query,3832,"The upper clothing has no sleeves, cotton fabric and graphic patterns. The neckline of it is stand. The lower clothing is of three-point length. The fabric is cotton and it has graphic patterns. There is a ring on her finger. This woman is wearing leggings."
WOMEN-Dresses-id_00000492-02_3_back,id_00000492,WOMEN,Dresses,back,query,3838,This person wears a sleeveless tank top with graphic patterns. The tank top is with chiffon fabric. This person wears a long trousers. The trousers are with chiffon fabric and graphic patterns. The female has neckwear. This person is wearing a ring on her finger. There is an accessory on her wrist.
WOMEN-Dresses-id_00000492-02_7_additional,id_00000492,WOMEN,Dresses,additional,query,3839,This female is wearing a sleeveless tank top with graphic patterns. The tank top is with chiffon fabric. It has a suspenders neckline. The pants this female wears is of long length. The pants are with chiffon fabric and graphic patterns. The female wears a ring. There is an accessory on her wrist. This lady has neckwear.
WOMEN-Dresses-id_00000502-02_1_front,id_00000502,WOMEN,Dresses,front,query,3840,"The tank top this female wears has no sleeves and it is with cotton fabric and pure color patterns. The neckline of the tank top is v-shape. This female wears a three-point shorts, with cotton fabric and pure color patterns. The lady is wearing a ring on her finger."
WOMEN-Dresses-id_00000534-04_4_full,id_00000534,WOMEN,Dresses,full,query,3843,This person is wearing a tank tank top with solid color patterns. The tank top is with chiffon fabric and its neckline is v-shape. This person wears a three-point shorts. The shorts are with chiffon fabric and pure color patterns. This lady has neckwear. This female wears a ring.
WOMEN-Dresses-id_00000538-02_2_side,id_00000538,WOMEN,Dresses,side,query,3851,"Her tank shirt has sleeves cut off, chiffon fabric and graphic patterns. The trousers the lady wears is of long length. The trousers are with chiffon fabric and graphic patterns. This female is wearing a ring on her finger."
WOMEN-Dresses-id_00000569-02_3_back,id_00000569,WOMEN,Dresses,back,query,3854,"The tank top this woman wears has no sleeves, its fabric is cotton, and it has graphic patterns. This woman wears a medium shorts, with cotton fabric and graphic patterns. There is an accessory in his her neck. The lady wears a ring. There is an accessory on her wrist."
WOMEN-Dresses-id_00000569-02_7_additional,id_00000569,WOMEN,Dresses,additional,query,3855,"Her tank shirt has sleeves cut off, cotton fabric and graphic patterns. The neckline of it is round. The shorts this female wears is of medium length. The shorts are with cotton fabric and graphic patterns. There is an accessory in his her neck. There is an accessory on her wrist. The female wears a ring."
WOMEN-Dresses-id_00000594-03_1_front,id_00000594,WOMEN,Dresses,front,query,3860,This female is wearing a tank tank top with graphic patterns and a long trousers. The tank top is with cotton fabric. The neckline of the tank top is suspenders. The trousers are with cotton fabric and graphic patterns. There is an accessory on her wrist. There is a ring on her finger. This person has neckwear.
WOMEN-Dresses-id_00000594-04_2_side,id_00000594,WOMEN,Dresses,side,query,3862,The lady wears a sleeveless tank shirt with graphic patterns and long pants. The tank shirt is with cotton fabric. The pants are with cotton fabric and graphic patterns. The lady has neckwear. This woman is wearing a ring on her finger. There is an accessory on her wrist.
WOMEN-Dresses-id_00000594-04_7_additional,id_00000594,WOMEN,Dresses,additional,query,3863,"Her tank top has sleeves cut off, cotton fabric and graphic patterns. The person wears a long pants. The pants are with cotton fabric and graphic patterns. The lady is wearing a ring on her finger. There is an accessory on her wrist. The lady has neckwear."
WOMEN-Dresses-id_00000604-01_7_additional,id_00000604,WOMEN,Dresses,additional,query,3869,"Her sweater has long sleeves, cotton fabric and complicated patterns. The neckline of it is stand. This female wears a short pants. The pants are with cotton fabric and other patterns. The person is wearing a hat. The female wears a ring."
WOMEN-Dresses-id_00000606-02_1_front,id_00000606,WOMEN,Dresses,front,query,3871,This woman is wearing a tank tank shirt with solid color patterns. The tank shirt is with cotton fabric. This woman wears a three-point pants. The pants are with cotton fabric and pure color patterns. There is an accessory on her wrist.
WOMEN-Dresses-id_00000606-02_7_additional,id_00000606,WOMEN,Dresses,additional,query,3872,This lady wears a tank tank top with pure color patterns. The tank top is with cotton fabric. It has a round neckline. This lady wears a three-point pants. The pants are with cotton fabric and pure color patterns. There is an accessory on her wrist. This female has neckwear.
WOMEN-Dresses-id_00000610-02_1_front,id_00000610,WOMEN,Dresses,front,query,3876,The lady wears a tank tank shirt with graphic patterns. The tank shirt is with cotton fabric. It has a suspenders neckline. The lady wears a three-quarter trousers. The trousers are with cotton fabric and graphic patterns. This person wears a ring. There is an accessory on her wrist.
WOMEN-Dresses-id_00000610-02_4_full,id_00000610,WOMEN,Dresses,full,query,3879,"Her tank top has sleeves cut off, cotton fabric and graphic patterns. The trousers this woman wears is of three-quarter length. The trousers are with cotton fabric and graphic patterns. The person wears a ring. There is an accessory on her wrist."
WOMEN-Dresses-id_00000641-02_1_front,id_00000641,WOMEN,Dresses,front,query,3887,"Her tank top has no sleeves, cotton fabric and graphic patterns. The neckline of it is v-shape. The shorts the female wears is of three-point length. The shorts are with chiffon fabric and solid color patterns. The female has neckwear. There is a hat in her head. There is an accessory on her wrist. This woman is wearing a ring on her finger."
WOMEN-Dresses-id_00000641-02_3_back,id_00000641,WOMEN,Dresses,back,query,3889,"The tank shirt this female wears has sleeves cut off, its fabric is cotton, and it has graphic patterns. This female wears a long pants, with chiffon fabric and solid color patterns. There is a hat in her head. There is an accessory on her wrist. The lady has neckwear."
WOMEN-Dresses-id_00000645-02_3_back,id_00000645,WOMEN,Dresses,back,query,3894,"Her tank top has no sleeves, knitting fabric and solid color patterns. The lady wears a three-quarter trousers. The trousers are with cotton fabric and solid color patterns. This female wears a ring. There is an accessory on her wrist."
WOMEN-Dresses-id_00000674-02_4_full,id_00000674,WOMEN,Dresses,full,query,3902,The female wears a short-sleeve shirt with graphic patterns. The shirt is with cotton fabric. It has a crew neckline. The shorts the female wears is of three-point length. The shorts are with cotton fabric and graphic patterns. This lady has neckwear. This person is wearing a ring on her finger. The person wears a hat.
WOMEN-Dresses-id_00000731-01_4_full,id_00000731,WOMEN,Dresses,full,query,3913,The lady wears a tank tank top with solid color patterns. The tank top is with cotton fabric. It has a crew neckline. The shorts the lady wears is of three-point length. The shorts are with cotton fabric and solid color patterns.
WOMEN-Dresses-id_00000731-02_4_full,id_00000731,WOMEN,Dresses,full,query,3914,The female is wearing a tank tank top with solid color patterns and a three-point pants. The tank top is with cotton fabric. The neckline of the tank top is crew. The pants are with cotton fabric and pure color patterns.
WOMEN-Dresses-id_00000731-03_4_full,id_00000731,WOMEN,Dresses,full,query,3915,This woman wears a tank tank top with solid color patterns. The tank top is with cotton fabric. It has a round neckline. This woman wears a three-point pants. The pants are with cotton fabric and solid color patterns.
WOMEN-Dresses-id_00000731-10_4_full,id_00000731,WOMEN,Dresses,full,query,3918,"The upper clothing has sleeves cut off, cotton fabric and pure color patterns. The neckline of it is crew. The lower clothing is of three-point length. The fabric is cotton and it has pure color patterns."
WOMEN-Dresses-id_00000731-11_1_front,id_00000731,WOMEN,Dresses,front,query,3919,The person is wearing a sleeveless tank shirt with solid color patterns and a three-point pants. The tank shirt is with cotton fabric. The neckline of the tank shirt is crew. The pants are with cotton fabric and pure color patterns.
WOMEN-Dresses-id_00000731-14_7_additional,id_00000731,WOMEN,Dresses,additional,query,3921,"The tank shirt the person wears has sleeves cut off and it is with cotton fabric and solid color patterns. The neckline of the tank shirt is round. The person wears a three-point pants, with cotton fabric and pure color patterns. The outer clothing is with furry fabric and solid color patterns."
WOMEN-Dresses-id_00000747-01_2_side,id_00000747,WOMEN,Dresses,side,query,3926,This lady wears a sleeveless tank top with graphic patterns. The tank top is with chiffon fabric. It has a suspenders neckline. This lady wears a long trousers. The trousers are with chiffon fabric and graphic patterns. There is an accessory on her wrist. This lady wears a ring. The person has neckwear.
WOMEN-Dresses-id_00000747-01_7_additional,id_00000747,WOMEN,Dresses,additional,query,3927,"The tank top this person wears has sleeves cut off and its fabric is chiffon. The pattern of it is graphic. This person wears a long pants, with chiffon fabric and graphic patterns. This person is wearing a ring on her finger. There is an accessory in his her neck."
WOMEN-Dresses-id_00000753-02_2_side,id_00000753,WOMEN,Dresses,side,query,3930,The person wears a sleeveless tank shirt with graphic patterns. The tank shirt is with chiffon fabric. The pants the person wears is of long length. The pants are with chiffon fabric and graphic patterns. There is an accessory on her wrist. There is a ring on her finger. There is an accessory in his her neck.
WOMEN-Dresses-id_00000803-04_4_full,id_00000803,WOMEN,Dresses,full,query,3945,This person is wearing a short-sleeve shirt with graphic patterns and a three-point pants. The shirt is with chiffon fabric. The neckline of the shirt is round. The pants are with chiffon fabric and solid color patterns. The lady has neckwear. The female is wearing a ring on her finger. There is an accessory on her wrist.
WOMEN-Dresses-id_00000811-03_1_front,id_00000811,WOMEN,Dresses,front,query,3946,This lady wears a short-sleeve shirt with complicated patterns and three-point pants. The shirt is with cotton fabric and it has a crew neckline. The pants are with cotton fabric and complicated patterns. There is a ring on her finger. There is an accessory on her wrist. This woman is wearing leggings. This female has neckwear.
WOMEN-Dresses-id_00000815-03_7_additional,id_00000815,WOMEN,Dresses,additional,query,3952,This person wears a sleeveless tank shirt with graphic patterns. The tank shirt is with chiffon fabric. It has a suspenders neckline. This person wears a three-point pants. The pants are with chiffon fabric and graphic patterns. This person wears a ring. There is an accessory in his her neck. There is an accessory on her wrist.
WOMEN-Dresses-id_00000819-03_1_front,id_00000819,WOMEN,Dresses,front,query,3953,"The tank top the person wears has no sleeves and it is with chiffon fabric and solid color patterns. The person wears a long pants, with chiffon fabric and solid color patterns. The lady wears a ring."
WOMEN-Dresses-id_00000819-04_1_front,id_00000819,WOMEN,Dresses,front,query,3956,This female is wearing a sleeveless tank shirt with solid color patterns and a long pants. The tank shirt is with chiffon fabric. The neckline of the tank shirt is round. The pants are with chiffon fabric and pure color patterns. The person is wearing a ring on her finger. There is an accessory on her wrist.
WOMEN-Dresses-id_00000819-04_7_additional,id_00000819,WOMEN,Dresses,additional,query,3958,"The upper clothing has no sleeves, chiffon fabric and solid color patterns. The lower clothing is of long length. The fabric is chiffon and it has pure color patterns. This lady is wearing a ring on her finger."
WOMEN-Dresses-id_00000825-01_7_additional,id_00000825,WOMEN,Dresses,additional,query,3961,"Her sweater has long sleeves, cotton fabric and graphic patterns. It has a lapel neckline. The shorts the female wears is of three-point length. The shorts are with cotton fabric and graphic patterns. This person is wearing a hat. The lady is wearing leggings."
WOMEN-Dresses-id_00000849-02_1_front,id_00000849,WOMEN,Dresses,front,query,3966,This female is wearing a long-sleeve sweater with graphic patterns. The sweater is with chiffon fabric. It has a crew neckline. This female wears a medium pants. The pants are with chiffon fabric and graphic patterns. The person has a hat in her head. There is an accessory in his her neck. This lady wears a ring.
WOMEN-Dresses-id_00000849-02_7_additional,id_00000849,WOMEN,Dresses,additional,query,3968,This woman is wearing a long-sleeve sweater with graphic patterns. The sweater is with chiffon fabric and its neckline is round. The pants this woman wears is of medium length. The pants are with chiffon fabric and graphic patterns. There is a ring on her finger. The lady has a hat in her head. There is an accessory in his her neck.
WOMEN-Dresses-id_00000903-02_1_front,id_00000903,WOMEN,Dresses,front,query,3980,The lady wears a sleeveless tank shirt with pure color patterns and a medium pants. The tank shirt is with chiffon fabric and its neckline is v-shape. The pants are with chiffon fabric and pure color patterns. There is an accessory on her wrist. There is a ring on her finger.
WOMEN-Dresses-id_00000903-02_7_additional,id_00000903,WOMEN,Dresses,additional,query,3982,The person is wearing a tank tank top with solid color patterns. The tank top is with chiffon fabric. The pants the person wears is of medium length. The pants are with chiffon fabric and pure color patterns. There is an accessory on her wrist.
WOMEN-Dresses-id_00000912-03_1_front,id_00000912,WOMEN,Dresses,front,query,3983,This lady wears a tank tank top with solid color patterns. The tank top is with chiffon fabric. It has a suspenders neckline. This lady wears a long trousers. The trousers are with chiffon fabric and pure color patterns. This lady wears a ring. This person has neckwear. There is an accessory on her wrist.
WOMEN-Dresses-id_00000912-04_7_additional,id_00000912,WOMEN,Dresses,additional,query,3987,"The tank top the person wears has no sleeves and it is with chiffon fabric and solid color patterns. The person wears a long trousers, with chiffon fabric and pure color patterns. There is an accessory on her wrist. There is a ring on her finger."
WOMEN-Dresses-id_00000924-01_1_front,id_00000924,WOMEN,Dresses,front,query,3988,This woman is wearing a tank tank top with pure color patterns and a short shorts. The tank top is with chiffon fabric. The neckline of the tank top is round. The shorts are with chiffon fabric and pure color patterns. This female is wearing a ring on her finger. There is an accessory on her wrist.
WOMEN-Dresses-id_00000924-01_7_additional,id_00000924,WOMEN,Dresses,additional,query,3990,The female wears a sleeveless tank shirt with solid color patterns. The tank shirt is with chiffon fabric. The pants the female wears is of medium length. The pants are with chiffon fabric and pure color patterns. The person wears a ring. There is an accessory on her wrist.
WOMEN-Dresses-id_00001000-02_1_front,id_00001000,WOMEN,Dresses,front,query,4001,This woman wears a tank tank shirt with graphic patterns and long pants. The tank shirt is with cotton fabric and it has a suspenders neckline. The pants are with cotton fabric and graphic patterns.
WOMEN-Dresses-id_00001000-02_7_additional,id_00001000,WOMEN,Dresses,additional,query,4003,This person is wearing a sleeveless tank shirt with graphic patterns. The tank shirt is with cotton fabric and its neckline is suspenders. The pants this person wears is of long length. The pants are with cotton fabric and graphic patterns.
WOMEN-Dresses-id_00001007-03_1_front,id_00001007,WOMEN,Dresses,front,query,4006,"The upper clothing has long sleeves, cotton fabric and solid color patterns. It has a round neckline. The lower clothing is of long length. The fabric is cotton and it has pure color patterns. The outer clothing is with mixed fabric and solid color patterns. There is a ring on her finger. This person is wearing a pair of socks. There is an accessory on her wrist."
WOMEN-Dresses-id_00001007-03_7_additional,id_00001007,WOMEN,Dresses,additional,query,4008,"The upper clothing has medium sleeves, cotton fabric and solid color patterns. The neckline of it is round. The lower clothing is of long length. The fabric is cotton and it has pure color patterns. The female wears a pair of socks."
WOMEN-Dresses-id_00001085-05_4_full,id_00001085,WOMEN,Dresses,full,query,4025,The person wears a tank tank top with graphic patterns. The tank top is with cotton fabric. The person wears a three-point pants. The pants are with cotton fabric and solid color patterns. The outer clothing this woman wears is with leather fabric and pure color patterns. There is a ring on her finger. There is an accessory on her wrist.
WOMEN-Dresses-id_00001100-02_1_front,id_00001100,WOMEN,Dresses,front,query,4027,The female is wearing a tank tank top with graphic patterns. The tank top is with chiffon fabric. It has a v-shape neckline. The trousers the female wears is of long length. The trousers are with chiffon fabric and graphic patterns. There is an accessory on her wrist. The person has neckwear. The person is wearing a ring on her finger.
WOMEN-Dresses-id_00001100-02_7_additional,id_00001100,WOMEN,Dresses,additional,query,4029,The person wears a tank tank top with graphic patterns. The tank top is with chiffon fabric. The trousers the person wears is of long length. The trousers are with chiffon fabric and graphic patterns. There is an accessory on her wrist. There is an accessory in his her neck.
WOMEN-Dresses-id_00001149-01_1_front,id_00001149,WOMEN,Dresses,front,query,4040,The female is wearing a long-sleeve sweater with graphic patterns. The sweater is with chiffon fabric. It has a crew neckline. The female wears a three-point shorts. The shorts are with chiffon fabric and graphic patterns. The person has neckwear. There is an accessory on her wrist.
WOMEN-Dresses-id_00001149-01_7_additional,id_00001149,WOMEN,Dresses,additional,query,4042,"The sweater this woman wears has long sleeves and its fabric is chiffon. The pattern of it is graphic. This woman wears a three-point shorts, with chiffon fabric and graphic patterns. There is an accessory on her wrist. This female has neckwear."
WOMEN-Dresses-id_00001192-10_1_front,id_00001192,WOMEN,Dresses,front,query,4051,This woman is wearing a tank tank shirt with pure color patterns and a three-point pants. The tank shirt is with cotton fabric and its neckline is suspenders. The pants are with cotton fabric and pure color patterns. This female is wearing a pair of socks.
WOMEN-Dresses-id_00001192-10_7_additional,id_00001192,WOMEN,Dresses,additional,query,4052,"Her tank top has no sleeves, cotton fabric and pure color patterns. The female wears a three-point pants. The pants are with cotton fabric and solid color patterns. The person is wearing a pair of socks."
WOMEN-Dresses-id_00001204-03_2_side,id_00001204,WOMEN,Dresses,side,query,4055,"Her tank shirt has no sleeves, chiffon fabric and graphic patterns. The female wears a long trousers. The trousers are with chiffon fabric and graphic patterns. There is a ring on her finger."
WOMEN-Dresses-id_00001286-03_7_additional,id_00001286,WOMEN,Dresses,additional,query,4062,"Her tank shirt has sleeves cut off, cotton fabric and stripe patterns. The pants this woman wears is of three-quarter length. The pants are with cotton fabric and stripe patterns."
WOMEN-Dresses-id_00001286-04_1_front,id_00001286,WOMEN,Dresses,front,query,4063,The female is wearing a tank tank top with striped patterns. The tank top is with cotton fabric. The female wears a three-quarter trousers. The trousers are with cotton fabric and striped patterns.
WOMEN-Dresses-id_00001286-04_7_additional,id_00001286,WOMEN,Dresses,additional,query,4065,"Her tank shirt has no sleeves, cotton fabric and striped patterns. It has a crew neckline. The pants the person wears is of three-quarter length. The pants are with cotton fabric and stripe patterns. The person wears a ring."
WOMEN-Dresses-id_00001288-02_2_side,id_00001288,WOMEN,Dresses,side,query,4067,"The tank shirt this woman wears has no sleeves and it is with cotton fabric and solid color patterns. This woman wears a three-quarter trousers, with chiffon fabric and pure color patterns. The lady is wearing a ring on her finger. The lady has neckwear."
WOMEN-Dresses-id_00001288-02_7_additional,id_00001288,WOMEN,Dresses,additional,query,4068,"The upper clothing has no sleeves, cotton fabric and pure color patterns. The lower clothing is of three-quarter length. The fabric is chiffon and it has pure color patterns. There is a ring on her finger."
WOMEN-Dresses-id_00001297-02_1_front,id_00001297,WOMEN,Dresses,front,query,4069,This woman wears a three-point pants. The pants are with cotton fabric and graphic patterns. This female has neckwear. The person wears a ring. There is an accessory on her wrist.
WOMEN-Dresses-id_00001297-03_4_full,id_00001297,WOMEN,Dresses,full,query,4071,This woman wears a three-point pants. The pants are with cotton fabric and graphic patterns. The female wears a ring. This female has neckwear.
WOMEN-Dresses-id_00001363-04_7_additional,id_00001363,WOMEN,Dresses,additional,query,4084,The person wears a tank tank shirt with pure color patterns. The tank shirt is with chiffon fabric. It has a suspenders neckline. The pants the person wears is of long length. The pants are with chiffon fabric and solid color patterns. The lady has neckwear. This lady is wearing a ring on her finger. There is an accessory on her wrist.
WOMEN-Dresses-id_00001363-06_2_side,id_00001363,WOMEN,Dresses,side,query,4089,The female is wearing a sleeveless tank shirt with solid color patterns and a three-quarter trousers. The tank shirt is with chiffon fabric and its neckline is suspenders. The trousers are with chiffon fabric and solid color patterns. This lady wears a ring. This woman has neckwear.
WOMEN-Dresses-id_00001363-06_7_additional,id_00001363,WOMEN,Dresses,additional,query,4090,"The upper clothing has sleeves cut off, chiffon fabric and pure color patterns. The neckline of it is suspenders. The lower clothing is of three-quarter length. The fabric is chiffon and it has pure color patterns. This woman is wearing a ring on her finger. There is an accessory in his her neck. There is an accessory on her wrist."
WOMEN-Dresses-id_00001374-02_2_side,id_00001374,WOMEN,Dresses,side,query,4093,"The upper clothing has no sleeves, chiffon fabric and pure color patterns. The neckline of it is crew. The lower clothing is of long length. The fabric is chiffon and it has pure color patterns. There is an accessory on her wrist. The female wears a ring."
WOMEN-Dresses-id_00001374-02_7_additional,id_00001374,WOMEN,Dresses,additional,query,4094,"The tank top this lady wears has no sleeves, its fabric is chiffon, and it has solid color patterns. This lady wears a long pants, with chiffon fabric and pure color patterns. This female wears a ring."
WOMEN-Dresses-id_00001392-03_3_back,id_00001392,WOMEN,Dresses,back,query,4097,"The shirt this female wears has short sleeves and it is with chiffon fabric and graphic patterns. This female wears a three-quarter trousers, with chiffon fabric and graphic patterns. There is an accessory on her wrist. This female has neckwear. This female wears a ring."
WOMEN-Dresses-id_00001392-03_4_full,id_00001392,WOMEN,Dresses,full,query,4098,"Her shirt has short sleeves, chiffon fabric and graphic patterns. It has a v-shape neckline. This woman wears a three-quarter pants. The pants are with chiffon fabric and graphic patterns. The female is wearing a ring on her finger. There is an accessory on her wrist. There is an accessory in his her neck."
WOMEN-Dresses-id_00001413-01_3_back,id_00001413,WOMEN,Dresses,back,query,4107,The lady wears a sleeveless tank shirt with pure color patterns. The tank shirt is with cotton fabric. The lady wears a three-point pants. The pants are with cotton fabric and solid color patterns. There is a ring on her finger.
WOMEN-Dresses-id_00001413-01_7_additional,id_00001413,WOMEN,Dresses,additional,query,4108,"The tank shirt this lady wears has sleeves cut off, its fabric is cotton, and it has solid color patterns. This lady wears a three-point shorts, with cotton fabric and solid color patterns. This person wears a ring. This female has neckwear."
WOMEN-Dresses-id_00001459-01_4_full,id_00001459,WOMEN,Dresses,full,query,4126,The female is wearing a sleeveless tank shirt with floral patterns. The tank shirt is with chiffon fabric. It has a lapel neckline. The female wears a three-point shorts. The shorts are with chiffon fabric and floral patterns.
WOMEN-Dresses-id_00001552-01_4_full,id_00001552,WOMEN,Dresses,full,query,4146,"Her shirt has medium sleeves, cotton fabric and solid color patterns. It has a stand neckline. The person wears a three-point shorts. The shorts are with cotton fabric and solid color patterns. There is a hat in her head. The lady is wearing leggings."
WOMEN-Dresses-id_00001579-02_1_front,id_00001579,WOMEN,Dresses,front,query,4151,This female wears a short-sleeve shirt with pure color patterns and a three-quarter trousers. The shirt is with cotton fabric. The trousers are with cotton fabric and solid color patterns. There is an accessory on her wrist.
WOMEN-Dresses-id_00001651-02_7_additional,id_00001651,WOMEN,Dresses,additional,query,4163,The female wears a sleeveless tank shirt with graphic patterns and a medium pants. The tank shirt is with cotton fabric. The neckline of the tank shirt is round. The pants are with cotton fabric and graphic patterns. There is a ring on her finger.
WOMEN-Dresses-id_00001662-01_1_front,id_00001662,WOMEN,Dresses,front,query,4169,The female is wearing a sleeveless tank top with pure color patterns. The tank top is with cotton fabric. It has a suspenders neckline. The female wears a three-quarter pants. The pants are with cotton fabric and solid color patterns. There is an accessory in his her neck. There is an accessory on her wrist. The female wears a ring.
WOMEN-Dresses-id_00001662-01_7_additional,id_00001662,WOMEN,Dresses,additional,query,4171,"The tank top the female wears has sleeves cut off and it is with cotton fabric and pure color patterns. The female wears a three-quarter pants, with cotton fabric and solid color patterns. This lady wears a ring. This lady has neckwear. There is an accessory on her wrist."
WOMEN-Dresses-id_00001667-02_4_full,id_00001667,WOMEN,Dresses,full,query,4174,"The tank top this lady wears has no sleeves and its fabric is cotton. The pattern of it is graphic. It has a suspenders neckline. This lady wears a long pants, with cotton fabric and graphic patterns. The person wears a ring. There is an accessory on her wrist."
WOMEN-Dresses-id_00001748-03_4_full,id_00001748,WOMEN,Dresses,full,query,4187,This female wears a short-sleeve T-shirt with striped patterns and a three-point pants. The T-shirt is with cotton fabric. The neckline of the T-shirt is round. The pants are with cotton fabric and striped patterns. There is a ring on her finger.
WOMEN-Dresses-id_00001759-04_4_full,id_00001759,WOMEN,Dresses,full,query,4189,"This lady wears a three-point pants. The pants are with cotton fabric and pure color patterns. This person also wears an outer clothing, with leather fabric and pure color patterns. This lady is wearing a ring on her finger."
WOMEN-Dresses-id_00001798-02_7_additional,id_00001798,WOMEN,Dresses,additional,query,4196,This female wears a sleeveless tank shirt with striped patterns and a long pants. The tank shirt is with cotton fabric. The pants are with cotton fabric and striped patterns. The female is wearing a ring on her finger.
WOMEN-Dresses-id_00001841-04_4_full,id_00001841,WOMEN,Dresses,full,query,4203,This female is wearing a long-sleeve sweater with graphic patterns and a three-point pants. The sweater is with cotton fabric and its neckline is crew. The pants are with cotton fabric and graphic patterns. There is a ring on her finger.
WOMEN-Dresses-id_00001845-03_1_front,id_00001845,WOMEN,Dresses,front,query,4205,The female is wearing a tank tank shirt with striped patterns. The tank shirt is with cotton fabric and its neckline is suspenders. The female wears a three-quarter pants. The pants are with cotton fabric and stripe patterns. There is an accessory on her wrist. There is an accessory in his her neck.
WOMEN-Dresses-id_00001845-03_7_additional,id_00001845,WOMEN,Dresses,additional,query,4207,"Her tank shirt has no sleeves, cotton fabric and stripe patterns. The trousers this female wears is of long length. The trousers are with cotton fabric and stripe patterns. There is an accessory on her wrist. This person wears a ring. There is an accessory in his her neck."
WOMEN-Dresses-id_00001892-03_4_full,id_00001892,WOMEN,Dresses,full,query,4217,"The tank shirt the female wears has sleeves cut off and it is with cotton fabric and solid color patterns. The neckline of the tank shirt is v-shape. The female wears a three-point shorts, with cotton fabric and solid color patterns. There is a ring on her finger. The female has neckwear."
WOMEN-Dresses-id_00001989-04_1_front,id_00001989,WOMEN,Dresses,front,query,4255,The female wears a short-sleeve T-shirt with graphic patterns and a three-point pants. The T-shirt is with cotton fabric. The pants are with cotton fabric and graphic patterns. This female is wearing leggings. There is a hat in her head. The person is wearing a belt.
WOMEN-Dresses-id_00002056-04_1_front,id_00002056,WOMEN,Dresses,front,query,4267,This female is wearing a tank tank shirt with solid color patterns and a three-quarter pants. The tank shirt is with cotton fabric and its neckline is crew. The pants are with cotton fabric and solid color patterns. There is clothing on her waist.
WOMEN-Dresses-id_00002056-04_7_additional,id_00002056,WOMEN,Dresses,additional,query,4270,"Her tank shirt has sleeves cut off, cotton fabric and solid color patterns. It has a crew neckline. This female wears a three-quarter pants. The pants are with cotton fabric and pure color patterns. This woman wears a ring."
WOMEN-Dresses-id_00002056-06_1_front,id_00002056,WOMEN,Dresses,front,query,4274,This lady wears a sleeveless tank shirt with pure color patterns and a three-quarter pants. The tank shirt is with cotton fabric and its neckline is crew. The pants are with cotton fabric and pure color patterns. The female wears a ring.
WOMEN-Dresses-id_00002056-06_3_back,id_00002056,WOMEN,Dresses,back,query,4275,This lady is wearing a tank tank top with pure color patterns. The tank top is with cotton fabric. This lady wears a three-quarter trousers. The trousers are with cotton fabric and pure color patterns. There is a ring on her finger.
WOMEN-Dresses-id_00002056-06_7_additional,id_00002056,WOMEN,Dresses,additional,query,4276,This person is wearing a sleeveless tank top with solid color patterns and a three-quarter pants. The tank top is with cotton fabric. The pants are with cotton fabric and pure color patterns. There is a ring on her finger.
WOMEN-Dresses-id_00002073-01_1_front,id_00002073,WOMEN,Dresses,front,query,4279,"The upper clothing has short sleeves, cotton fabric and pure color patterns. It has a crew neckline. The lower clothing is of long length. The fabric is cotton and it has pure color patterns. There is a ring on her finger."
WOMEN-Dresses-id_00002073-01_2_side,id_00002073,WOMEN,Dresses,side,query,4280,"The T-shirt this woman wears has short sleeves and its fabric is cotton. The pattern of it is solid color. This woman wears a three-quarter pants, with cotton fabric and pure color patterns. There is a ring on her finger."
WOMEN-Dresses-id_00002073-02_4_full,id_00002073,WOMEN,Dresses,full,query,4284,This woman wears a short-sleeve T-shirt with pure color patterns and long trousers. The T-shirt is with cotton fabric and it has a crew neckline. The trousers are with cotton fabric and pure color patterns. This lady is wearing a ring on her finger.
WOMEN-Dresses-id_00002073-02_7_additional,id_00002073,WOMEN,Dresses,additional,query,4285,"The shirt this female wears has short sleeves, its fabric is cotton, and it has solid color patterns. This female wears a long trousers, with cotton fabric and pure color patterns. The lady wears a ring."
WOMEN-Dresses-id_00002141-01_7_additional,id_00002141,WOMEN,Dresses,additional,query,4309,The lady is wearing a medium-sleeve shirt with striped patterns. The shirt is with cotton fabric and its neckline is v-shape. The shorts the lady wears is of medium length. The shorts are with cotton fabric and stripe patterns. This woman wears a hat. The female is wearing a ring on her finger. There is an accessory on her wrist.
WOMEN-Dresses-id_00002161-01_1_front,id_00002161,WOMEN,Dresses,front,query,4310,"The tank shirt the female wears has sleeves cut off and its fabric is chiffon. The pattern of it is pure color. It has a round neckline. The female wears a short pants, with chiffon fabric and solid color patterns. There is a ring on her finger."
WOMEN-Dresses-id_00002161-01_7_additional,id_00002161,WOMEN,Dresses,additional,query,4312,"Her tank shirt has no sleeves, chiffon fabric and pure color patterns. This lady wears a short pants. The pants are with chiffon fabric and solid color patterns. This lady is wearing a ring on her finger."
WOMEN-Dresses-id_00002177-02_4_full,id_00002177,WOMEN,Dresses,full,query,4315,This person wears a tank tank shirt with pure color patterns. The tank shirt is with cotton fabric. It has a round neckline. This person wears a three-point shorts. The shorts are with cotton fabric and solid color patterns. The person wears a ring. There is an accessory on her wrist.
WOMEN-Dresses-id_00002292-04_2_side,id_00002292,WOMEN,Dresses,side,query,4335,This female wears a tank tank top with pure color patterns. The tank top is with cotton fabric. It has a crew neckline. This female wears a short shorts. The shorts are with cotton fabric and solid color patterns. This woman wears a ring.
WOMEN-Dresses-id_00002350-01_1_front,id_00002350,WOMEN,Dresses,front,query,4363,"The tank top the lady wears has no sleeves and its fabric is cotton. The pattern of it is striped. It has a crew neckline. The lady wears a short pants, with cotton fabric and stripe patterns. This woman is wearing a ring on her finger. The lady is wearing a hat."
WOMEN-Dresses-id_00002350-01_7_additional,id_00002350,WOMEN,Dresses,additional,query,4365,"Her sweater has long sleeves, cotton fabric and stripe patterns. The neckline of it is round. The female wears a short shorts. The shorts are with cotton fabric and stripe patterns. The outer clothing this lady wears is with cotton fabric and pure color patterns. This female wears sunglasses. The lady wears a hat. The person wears a ring."
WOMEN-Dresses-id_00002372-02_7_additional,id_00002372,WOMEN,Dresses,additional,query,4372,"The person is wearing a long-sleeve shirt with floral patterns. The shirt is with cotton fabric. It has a crew neckline. The shorts the person wears is of three-point length. The shorts are with cotton fabric and floral patterns. The person also wears an outer clothing, with leather fabric and solid color patterns. There is an accessory on her wrist. There is a hat in her head. This lady is wearing a ring on her finger."
WOMEN-Dresses-id_00002391-04_4_full,id_00002391,WOMEN,Dresses,full,query,4375,"The upper clothing has no sleeves, cotton fabric and pure color patterns. The neckline of it is crew. The lower clothing is of short length. The fabric is cotton and it has pure color patterns. There is an accessory on her wrist. There is a ring on her finger."
WOMEN-Dresses-id_00002411-02_4_full,id_00002411,WOMEN,Dresses,full,query,4379,This person is wearing a tank tank top with pure color patterns. The tank top is with cotton fabric. It has a v-shape neckline. The shorts this person wears is of three-point length. The shorts are with cotton fabric and pure color patterns. There is an accessory on her wrist. The lady wears a ring.
WOMEN-Dresses-id_00002411-04_4_full,id_00002411,WOMEN,Dresses,full,query,4381,This female is wearing a sleeveless tank top with solid color patterns and a three-point shorts. The tank top is with cotton fabric. The neckline of the tank top is v-shape. The shorts are with cotton fabric and pure color patterns. This woman wears a ring. There is an accessory on her wrist.
WOMEN-Dresses-id_00002430-04_1_front,id_00002430,WOMEN,Dresses,front,query,4387,"Her tank shirt has no sleeves, cotton fabric and stripe patterns. The neckline of it is round. The trousers this lady wears is of long length. The trousers are with cotton fabric and stripe patterns. There is a ring on her finger."
WOMEN-Dresses-id_00002430-04_4_full,id_00002430,WOMEN,Dresses,full,query,4389,"Her tank shirt has no sleeves, cotton fabric and striped patterns. It has a crew neckline. The trousers this female wears is of long length. The trousers are with cotton fabric and stripe patterns. This woman wears a ring."
WOMEN-Dresses-id_00002430-06_2_side,id_00002430,WOMEN,Dresses,side,query,4394,"Her tank top has sleeves cut off, cotton fabric and striped patterns. The neckline of it is crew. The trousers this female wears is of long length. The trousers are with cotton fabric and stripe patterns. This female wears a ring."
WOMEN-Dresses-id_00002430-06_4_full,id_00002430,WOMEN,Dresses,full,query,4395,"Her tank shirt has no sleeves, cotton fabric and striped patterns. The pants the lady wears is of long length. The pants are with cotton fabric and stripe patterns. The person wears a ring."
WOMEN-Dresses-id_00002434-02_3_back,id_00002434,WOMEN,Dresses,back,query,4398,"The tank shirt the lady wears has no sleeves and its fabric is cotton. The pattern of it is graphic. The lady wears a long pants, with cotton fabric and graphic patterns. There is an accessory in his her neck. This female wears a ring."
WOMEN-Dresses-id_00002434-02_4_full,id_00002434,WOMEN,Dresses,full,query,4399,"Her tank top has no sleeves, cotton fabric and graphic patterns. It has a v-shape neckline. The pants this female wears is of long length. The pants are with cotton fabric and graphic patterns. This lady wears a ring. There is an accessory in his her neck. There is an accessory on her wrist."
WOMEN-Dresses-id_00002450-01_1_front,id_00002450,WOMEN,Dresses,front,query,4404,"The upper clothing has short sleeves, cotton fabric and solid color patterns. The lower clothing is of short length. The fabric is cotton and it has solid color patterns. The female wears a ring. There is an accessory on her wrist."
WOMEN-Dresses-id_00002450-01_7_additional,id_00002450,WOMEN,Dresses,additional,query,4406,The person is wearing a short-sleeve T-shirt with pure color patterns and a short pants. The T-shirt is with cotton fabric and its neckline is round. The pants are with cotton fabric and solid color patterns. This person wears a ring. This woman wears a pair of sunglasses. There is an accessory on her wrist.
WOMEN-Dresses-id_00002470-04_4_full,id_00002470,WOMEN,Dresses,full,query,4409,"The shirt this person wears has medium sleeves, its fabric is cotton, and it has graphic patterns. The shirt has a round neckline. This person wears a three-point pants, with cotton fabric and graphic patterns. There is a hat in her head. There is a ring on her finger. This woman has neckwear. This person wears leggings. There is an accessory on her wrist."
WOMEN-Dresses-id_00002517-02_2_side,id_00002517,WOMEN,Dresses,side,query,4430,The female is wearing a short-sleeve shirt with pure color patterns. The shirt is with cotton fabric. The pants the female wears is of three-point length. The pants are with cotton fabric and solid color patterns. The female is wearing leggings. There is an accessory on her wrist. There is a ring on her finger.
WOMEN-Dresses-id_00002549-03_1_front,id_00002549,WOMEN,Dresses,front,query,4442,The female is wearing a sleeveless tank top with graphic patterns and a long pants. The tank top is with knitting fabric. The pants are with knitting fabric and graphic patterns. This person is wearing a ring on her finger. There is an accessory on her wrist.
WOMEN-Dresses-id_00002549-03_2_side,id_00002549,WOMEN,Dresses,side,query,4443,"The tank shirt this lady wears has no sleeves and its fabric is knitting. The pattern of it is graphic. This lady wears a long trousers, with knitting fabric and graphic patterns."
WOMEN-Dresses-id_00002549-03_4_full,id_00002549,WOMEN,Dresses,full,query,4444,The lady is wearing a tank tank shirt with graphic patterns and a long pants. The tank shirt is with knitting fabric. The neckline of the tank shirt is suspenders. The pants are with knitting fabric and graphic patterns. There is an accessory on her wrist. The lady is wearing a ring on her finger.
WOMEN-Dresses-id_00002598-04_1_front,id_00002598,WOMEN,Dresses,front,query,4453,This female is wearing a long-sleeve shirt with pure color patterns. The shirt is with cotton fabric and its neckline is round. This female wears a three-point pants. The pants are with cotton fabric and pure color patterns. There is an accessory in his her neck. This female wears a ring. The female is wearing leggings.
WOMEN-Dresses-id_00002602-02_3_back,id_00002602,WOMEN,Dresses,back,query,4457,The lady is wearing a tank tank shirt with solid color patterns and a long trousers. The tank shirt is with cotton fabric. The trousers are with cotton fabric and pure color patterns. The female wears a ring. There is an accessory on her wrist.
WOMEN-Dresses-id_00002631-04_4_full,id_00002631,WOMEN,Dresses,full,query,4460,"Her tank shirt has sleeves cut off, cotton fabric and solid color patterns. It has a suspenders neckline. The pants the female wears is of three-point length. The pants are with cotton fabric and pure color patterns. The lady is wearing a pair of socks."
WOMEN-Dresses-id_00002631-06_7_additional,id_00002631,WOMEN,Dresses,additional,query,4463,The female is wearing a sleeveless tank shirt with solid color patterns. The tank shirt is with cotton fabric. The pants the female wears is of three-point length. The pants are with cotton fabric and pure color patterns.
WOMEN-Dresses-id_00002740-02_7_additional,id_00002740,WOMEN,Dresses,additional,query,4478,This person wears a tank tank shirt with floral patterns. The tank shirt is with cotton fabric. This person wears a three-point shorts. The shorts are with cotton fabric and floral patterns. This person wears socks in shoes. The female is wearing a hat. There is an accessory in his her neck. This lady is wearing a ring on her finger.
WOMEN-Dresses-id_00002785-02_2_side,id_00002785,WOMEN,Dresses,side,query,4500,"The tank shirt this female wears has sleeves cut off, its fabric is cotton, and it has graphic patterns. The tank shirt has a suspenders neckline. This female wears a three-quarter trousers, with cotton fabric and graphic patterns. This person wears a ring. There is an accessory on her wrist. There is an accessory in his her neck."
WOMEN-Dresses-id_00002785-02_7_additional,id_00002785,WOMEN,Dresses,additional,query,4502,This female wears a sleeveless tank top with graphic patterns and short pants. The tank top is with cotton fabric and it has a suspenders neckline. The pants are with cotton fabric and graphic patterns. There is an accessory in his her neck. There is an accessory on her wrist. There is a ring on her finger.
WOMEN-Dresses-id_00002786-02_1_front,id_00002786,WOMEN,Dresses,front,query,4503,"The T-shirt the female wears has short sleeves and its fabric is cotton. The pattern of it is stripe. It has a crew neckline. The female wears a three-point pants, with cotton fabric and stripe patterns. There is a ring on her finger."
WOMEN-Dresses-id_00002802-01_3_back,id_00002802,WOMEN,Dresses,back,query,4520,"Her sweater has long sleeves, chiffon fabric and graphic patterns. The shorts the person wears is of medium length. The shorts are with chiffon fabric and graphic patterns. This female has neckwear."
WOMEN-Dresses-id_00002802-01_7_additional,id_00002802,WOMEN,Dresses,additional,query,4521,This person wears a long-sleeve sweater with graphic patterns and a medium pants. The sweater is with chiffon fabric. The pants are with chiffon fabric and graphic patterns. This person has neckwear. The lady is wearing a ring on her finger.
WOMEN-Dresses-id_00002827-01_1_front,id_00002827,WOMEN,Dresses,front,query,4525,This person is wearing a tank tank shirt with floral patterns and a long pants. The tank shirt is with cotton fabric and its neckline is suspenders. The pants are with cotton fabric and floral patterns. This female is wearing a ring on her finger. This woman has neckwear. There is an accessory on her wrist.
WOMEN-Dresses-id_00002827-01_7_additional,id_00002827,WOMEN,Dresses,additional,query,4527,This woman wears a sleeveless tank top with floral patterns and long pants. The tank top is with cotton fabric and it has a suspenders neckline. The pants are with cotton fabric and floral patterns. The female has neckwear. The person is wearing a ring on her finger. There is an accessory on her wrist.
WOMEN-Dresses-id_00002877-01_1_front,id_00002877,WOMEN,Dresses,front,query,4547,The female is wearing a tank tank top with graphic patterns and a short shorts. The tank top is with cotton fabric. The shorts are with cotton fabric and graphic patterns. This woman wears a ring.
WOMEN-Dresses-id_00002877-01_7_additional,id_00002877,WOMEN,Dresses,additional,query,4549,This lady is wearing a sleeveless tank top with graphic patterns. The tank top is with cotton fabric and its neckline is round. This lady wears a medium pants. The pants are with cotton fabric and graphic patterns. There is a ring on her finger.
WOMEN-Dresses-id_00002909-01_4_full,id_00002909,WOMEN,Dresses,full,query,4559,"The tank top the person wears has no sleeves, its fabric is cotton, and it has pure color patterns. The tank top has a suspenders neckline. The person wears a long pants, with cotton fabric and solid color patterns. This female wears a ring. There is an accessory on her wrist."
WOMEN-Dresses-id_00002909-01_7_additional,id_00002909,WOMEN,Dresses,additional,query,4560,This lady wears a tank tank top with solid color patterns and long trousers. The tank top is with cotton fabric. The trousers are with cotton fabric and pure color patterns. This female wears a ring.
WOMEN-Dresses-id_00002926-06_4_full,id_00002926,WOMEN,Dresses,full,query,4567,The female wears a long-sleeve sweater with pure color patterns. The sweater is with cotton fabric. It has a round neckline. The pants the female wears is of three-point length. The pants are with cotton fabric and pure color patterns. There is an accessory in his her neck. This woman is wearing leggings. There is clothing on her waist. There is a ring on her finger. This woman has a hat in her head.
WOMEN-Dresses-id_00002926-07_7_additional,id_00002926,WOMEN,Dresses,additional,query,4568,"The shirt the female wears has long sleeves, its fabric is cotton, and it has pure color patterns. The shirt has a crew neckline. The female wears a three-point pants, with cotton fabric and pure color patterns. There is clothing on her waist. There is an accessory in his her neck. This woman is wearing leggings. The person is wearing a hat."
WOMEN-Dresses-id_00002938-05_1_front,id_00002938,WOMEN,Dresses,front,query,4571,The female is wearing a sleeveless tank shirt with solid color patterns. The tank shirt is with cotton fabric. It has a suspenders neckline. The female wears a long trousers. The trousers are with cotton fabric and solid color patterns. This person has neckwear. There is an accessory on her wrist.
WOMEN-Dresses-id_00002938-05_7_additional,id_00002938,WOMEN,Dresses,additional,query,4573,This woman wears a sleeveless tank top with solid color patterns. The tank top is with cotton fabric. The pants this woman wears is of long length. The pants are with cotton fabric and solid color patterns. There is an accessory on her wrist. The female has neckwear. There is a ring on her finger.
WOMEN-Dresses-id_00002996-03_1_front,id_00002996,WOMEN,Dresses,front,query,4591,The lady is wearing a short-sleeve T-shirt with graphic patterns and a long trousers. The T-shirt is with cotton fabric. The neckline of the T-shirt is v-shape. The trousers are with chiffon fabric and pure color patterns. There is an accessory in his her neck. This woman is wearing a ring on her finger. There is an accessory on her wrist.
WOMEN-Dresses-id_00003138-02_7_additional,id_00003138,WOMEN,Dresses,additional,query,4624,This person wears a sleeveless tank shirt with graphic patterns. The tank shirt is with cotton fabric. It has a crew neckline. This person wears a three-quarter trousers. The trousers are with cotton fabric and graphic patterns. There is an accessory on her wrist. This woman is wearing a ring on her finger.
WOMEN-Dresses-id_00003250-01_1_front,id_00003250,WOMEN,Dresses,front,query,4644,This female is wearing a tank tank top with pure color patterns and a medium shorts. The tank top is with denim fabric and its neckline is lapel. The shorts are with denim fabric and solid color patterns.
WOMEN-Dresses-id_00003250-02_3_back,id_00003250,WOMEN,Dresses,back,query,4646,The female wears a sleeveless tank shirt with solid color patterns and a medium shorts. The tank shirt is with denim fabric. The neckline of the tank shirt is lapel. The shorts are with denim fabric and solid color patterns.
WOMEN-Dresses-id_00003250-02_7_additional,id_00003250,WOMEN,Dresses,additional,query,4647,"Her tank shirt has no sleeves, denim fabric and pure color patterns. The pants this person wears is of short length. The pants are with denim fabric and solid color patterns."
WOMEN-Dresses-id_00003264-01_2_side,id_00003264,WOMEN,Dresses,side,query,4653,"Her tank shirt has no sleeves, chiffon fabric and pure color patterns. The neckline of it is lapel. This lady wears a short shorts. The shorts are with chiffon fabric and pure color patterns. There is an accessory on her wrist. There is a ring on her finger."
WOMEN-Dresses-id_00003264-01_7_additional,id_00003264,WOMEN,Dresses,additional,query,4654,This woman is wearing a sleeveless tank top with solid color patterns. The tank top is with chiffon fabric. It has a lapel neckline. The shorts this woman wears is of short length. The shorts are with chiffon fabric and solid color patterns. This female is wearing a ring on her finger. There is an accessory on her wrist.
WOMEN-Dresses-id_00003276-05_4_full,id_00003276,WOMEN,Dresses,full,query,4664,"The upper clothing has sleeves cut off, cotton fabric and color block patterns. It has a round neckline. The lower clothing is of three-point length. The fabric is cotton and it has pure color patterns. This female wears a ring."
WOMEN-Dresses-id_00003276-06_4_full,id_00003276,WOMEN,Dresses,full,query,4665,The person is wearing a sleeveless tank top with color block patterns. The tank top is with cotton fabric and its neckline is crew. The pants the person wears is of three-point length. The pants are with cotton fabric and pure color patterns. There is an accessory on her wrist. There is a ring on her finger.
WOMEN-Dresses-id_00003283-02_3_back,id_00003283,WOMEN,Dresses,back,query,4667,"Her tank top has no sleeves, cotton fabric and complicated patterns. The pants this female wears is of short length. The pants are with cotton fabric and complicated patterns. This woman is wearing a ring on her finger. The female has neckwear."
WOMEN-Dresses-id_00003283-02_7_additional,id_00003283,WOMEN,Dresses,additional,query,4668,"Her tank shirt has no sleeves, cotton fabric and complicated patterns. The neckline of it is crew. The pants this person wears is of medium length. The pants are with cotton fabric and complicated patterns. There is an accessory in his her neck. This person wears a ring."
WOMEN-Dresses-id_00003326-03_2_side,id_00003326,WOMEN,Dresses,side,query,4670,This female wears a short-sleeve shirt with pure color patterns and a medium pants. The shirt is with cotton fabric. The pants are with cotton fabric and pure color patterns. The person is wearing a ring on her finger. There is an accessory on her wrist.
WOMEN-Dresses-id_00003326-04_1_front,id_00003326,WOMEN,Dresses,front,query,4672,"The shirt the lady wears has short sleeves and its fabric is cotton. The pattern of it is solid color. It has a crew neckline. The lady wears a medium pants, with cotton fabric and pure color patterns. This person is wearing a ring on her finger. There is an accessory on her wrist."
WOMEN-Dresses-id_00003326-04_4_full,id_00003326,WOMEN,Dresses,full,query,4674,The lady wears a short-sleeve T-shirt with solid color patterns and a short shorts. The T-shirt is with cotton fabric. The neckline of the T-shirt is round. The shorts are with cotton fabric and pure color patterns. The person wears sunglasses. There is an accessory on her wrist. The female is wearing a ring on her finger.
WOMEN-Dresses-id_00003332-07_4_full,id_00003332,WOMEN,Dresses,full,query,4678,This lady is wearing a tank tank shirt with pure color patterns. The tank shirt is with cotton fabric and its neckline is crew. This lady wears a three-point shorts. The shorts are with cotton fabric and solid color patterns. The female wears a ring. The lady has neckwear.
WOMEN-Dresses-id_00003332-08_4_full,id_00003332,WOMEN,Dresses,full,query,4679,This female is wearing a sleeveless tank top with solid color patterns and a three-point pants. The tank top is with cotton fabric. The neckline of the tank top is round. The pants are with cotton fabric and pure color patterns. The lady has neckwear. This female wears a ring.
WOMEN-Dresses-id_00003464-02_2_side,id_00003464,WOMEN,Dresses,side,query,4700,"The tank shirt the lady wears has sleeves cut off, its fabric is cotton, and it has graphic patterns. The lady wears a long trousers, with cotton fabric and solid color patterns. There is a ring on her finger."
WOMEN-Dresses-id_00003464-02_7_additional,id_00003464,WOMEN,Dresses,additional,query,4701,The female wears a tank tank top with graphic patterns and long pants. The tank top is with cotton fabric. The pants are with cotton fabric and pure color patterns. This person is wearing a ring on her finger.
WOMEN-Dresses-id_00003473-01_1_front,id_00003473,WOMEN,Dresses,front,query,4705,"The tank top this woman wears has sleeves cut off and its fabric is cotton. The pattern of it is plaid. This woman wears a three-quarter pants, with cotton fabric and lattice patterns. This female has neckwear."
WOMEN-Dresses-id_00003473-01_7_additional,id_00003473,WOMEN,Dresses,additional,query,4707,This person wears a sleeveless tank top with plaid patterns and a three-quarter trousers. The tank top is with cotton fabric. The neckline of the tank top is lapel. The trousers are with cotton fabric and plaid patterns.
WOMEN-Dresses-id_00003473-02_7_additional,id_00003473,WOMEN,Dresses,additional,query,4710,This person wears a tank tank shirt with lattice patterns and a three-quarter trousers. The tank shirt is with cotton fabric and its neckline is lapel. The trousers are with cotton fabric and lattice patterns.
WOMEN-Dresses-id_00003483-01_2_side,id_00003483,WOMEN,Dresses,side,query,4712,The person is wearing a short-sleeve shirt with other patterns and a three-quarter trousers. The shirt is with cotton fabric. The neckline of the shirt is round. The trousers are with cotton fabric and complicated patterns. The person is wearing a ring on her finger.
WOMEN-Dresses-id_00003485-02_2_side,id_00003485,WOMEN,Dresses,side,query,4715,"The tank shirt the lady wears has sleeves cut off and its fabric is cotton. The pattern of it is graphic. It has a suspenders neckline. The lady wears a long pants, with cotton fabric and graphic patterns. There is a ring on her finger."
WOMEN-Dresses-id_00003511-01_1_front,id_00003511,WOMEN,Dresses,front,query,4722,"Her sweater has long sleeves, cotton fabric and stripe patterns. The neckline of it is crew. This person wears a medium pants. The pants are with cotton fabric and stripe patterns. This person also wears an outer clothing, with cotton fabric and solid color patterns. The lady is wearing sunglasses. This female is wearing a pair of socks. There is a ring on her finger."
WOMEN-Dresses-id_00003511-01_7_additional,id_00003511,WOMEN,Dresses,additional,query,4724,This person wears a short-sleeve shirt with striped patterns. The shirt is with cotton fabric. This person wears a medium shorts. The shorts are with cotton fabric and stripe patterns. This female is wearing a pair of socks.
WOMEN-Dresses-id_00003529-02_2_side,id_00003529,WOMEN,Dresses,side,query,4734,The lady is wearing a sleeveless tank top with floral patterns. The tank top is with cotton fabric. It has a suspenders neckline. The lady wears a three-quarter pants. The pants are with cotton fabric and floral patterns. There is an accessory on her wrist.
WOMEN-Dresses-id_00003584-01_2_side,id_00003584,WOMEN,Dresses,side,query,4745,"The upper clothing has sleeves cut off, cotton fabric and graphic patterns. The lower clothing is of long length. The fabric is cotton and it has graphic patterns. There is an accessory on her wrist. There is a ring on her finger."
WOMEN-Dresses-id_00003584-01_4_full,id_00003584,WOMEN,Dresses,full,query,4747,"Her tank shirt has no sleeves, cotton fabric and graphic patterns. The trousers this woman wears is of long length. The trousers are with cotton fabric and graphic patterns. This woman is wearing a ring on her finger. There is an accessory on her wrist."
WOMEN-Dresses-id_00003584-01_7_additional,id_00003584,WOMEN,Dresses,additional,query,4748,The lady wears a tank tank shirt with graphic patterns. The tank shirt is with cotton fabric. The lady wears a long pants. The pants are with cotton fabric and graphic patterns. There is a ring on her finger. There is an accessory in his her neck. There is an accessory on her wrist.
WOMEN-Dresses-id_00003611-01_4_full,id_00003611,WOMEN,Dresses,full,query,4752,"Her shirt has short sleeves, cotton fabric and stripe patterns. It has a crew neckline. The person wears a three-quarter trousers. The trousers are with cotton fabric and striped patterns. There is an accessory on her wrist. This lady is wearing a ring on her finger."
WOMEN-Dresses-id_00003611-01_7_additional,id_00003611,WOMEN,Dresses,additional,query,4753,"The shirt this female wears has short sleeves and its fabric is cotton. The pattern of it is striped. This female wears a three-quarter pants, with cotton fabric and striped patterns. There is an accessory on her wrist."
WOMEN-Dresses-id_00003624-06_7_additional,id_00003624,WOMEN,Dresses,additional,query,4755,This person wears a long-sleeve sweater with floral patterns and three-point shorts. The sweater is with cotton fabric and it has a crew neckline. The shorts are with cotton fabric and floral patterns. The female is wearing a hat. This female is wearing a ring on her finger.
WOMEN-Dresses-id_00003651-06_4_full,id_00003651,WOMEN,Dresses,full,query,4762,This lady is wearing a tank tank top with graphic patterns and a three-point pants. The tank top is with cotton fabric. The neckline of the tank top is round. The pants are with cotton fabric and pure color patterns. The lady is wearing a ring on her finger. There is an accessory on her wrist.
WOMEN-Dresses-id_00003651-09_4_full,id_00003651,WOMEN,Dresses,full,query,4764,This lady is wearing a tank tank shirt with graphic patterns and a three-point shorts. The tank shirt is with cotton fabric. The neckline of the tank shirt is crew. The shorts are with cotton fabric and pure color patterns. There is a ring on her finger. There is an accessory on her wrist.
WOMEN-Dresses-id_00003661-02_1_front,id_00003661,WOMEN,Dresses,front,query,4770,The person wears a sleeveless tank top with floral patterns and long pants. The tank top is with chiffon fabric and it has a suspenders neckline. The pants are with chiffon fabric and floral patterns. There is an accessory on her wrist.
WOMEN-Dresses-id_00003661-02_3_back,id_00003661,WOMEN,Dresses,back,query,4772,The female wears a tank tank shirt with floral patterns and a long pants. The tank shirt is with chiffon fabric. The pants are with chiffon fabric and floral patterns. There is a ring on her finger.
WOMEN-Dresses-id_00003670-08_2_side,id_00003670,WOMEN,Dresses,side,query,4776,This female wears a tank tank shirt with pure color patterns. The tank shirt is with cotton fabric. This female wears a three-point shorts. The shorts are with cotton fabric and pure color patterns. The lady wears socks in shoes.
WOMEN-Dresses-id_00003684-02_1_front,id_00003684,WOMEN,Dresses,front,query,4779,"Her shirt has long sleeves, cotton fabric and graphic patterns. The neckline of it is crew. The trousers the female wears is of long length. The trousers are with cotton fabric and graphic patterns. The female has neckwear. This female wears a ring. There is an accessory on her wrist."
WOMEN-Dresses-id_00003684-02_7_additional,id_00003684,WOMEN,Dresses,additional,query,4781,"The upper clothing has medium sleeves, cotton fabric and graphic patterns. It has a round neckline. The lower clothing is of long length. The fabric is cotton and it has graphic patterns. There is an accessory on her wrist. There is a ring on her finger. There is an accessory in his her neck."
WOMEN-Dresses-id_00003695-01_4_full,id_00003695,WOMEN,Dresses,full,query,4784,"The T-shirt this person wears has short sleeves, its fabric is cotton, and it has floral patterns. This person wears a three-point pants, with cotton fabric and floral patterns. The female wears a ring."
WOMEN-Dresses-id_00003695-03_3_back,id_00003695,WOMEN,Dresses,back,query,4786,"Her T-shirt has short sleeves, cotton fabric and floral patterns. This lady wears a three-point shorts. The shorts are with cotton fabric and floral patterns. The female is wearing a ring on her finger."
WOMEN-Dresses-id_00003695-03_7_additional,id_00003695,WOMEN,Dresses,additional,query,4787,This woman wears a short-sleeve shirt with floral patterns. The shirt is with cotton fabric. It has a v-shape neckline. This woman wears a three-point pants. The pants are with cotton fabric and floral patterns. This person is wearing a ring on her finger.
WOMEN-Dresses-id_00003705-03_1_front,id_00003705,WOMEN,Dresses,front,query,4792,The female is wearing a sleeveless tank shirt with striped patterns and a long trousers. The tank shirt is with cotton fabric. The neckline of the tank shirt is crew. The trousers are with cotton fabric and stripe patterns. There is a ring on her finger.
WOMEN-Dresses-id_00003705-04_1_front,id_00003705,WOMEN,Dresses,front,query,4795,"Her tank shirt has sleeves cut off, cotton fabric and striped patterns. The neckline of it is crew. The pants this person wears is of long length. The pants are with cotton fabric and stripe patterns. This woman wears a ring. There is an accessory on her wrist."
WOMEN-Dresses-id_00003705-04_2_side,id_00003705,WOMEN,Dresses,side,query,4796,"The tank top the lady wears has no sleeves and its fabric is cotton. The pattern of it is stripe. The lady wears a long pants, with cotton fabric and striped patterns. This person wears a ring."
WOMEN-Dresses-id_00003705-04_4_full,id_00003705,WOMEN,Dresses,full,query,4797,"The tank top the lady wears has no sleeves, its fabric is cotton, and it has stripe patterns. The lady wears a long pants, with cotton fabric and stripe patterns. There is an accessory on her wrist. The female is wearing a ring on her finger."
WOMEN-Dresses-id_00003729-04_1_front,id_00003729,WOMEN,Dresses,front,query,4799,"Her tank top has no sleeves, chiffon fabric and solid color patterns. The neckline of it is suspenders. This lady wears a short pants. The pants are with chiffon fabric and solid color patterns. The person has a hat in her head. The person wears a ring. This female wears sunglasses."
WOMEN-Dresses-id_00003729-04_3_back,id_00003729,WOMEN,Dresses,back,query,4801,This woman is wearing a tank tank top with pure color patterns and a long pants. The tank top is with chiffon fabric. The pants are with chiffon fabric and solid color patterns. This female wears a ring. This female has a hat in her head.
WOMEN-Dresses-id_00003737-02_1_front,id_00003737,WOMEN,Dresses,front,query,4803,This person is wearing a short-sleeve shirt with other patterns and a three-point shorts. The shirt is with cotton fabric and its neckline is round. The shorts are with cotton fabric and other patterns. There is a ring on her finger.
WOMEN-Dresses-id_00003737-02_7_additional,id_00003737,WOMEN,Dresses,additional,query,4805,The female wears a short-sleeve T-shirt with complicated patterns and a three-point pants. The T-shirt is with cotton fabric. The pants are with cotton fabric and other patterns. There is a ring on her finger.
WOMEN-Dresses-id_00003740-04_1_front,id_00003740,WOMEN,Dresses,front,query,4806,This lady is wearing a sleeveless tank top with pure color patterns. The tank top is with cotton fabric and its neckline is suspenders. This lady wears a long trousers. The trousers are with cotton fabric and graphic patterns. There is an accessory in his her neck. The lady wears a ring.
WOMEN-Dresses-id_00003740-05_7_additional,id_00003740,WOMEN,Dresses,additional,query,4809,"The tank shirt the lady wears has no sleeves and its fabric is cotton. The pattern of it is solid color. The lady wears a long pants, with cotton fabric and graphic patterns. There is a ring on her finger. There is an accessory on her wrist."
WOMEN-Dresses-id_00003744-04_1_front,id_00003744,WOMEN,Dresses,front,query,4812,The female wears a short-sleeve shirt with graphic patterns and three-point pants. The shirt is with cotton fabric and it has a crew neckline. The pants are with cotton fabric and graphic patterns. The lady wears a ring. There is an accessory on her wrist.
WOMEN-Dresses-id_00003830-04_4_full,id_00003830,WOMEN,Dresses,full,query,4822,This female is wearing a tank tank shirt with solid color patterns. The tank shirt is with knitting fabric. It has a stand neckline. This female wears a three-point shorts. The shorts are with knitting fabric and pure color patterns. There is an accessory on her wrist. This female is wearing a ring on her finger.
WOMEN-Dresses-id_00003895-03_4_full,id_00003895,WOMEN,Dresses,full,query,4841,This lady wears a tank tank top with floral patterns and a three-point pants. The tank top is with cotton fabric. The neckline of the tank top is suspenders. The pants are with cotton fabric and floral patterns. There is an accessory on her wrist.
WOMEN-Dresses-id_00003912-03_2_side,id_00003912,WOMEN,Dresses,side,query,4844,This person wears a sleeveless tank top with graphic patterns. The tank top is with chiffon fabric. It has a suspenders neckline. This person wears a long trousers. The trousers are with chiffon fabric and graphic patterns. The lady has neckwear. There is an accessory on her wrist. This woman is wearing a ring on her finger.
WOMEN-Dresses-id_00003912-04_1_front,id_00003912,WOMEN,Dresses,front,query,4846,The lady wears a sleeveless tank shirt with graphic patterns. The tank shirt is with chiffon fabric. It has a suspenders neckline. The pants the lady wears is of long length. The pants are with chiffon fabric and graphic patterns. There is an accessory in his her neck. This person is wearing a ring on her finger. There is an accessory on her wrist.
WOMEN-Dresses-id_00003912-04_7_additional,id_00003912,WOMEN,Dresses,additional,query,4848,The female wears a sleeveless tank shirt with graphic patterns and a long trousers. The tank shirt is with chiffon fabric. The trousers are with chiffon fabric and graphic patterns. There is an accessory on her wrist. This woman is wearing a ring on her finger. The lady has neckwear.
WOMEN-Dresses-id_00004024-05_2_side,id_00004024,WOMEN,Dresses,side,query,4890,"The T-shirt the person wears has short sleeves and it is with cotton fabric and pure color patterns. The person wears a three-point shorts, with cotton fabric and pure color patterns. This person is wearing a ring on her finger."
WOMEN-Dresses-id_00004024-05_3_back,id_00004024,WOMEN,Dresses,back,query,4891,"The shirt this female wears has short sleeves and it is with cotton fabric and pure color patterns. This female wears a three-point shorts, with cotton fabric and solid color patterns. The female wears a ring."
WOMEN-Dresses-id_00004024-06_2_side,id_00004024,WOMEN,Dresses,side,query,4893,"The T-shirt the female wears has short sleeves and its fabric is cotton. The pattern of it is pure color. The female wears a three-point pants, with cotton fabric and solid color patterns. There is a ring on her finger."
WOMEN-Dresses-id_00004024-06_3_back,id_00004024,WOMEN,Dresses,back,query,4894,"The T-shirt this lady wears has short sleeves and it is with cotton fabric and solid color patterns. This lady wears a three-point shorts, with cotton fabric and solid color patterns. The person wears a ring."
WOMEN-Dresses-id_00004024-06_7_additional,id_00004024,WOMEN,Dresses,additional,query,4895,The person wears a short-sleeve T-shirt with solid color patterns and three-point shorts. The T-shirt is with cotton fabric and it has a round neckline. The shorts are with cotton fabric and pure color patterns. This woman wears a ring.
WOMEN-Dresses-id_00004049-03_3_back,id_00004049,WOMEN,Dresses,back,query,4901,The person wears a tank tank shirt with graphic patterns and a long pants. The tank shirt is with cotton fabric. The pants are with cotton fabric and graphic patterns.
WOMEN-Dresses-id_00004049-03_7_additional,id_00004049,WOMEN,Dresses,additional,query,4902,"The tank shirt this lady wears has sleeves cut off and it is with cotton fabric and graphic patterns. This lady wears a long trousers, with cotton fabric and graphic patterns."
WOMEN-Dresses-id_00004068-02_2_side,id_00004068,WOMEN,Dresses,side,query,4904,This person is wearing a sleeveless tank top with pure color patterns. The tank top is with cotton fabric. This person wears a three-point pants. The pants are with cotton fabric and solid color patterns. There is a ring on her finger. There is an accessory on her wrist. The person has neckwear.
WOMEN-Dresses-id_00004068-03_1_front,id_00004068,WOMEN,Dresses,front,query,4907,This woman wears a sleeveless tank top with pure color patterns and three-point pants. The tank top is with cotton fabric. The pants are with cotton fabric and pure color patterns. There is an accessory on her wrist. The lady wears a ring. There is an accessory in his her neck.
WOMEN-Dresses-id_00004079-05_4_full,id_00004079,WOMEN,Dresses,full,query,4910,"The tank top the female wears has sleeves cut off, its fabric is cotton, and it has pure color patterns. The tank top has a round neckline. The female wears a three-point pants, with cotton fabric and solid color patterns. The female wears a ring. There is an accessory on her wrist."
WOMEN-Dresses-id_00004079-06_4_full,id_00004079,WOMEN,Dresses,full,query,4911,This person wears a tank tank shirt with pure color patterns. The tank shirt is with cotton fabric. It has a round neckline. The pants this person wears is of three-point length. The pants are with cotton fabric and solid color patterns. The female wears a ring. There is an accessory on her wrist.
WOMEN-Dresses-id_00004079-08_4_full,id_00004079,WOMEN,Dresses,full,query,4913,The person is wearing a tank tank shirt with solid color patterns. The tank shirt is with cotton fabric. It has a round neckline. The person wears a three-point pants. The pants are with cotton fabric and solid color patterns. The female is wearing a ring on her finger. There is an accessory on her wrist.
WOMEN-Dresses-id_00004085-01_7_additional,id_00004085,WOMEN,Dresses,additional,query,4918,This woman wears a short-sleeve shirt with pure color patterns. The shirt is with chiffon fabric. The pants this woman wears is of long length. The pants are with chiffon fabric and solid color patterns. There is an accessory in his her neck. The person is wearing a ring on her finger.
WOMEN-Dresses-id_00004085-02_3_back,id_00004085,WOMEN,Dresses,back,query,4920,The female is wearing a short-sleeve T-shirt with solid color patterns. The T-shirt is with chiffon fabric. The trousers the female wears is of long length. The trousers are with chiffon fabric and solid color patterns. There is a ring on her finger. There is an accessory on her wrist. The female has neckwear.
WOMEN-Dresses-id_00004085-02_4_full,id_00004085,WOMEN,Dresses,full,query,4921,The person wears a short-sleeve shirt with solid color patterns. The shirt is with chiffon fabric. It has a round neckline. The person wears a long pants. The pants are with chiffon fabric and pure color patterns. There is a ring on her finger. There is an accessory on her wrist. There is an accessory in his her neck.
WOMEN-Dresses-id_00004091-06_4_full,id_00004091,WOMEN,Dresses,full,query,4923,"The upper clothing has sleeves cut off, cotton fabric and solid color patterns. The neckline of it is crew. The lower clothing is of three-point length. The fabric is cotton and it has solid color patterns. The person is wearing a belt."
WOMEN-Dresses-id_00004124-02_2_side,id_00004124,WOMEN,Dresses,side,query,4931,This female wears a sleeveless tank shirt with color block patterns. The tank shirt is with chiffon fabric. The trousers this female wears is of long length. The trousers are with chiffon fabric and color block patterns. This lady wears a ring.
WOMEN-Dresses-id_00004124-02_7_additional,id_00004124,WOMEN,Dresses,additional,query,4932,This female is wearing a tank tank top with color block patterns. The tank top is with chiffon fabric. The pants this female wears is of long length. The pants are with chiffon fabric and color block patterns.
WOMEN-Dresses-id_00004291-03_7_additional,id_00004291,WOMEN,Dresses,additional,query,4970,The lady wears a tank tank shirt with striped patterns. The tank shirt is with cotton fabric. The lady wears a long pants. The pants are with cotton fabric and stripe patterns.
WOMEN-Dresses-id_00004291-05_7_additional,id_00004291,WOMEN,Dresses,additional,query,4972,This female wears a tank tank top with stripe patterns. The tank top is with cotton fabric. This female wears a long trousers. The trousers are with cotton fabric and striped patterns.
WOMEN-Dresses-id_00004295-02_1_front,id_00004295,WOMEN,Dresses,front,query,4973,"Her tank shirt has no sleeves, cotton fabric and graphic patterns. It has a suspenders neckline. The trousers the person wears is of long length. The trousers are with cotton fabric and graphic patterns. There is an accessory on her wrist. The female has neckwear. There is a ring on her finger."
WOMEN-Dresses-id_00004295-02_7_additional,id_00004295,WOMEN,Dresses,additional,query,4975,"The tank shirt this lady wears has no sleeves and its fabric is cotton. The pattern of it is graphic. This lady wears a long trousers, with cotton fabric and graphic patterns. There is an accessory in his her neck. There is a ring on her finger. There is an accessory on her wrist."
WOMEN-Dresses-id_00004353-03_7_additional,id_00004353,WOMEN,Dresses,additional,query,4983,The person wears a tank tank top with solid color patterns and a three-quarter pants. The tank top is with chiffon fabric and its neckline is lapel. The pants are with chiffon fabric and solid color patterns. This woman wears a ring.
WOMEN-Dresses-id_00004353-04_1_front,id_00004353,WOMEN,Dresses,front,query,4984,This woman wears a tank tank shirt with solid color patterns and a three-quarter trousers. The tank shirt is with chiffon fabric. The neckline of the tank shirt is lapel. The trousers are with chiffon fabric and lattice patterns. There is an accessory on her wrist. This person wears a ring.
WOMEN-Dresses-id_00004353-04_3_back,id_00004353,WOMEN,Dresses,back,query,4985,This female is wearing a tank tank top with pure color patterns. The tank top is with chiffon fabric and its neckline is lapel. The trousers this female wears is of three-quarter length. The trousers are with chiffon fabric and pure color patterns.
WOMEN-Dresses-id_00004353-04_7_additional,id_00004353,WOMEN,Dresses,additional,query,4986,"Her tank shirt has no sleeves, chiffon fabric and pure color patterns. It has a lapel neckline. The lady wears a three-quarter trousers. The trousers are with chiffon fabric and plaid patterns. There is a ring on her finger."
WOMEN-Dresses-id_00004353-05_2_side,id_00004353,WOMEN,Dresses,side,query,4988,"Her tank top has no sleeves, chiffon fabric and pure color patterns. The neckline of it is lapel. This woman wears a three-quarter pants. The pants are with chiffon fabric and pure color patterns. There is a ring on her finger."
WOMEN-Dresses-id_00004354-02_2_side,id_00004354,WOMEN,Dresses,side,query,4992,"The tank shirt this person wears has no sleeves and it is with cotton fabric and graphic patterns. The neckline of the tank shirt is crew. This person wears a long pants, with cotton fabric and graphic patterns. There is an accessory on her wrist."
WOMEN-Dresses-id_00004354-02_7_additional,id_00004354,WOMEN,Dresses,additional,query,4993,This female wears a sleeveless tank top with graphic patterns. The tank top is with cotton fabric. This female wears a long pants. The pants are with cotton fabric and graphic patterns. There is an accessory on her wrist.
WOMEN-Dresses-id_00004360-01_7_additional,id_00004360,WOMEN,Dresses,additional,query,4996,"Her tank shirt has sleeves cut off, chiffon fabric and pure color patterns. The person wears a three-quarter pants. The pants are with chiffon fabric and pure color patterns. There is an accessory on her wrist."
WOMEN-Dresses-id_00004435-02_2_side,id_00004435,WOMEN,Dresses,side,query,5009,The lady is wearing a tank tank shirt with striped patterns. The tank shirt is with cotton fabric. It has a round neckline. The lady wears a short pants. The pants are with cotton fabric and stripe patterns. The lady is wearing a ring on her finger. There is an accessory on her wrist.
WOMEN-Dresses-id_00004435-02_7_additional,id_00004435,WOMEN,Dresses,additional,query,5010,The lady wears a sleeveless tank top with striped patterns. The tank top is with cotton fabric. The shorts the lady wears is of short length. The shorts are with cotton fabric and striped patterns. There is an accessory on her wrist.
WOMEN-Dresses-id_00004450-02_7_additional,id_00004450,WOMEN,Dresses,additional,query,5016,"The tank shirt this woman wears has sleeves cut off and it is with cotton fabric and floral patterns. This woman wears a long trousers, with cotton fabric and floral patterns. This female wears a ring."
WOMEN-Dresses-id_00004450-03_1_front,id_00004450,WOMEN,Dresses,front,query,5017,"Her tank top has sleeves cut off, cotton fabric and floral patterns. The person wears a long pants. The pants are with cotton fabric and floral patterns. There is a ring on her finger."
WOMEN-Dresses-id_00004450-03_7_additional,id_00004450,WOMEN,Dresses,additional,query,5019,"Her tank shirt has no sleeves, cotton fabric and floral patterns. The trousers the person wears is of long length. The trousers are with cotton fabric and floral patterns. This person is wearing a ring on her finger."
WOMEN-Dresses-id_00004453-03_4_full,id_00004453,WOMEN,Dresses,full,query,5020,"The sweater this person wears has long sleeves, its fabric is chiffon, and it has floral patterns. The sweater has a round neckline. This person wears a three-point pants, with chiffon fabric and floral patterns. There is an accessory in his her neck. The female wears a ring."
WOMEN-Dresses-id_00004467-02_4_full,id_00004467,WOMEN,Dresses,full,query,5027,The lady is wearing a tank tank top with solid color patterns. The tank top is with chiffon fabric. It has a suspenders neckline. The lady wears a three-point pants. The pants are with chiffon fabric and solid color patterns. The lady is wearing socks in shoes. This lady is wearing a hat. There is an accessory on her wrist. There is a ring on her finger.
WOMEN-Dresses-id_00004494-02_2_side,id_00004494,WOMEN,Dresses,side,query,5031,The female is wearing a short-sleeve T-shirt with floral patterns. The T-shirt is with cotton fabric. It has a crew neckline. The female wears a long pants. The pants are with cotton fabric and floral patterns. This lady has neckwear. There is an accessory on her wrist. The female wears a ring.
WOMEN-Dresses-id_00004496-05_1_front,id_00004496,WOMEN,Dresses,front,query,5036,This woman is wearing a tank tank shirt with pure color patterns. The tank shirt is with cotton fabric. This woman wears a three-quarter trousers. The trousers are with cotton fabric and solid color patterns. There is an accessory on her wrist. The female wears a ring.
WOMEN-Dresses-id_00004496-05_3_back,id_00004496,WOMEN,Dresses,back,query,5038,"Her tank top has sleeves cut off, cotton fabric and solid color patterns. This person wears a three-quarter pants. The pants are with cotton fabric and pure color patterns. There is a ring on her finger. There is an accessory on her wrist."
WOMEN-Dresses-id_00004496-05_4_full,id_00004496,WOMEN,Dresses,full,query,5039,"Her tank shirt has sleeves cut off, cotton fabric and solid color patterns. It has a crew neckline. This woman wears a three-quarter trousers. The trousers are with cotton fabric and pure color patterns. There is an accessory on her wrist. There is a ring on her finger."
WOMEN-Dresses-id_00004496-06_1_front,id_00004496,WOMEN,Dresses,front,query,5040,"The tank shirt the lady wears has no sleeves and its fabric is cotton. The pattern of it is solid color. The lady wears a three-quarter pants, with cotton fabric and pure color patterns. The female wears a ring. There is an accessory on her wrist."
WOMEN-Dresses-id_00004496-06_3_back,id_00004496,WOMEN,Dresses,back,query,5042,"The tank shirt this person wears has sleeves cut off and its fabric is cotton. The pattern of it is solid color. This person wears a three-quarter trousers, with cotton fabric and pure color patterns. There is a ring on her finger. There is an accessory on her wrist."
WOMEN-Dresses-id_00004496-06_4_full,id_00004496,WOMEN,Dresses,full,query,5043,"Her tank top has sleeves cut off, cotton fabric and pure color patterns. This person wears a three-quarter trousers. The trousers are with cotton fabric and pure color patterns. The female wears a ring. There is an accessory on her wrist."
WOMEN-Dresses-id_00004525-02_3_back,id_00004525,WOMEN,Dresses,back,query,5046,"Her tank top has sleeves cut off, cotton fabric and pure color patterns. The female wears a long pants. The pants are with cotton fabric and stripe patterns. There is an accessory in his her neck. There is a ring on her finger."
WOMEN-Dresses-id_00004525-02_7_additional,id_00004525,WOMEN,Dresses,additional,query,5048,"Her tank shirt has sleeves cut off, cotton fabric and solid color patterns. The trousers this female wears is of long length. The trousers are with cotton fabric and striped patterns. There is an accessory in his her neck. The female is wearing a ring on her finger."
WOMEN-Dresses-id_00004551-01_2_side,id_00004551,WOMEN,Dresses,side,query,5054,"The tank shirt the female wears has sleeves cut off and it is with cotton fabric and pure color patterns. The neckline of the tank shirt is suspenders. The female wears a three-point pants, with cotton fabric and plaid patterns. This person wears a ring."
WOMEN-Dresses-id_00004551-02_1_front,id_00004551,WOMEN,Dresses,front,query,5056,The female is wearing a sleeveless tank shirt with solid color patterns. The tank shirt is with cotton fabric and its neckline is suspenders. The shorts the female wears is of three-point length. The shorts are with cotton fabric and pure color patterns. The outer clothing is with cotton fabric and solid color patterns. This person is wearing a ring on her finger.
WOMEN-Dresses-id_00004563-02_4_full,id_00004563,WOMEN,Dresses,full,query,5060,This female wears a long-sleeve shirt with floral patterns and medium shorts. The shirt is with cotton fabric and it has a round neckline. The shorts are with cotton fabric and floral patterns. The outer clothing is with leather fabric and pure color patterns. This female wears a ring.
WOMEN-Dresses-id_00004605-04_2_side,id_00004605,WOMEN,Dresses,side,query,5077,The female wears a tank tank shirt with graphic patterns. The tank shirt is with cotton fabric. The trousers the female wears is of long length. The trousers are with cotton fabric and graphic patterns. This lady has neckwear. There is a ring on her finger.
WOMEN-Dresses-id_00004681-05_1_front,id_00004681,WOMEN,Dresses,front,query,5091,The female is wearing a sleeveless tank shirt with solid color patterns and a three-point pants. The tank shirt is with chiffon fabric and its neckline is suspenders. The pants are with chiffon fabric and solid color patterns. There is an accessory on her wrist. This person is wearing a ring on her finger.
WOMEN-Dresses-id_00004700-02_7_additional,id_00004700,WOMEN,Dresses,additional,query,5099,This lady is wearing a tank tank top with graphic patterns. The tank top is with chiffon fabric and its neckline is v-shape. This lady wears a medium pants. The pants are with chiffon fabric and graphic patterns. There is an accessory in his her neck. There is an accessory on her wrist. There is a ring on her finger.
WOMEN-Dresses-id_00004758-01_3_back,id_00004758,WOMEN,Dresses,back,query,5107,This lady is wearing a short-sleeve T-shirt with solid color patterns and a long pants. The T-shirt is with cotton fabric. The pants are with cotton fabric and solid color patterns. The lady is wearing a ring on her finger. There is an accessory on her wrist.
WOMEN-Dresses-id_00004796-04_7_additional,id_00004796,WOMEN,Dresses,additional,query,5111,The person is wearing a long-sleeve sweater with pure color patterns. The sweater is with cotton fabric. It has a crew neckline. The person wears a three-point pants. The pants are with cotton fabric and pure color patterns. The outer clothing the person wears is with furry fabric and pure color patterns. There is an accessory on her wrist. There is a ring on her finger. The female has neckwear.
WOMEN-Dresses-id_00004796-05_1_front,id_00004796,WOMEN,Dresses,front,query,5112,"The upper clothing has long sleeves, cotton fabric and solid color patterns. It has a round neckline. The lower clothing is of three-point length. The fabric is cotton and it has pure color patterns. The outer clothing the lady wears is with furry fabric and pure color patterns. There is an accessory on her wrist. The person has neckwear. This person is wearing a ring on her finger."
WOMEN-Dresses-id_00004796-07_7_additional,id_00004796,WOMEN,Dresses,additional,query,5114,"The sweater the person wears has long sleeves and it is with cotton fabric and pure color patterns. The neckline of the sweater is round. The person wears a three-point pants, with cotton fabric and pure color patterns. This female also wears an outer clothing, with furry fabric and pure color patterns. This woman wears a ring. There is an accessory in his her neck. There is an accessory on her wrist."
WOMEN-Dresses-id_00004833-05_4_full,id_00004833,WOMEN,Dresses,full,query,5134,"The tank shirt this person wears has no sleeves, its fabric is cotton, and it has solid color patterns. The tank shirt has a round neckline. This person wears a three-point pants, with cotton fabric and solid color patterns. There is an accessory in his her neck. There is an accessory on her wrist."
WOMEN-Dresses-id_00004834-01_2_side,id_00004834,WOMEN,Dresses,side,query,5135,The female wears a tank tank shirt with stripe patterns. The tank shirt is with cotton fabric. The female wears a long pants. The pants are with cotton fabric and striped patterns. The lady wears a ring.
WOMEN-Dresses-id_00004841-03_1_front,id_00004841,WOMEN,Dresses,front,query,5139,The person wears a sleeveless tank shirt with solid color patterns and a long trousers. The tank shirt is with chiffon fabric. The neckline of the tank shirt is v-shape. The trousers are with chiffon fabric and solid color patterns. There is an accessory on her wrist. This person wears a ring. This female has neckwear.
WOMEN-Dresses-id_00004841-03_7_additional,id_00004841,WOMEN,Dresses,additional,query,5140,This female wears a tank tank shirt with solid color patterns and long pants. The tank shirt is with chiffon fabric. The pants are with chiffon fabric and solid color patterns. The person wears a ring. There is an accessory on her wrist.
WOMEN-Dresses-id_00004884-02_2_side,id_00004884,WOMEN,Dresses,side,query,5148,This lady wears a tank tank top with graphic patterns and a long trousers. The tank top is with cotton fabric. The trousers are with cotton fabric and graphic patterns. There is an accessory on her wrist. This woman wears a ring. There is an accessory in his her neck.
WOMEN-Dresses-id_00004884-03_2_side,id_00004884,WOMEN,Dresses,side,query,5151,The lady is wearing a tank tank top with graphic patterns and a long pants. The tank top is with cotton fabric and its neckline is v-shape. The pants are with cotton fabric and graphic patterns. There is an accessory on her wrist. The lady wears a hat. There is an accessory in his her neck.
WOMEN-Dresses-id_00004884-03_3_back,id_00004884,WOMEN,Dresses,back,query,5152,This woman is wearing a tank tank shirt with graphic patterns and a long pants. The tank shirt is with cotton fabric. The pants are with cotton fabric and graphic patterns. This female has neckwear. There is an accessory on her wrist.
WOMEN-Dresses-id_00004919-05_1_front,id_00004919,WOMEN,Dresses,front,query,5164,This female wears a tank tank top with pure color patterns and a three-quarter pants. The tank top is with cotton fabric and its neckline is suspenders. The pants are with chiffon fabric and lattice patterns. There is an accessory in his her neck. This female wears a hat. The person is wearing a ring on her finger.
WOMEN-Dresses-id_00004919-05_2_side,id_00004919,WOMEN,Dresses,side,query,5165,"The tank top the lady wears has no sleeves and it is with cotton fabric and pure color patterns. The neckline of the tank top is suspenders. The lady wears a three-quarter pants, with chiffon fabric and pure color patterns. The lady wears a ring. This lady has neckwear."
WOMEN-Dresses-id_00004962-01_4_full,id_00004962,WOMEN,Dresses,full,query,5175,"The sweater the lady wears has long sleeves and its fabric is cotton. The pattern of it is floral. It has a suspenders neckline. The lady wears a short pants, with cotton fabric and floral patterns. The outer clothing is with knitting fabric and solid color patterns. There is a hat in her head. The female has neckwear. The lady is wearing socks in shoes."
WOMEN-Dresses-id_00004967-01_1_front,id_00004967,WOMEN,Dresses,front,query,5176,"Her T-shirt has short sleeves, cotton fabric and pure color patterns. It has a round neckline. This woman wears a three-point pants. The pants are with cotton fabric and solid color patterns. This lady wears leggings. The lady is wearing a hat."
WOMEN-Dresses-id_00004984-05_7_additional,id_00004984,WOMEN,Dresses,additional,query,5181,"The upper clothing has sleeves cut off, cotton fabric and pure color patterns. The lower clothing is of short length. The fabric is cotton and it has pure color patterns. This lady is wearing a ring on her finger."
WOMEN-Dresses-id_00004984-06_1_front,id_00004984,WOMEN,Dresses,front,query,5182,This person wears a sleeveless tank shirt with solid color patterns. The tank shirt is with cotton fabric. It has a crew neckline. The pants this person wears is of short length. The pants are with cotton fabric and pure color patterns. This person wears a ring.
WOMEN-Dresses-id_00004984-06_7_additional,id_00004984,WOMEN,Dresses,additional,query,5184,This person wears a sleeveless tank top with solid color patterns. The tank top is with cotton fabric. The shorts this person wears is of medium length. The shorts are with cotton fabric and solid color patterns. The female is wearing a ring on her finger.
WOMEN-Dresses-id_00004984-10_1_front,id_00004984,WOMEN,Dresses,front,query,5185,"The tank top the person wears has sleeves cut off, its fabric is cotton, and it has pure color patterns. The tank top has a crew neckline. The person wears a three-quarter trousers, with cotton fabric and pure color patterns. The female is wearing a ring on her finger."
WOMEN-Dresses-id_00004984-11_7_additional,id_00004984,WOMEN,Dresses,additional,query,5189,This woman wears a tank tank shirt with solid color patterns and a three-quarter pants. The tank shirt is with cotton fabric. The pants are with cotton fabric and solid color patterns. The female wears a ring.
WOMEN-Dresses-id_00004984-12_1_front,id_00004984,WOMEN,Dresses,front,query,5190,This woman is wearing a tank tank shirt with pure color patterns. The tank shirt is with cotton fabric and its neckline is round. The pants this woman wears is of three-quarter length. The pants are with cotton fabric and solid color patterns. This woman is wearing a ring on her finger.
WOMEN-Dresses-id_00004984-12_2_side,id_00004984,WOMEN,Dresses,side,query,5191,This lady is wearing a sleeveless tank top with solid color patterns and a three-quarter trousers. The tank top is with cotton fabric. The trousers are with cotton fabric and solid color patterns. There is a ring on her finger.
WOMEN-Dresses-id_00005002-05_4_full,id_00005002,WOMEN,Dresses,full,query,5196,This lady is wearing a long-sleeve shirt with graphic patterns and a three-point shorts. The shirt is with cotton fabric and its neckline is crew. The shorts are with cotton fabric and graphic patterns. There is a hat in her head. There is an accessory on her wrist. There is a ring on her finger. There is an accessory in his her neck.
WOMEN-Dresses-id_00005002-06_4_full,id_00005002,WOMEN,Dresses,full,query,5197,This person is wearing a long-sleeve sweater with graphic patterns. The sweater is with cotton fabric and its neckline is crew. This person wears a three-point shorts. The shorts are with cotton fabric and graphic patterns. This lady has neckwear. The female wears a ring. There is an accessory on her wrist.
WOMEN-Dresses-id_00005052-01_2_side,id_00005052,WOMEN,Dresses,side,query,5211,"The upper clothing has long sleeves, cotton fabric and floral patterns. It has a v-shape neckline. The lower clothing is of long length. The fabric is cotton and it has floral patterns. There is an accessory in his her neck. The person wears a ring."
WOMEN-Dresses-id_00005054-06_4_full,id_00005054,WOMEN,Dresses,full,query,5216,The female is wearing a sleeveless tank shirt with graphic patterns and a three-point pants. The tank shirt is with cotton fabric. The neckline of the tank shirt is crew. The pants are with cotton fabric and graphic patterns. The person has neckwear. There is an accessory on her wrist. The person is wearing a ring on her finger.
WOMEN-Dresses-id_00005054-07_4_full,id_00005054,WOMEN,Dresses,full,query,5217,The lady wears a tank tank shirt with graphic patterns. The tank shirt is with cotton fabric. It has a round neckline. The shorts the lady wears is of three-point length. The shorts are with cotton fabric and graphic patterns. There is an accessory on her wrist. This female has neckwear. There is a ring on her finger.
WOMEN-Dresses-id_00005080-02_1_front,id_00005080,WOMEN,Dresses,front,query,5222,"The upper clothing has no sleeves, cotton fabric and floral patterns. The neckline of it is v-shape. The lower clothing is of long length. The fabric is cotton and it has floral patterns. The female is wearing a ring on her finger."
WOMEN-Dresses-id_00005080-02_7_additional,id_00005080,WOMEN,Dresses,additional,query,5224,"Her tank shirt has no sleeves, cotton fabric and floral patterns. This female wears a long trousers. The trousers are with cotton fabric and floral patterns. There is a ring on her finger."
WOMEN-Dresses-id_00005081-01_4_full,id_00005081,WOMEN,Dresses,full,query,5226,"Her tank shirt has no sleeves, chiffon fabric and pure color patterns. The neckline of it is crew. The lady wears a long trousers. The trousers are with chiffon fabric and pure color patterns. This female is wearing a ring on her finger. There is an accessory on her wrist."
WOMEN-Dresses-id_00005081-01_7_additional,id_00005081,WOMEN,Dresses,additional,query,5227,"The upper clothing has sleeves cut off, chiffon fabric and pure color patterns. The lower clothing is of long length. The fabric is chiffon and it has pure color patterns. There is a ring on her finger. There is an accessory on her wrist."
WOMEN-Dresses-id_00005114-01_1_front,id_00005114,WOMEN,Dresses,front,query,5237,The person is wearing a sleeveless tank top with pure color patterns. The tank top is with chiffon fabric and its neckline is v-shape. The trousers the person wears is of long length. The trousers are with chiffon fabric and pure color patterns. There is a ring on her finger.
WOMEN-Dresses-id_00005120-05_3_back,id_00005120,WOMEN,Dresses,back,query,5242,"Her tank shirt has no sleeves, cotton fabric and pure color patterns. This woman wears a long trousers. The trousers are with cotton fabric and solid color patterns. This female wears a belt. This woman is wearing a ring on her finger. The female has neckwear."
WOMEN-Dresses-id_00005120-05_4_full,id_00005120,WOMEN,Dresses,full,query,5243,"The upper clothing has no sleeves, cotton fabric and solid color patterns. It has a round neckline. The lower clothing is of long length. The fabric is cotton and it has solid color patterns. The female wears a ring. This lady has neckwear. There is a belt on her waist."
WOMEN-Dresses-id_00005129-01_2_side,id_00005129,WOMEN,Dresses,side,query,5245,This woman is wearing a long-sleeve shirt with other patterns and a three-quarter pants. The shirt is with cotton fabric. The pants are with cotton fabric and complicated patterns. The lady is wearing a pair of socks. There is a ring on her finger.
WOMEN-Dresses-id_00005129-01_7_additional,id_00005129,WOMEN,Dresses,additional,query,5246,This woman wears a long-sleeve sweater with other patterns and three-quarter pants. The sweater is with cotton fabric. The pants are with cotton fabric and other patterns. This person has neckwear. The female is wearing a pair of socks. This female is wearing a ring on her finger.
WOMEN-Dresses-id_00005192-02_1_front,id_00005192,WOMEN,Dresses,front,query,5263,"Her shirt has long sleeves, chiffon fabric and graphic patterns. The neckline of it is square. This lady wears a three-point shorts. The shorts are with chiffon fabric and graphic patterns. This lady wears a ring. There is an accessory on her wrist. This lady has neckwear."
WOMEN-Dresses-id_00005192-02_4_full,id_00005192,WOMEN,Dresses,full,query,5266,"The shirt this person wears has long sleeves and it is with chiffon fabric and solid color patterns. This person wears a three-point shorts, with chiffon fabric and pure color patterns. The lady has neckwear. There is an accessory on her wrist. The person is wearing a ring on her finger."
WOMEN-Dresses-id_00005197-01_7_additional,id_00005197,WOMEN,Dresses,additional,query,5270,"The tank top the person wears has sleeves cut off and its fabric is cotton. The pattern of it is lattice. The person wears a three-quarter pants, with cotton fabric and lattice patterns. There is an accessory on her wrist. There is a ring on her finger."
WOMEN-Dresses-id_00005197-02_3_back,id_00005197,WOMEN,Dresses,back,query,5272,This female wears a tank tank top with lattice patterns. The tank top is with cotton fabric. The trousers this female wears is of three-quarter length. The trousers are with cotton fabric and lattice patterns. There is an accessory on her wrist. This woman is wearing a ring on her finger. This female is wearing a hat.
WOMEN-Dresses-id_00005197-02_7_additional,id_00005197,WOMEN,Dresses,additional,query,5273,This person is wearing a tank tank top with lattice patterns. The tank top is with cotton fabric. This person wears a three-quarter pants. The pants are with cotton fabric and lattice patterns. There is a hat in her head. There is a ring on her finger. There is an accessory on her wrist.
WOMEN-Dresses-id_00005225-03_7_additional,id_00005225,WOMEN,Dresses,additional,query,5281,"Her tank top has no sleeves, cotton fabric and graphic patterns. This female wears a long pants. The pants are with cotton fabric and graphic patterns. There is an accessory on her wrist. This person has neckwear. This woman wears a ring."
WOMEN-Dresses-id_00005243-01_2_side,id_00005243,WOMEN,Dresses,side,query,5284,"The tank top the female wears has no sleeves and its fabric is chiffon. The pattern of it is graphic. The female wears a long trousers, with chiffon fabric and graphic patterns. There is an accessory on her wrist. There is a ring on her finger."
WOMEN-Dresses-id_00005243-01_4_full,id_00005243,WOMEN,Dresses,full,query,5286,The female wears a sleeveless tank shirt with graphic patterns and a long pants. The tank shirt is with chiffon fabric. The pants are with chiffon fabric and graphic patterns. There is an accessory on her wrist. There is a ring on her finger.
WOMEN-Dresses-id_00005309-01_1_front,id_00005309,WOMEN,Dresses,front,query,5309,"Her tank shirt has sleeves cut off, chiffon fabric and color block patterns. It has a crew neckline. The female wears a three-point shorts. The shorts are with chiffon fabric and pure color patterns. This woman wears a ring."
WOMEN-Dresses-id_00005309-01_7_additional,id_00005309,WOMEN,Dresses,additional,query,5311,"Her tank shirt has no sleeves, chiffon fabric and pure color patterns. The pants this lady wears is of three-point length. The pants are with chiffon fabric and pure color patterns. This person is wearing a ring on her finger."
WOMEN-Dresses-id_00005398-02_7_additional,id_00005398,WOMEN,Dresses,additional,query,5329,"The tank top this lady wears has sleeves cut off and it is with cotton fabric and graphic patterns. The neckline of the tank top is suspenders. This lady wears a three-point shorts, with cotton fabric and graphic patterns. There is an accessory on her wrist. There is an accessory in his her neck."
WOMEN-Dresses-id_00005415-03_1_front,id_00005415,WOMEN,Dresses,front,query,5344,The person wears a sleeveless tank top with pure color patterns. The tank top is with chiffon fabric. It has a crew neckline. The person wears a three-point pants. The pants are with chiffon fabric and pure color patterns. There is an accessory in his her neck. This woman is wearing a hat. There is a ring on her finger.
WOMEN-Dresses-id_00005464-02_7_additional,id_00005464,WOMEN,Dresses,additional,query,5359,"The sweater this person wears has long sleeves and it is with chiffon fabric and graphic patterns. The neckline of the sweater is v-shape. This person wears a three-point shorts, with chiffon fabric and graphic patterns. This woman is wearing a hat. This woman wears a pair of socks. This person wears a belt."
WOMEN-Dresses-id_00005494-02_3_back,id_00005494,WOMEN,Dresses,back,query,5369,"The upper clothing has sleeves cut off, cotton fabric and graphic patterns. The lower clothing is of three-point length. The fabric is cotton and it has graphic patterns. There is an accessory on her wrist. This woman has neckwear. This woman is wearing a ring on her finger."
WOMEN-Dresses-id_00005512-07_4_full,id_00005512,WOMEN,Dresses,full,query,5377,This person wears a long-sleeve sweater with graphic patterns. The sweater is with cotton fabric. It has a crew neckline. This person wears a three-point shorts. The shorts are with cotton fabric and graphic patterns. The lady wears a pair of socks. This person has neckwear. There is an accessory on her wrist. This woman is wearing a ring on her finger. The person is wearing a hat.
WOMEN-Dresses-id_00005512-09_7_additional,id_00005512,WOMEN,Dresses,additional,query,5379,This female wears a long-sleeve sweater with graphic patterns and a three-point shorts. The sweater is with cotton fabric. The neckline of the sweater is crew. The shorts are with cotton fabric and graphic patterns. The outer clothing this person wears is with furry fabric and solid color patterns. There is an accessory on her wrist. The person has neckwear. There is a ring on her finger. This woman is wearing a hat. The female wears a pair of socks.
WOMEN-Dresses-id_00005527-02_7_additional,id_00005527,WOMEN,Dresses,additional,query,5383,The female is wearing a tank tank shirt with graphic patterns and a long pants. The tank shirt is with chiffon fabric. The neckline of the tank shirt is suspenders. The pants are with chiffon fabric and graphic patterns. This female wears a ring. There is an accessory on her wrist. This female has neckwear. The female wears a belt.
WOMEN-Dresses-id_00005537-05_4_full,id_00005537,WOMEN,Dresses,full,query,5386,"Her shirt has short sleeves, cotton fabric and floral patterns. The neckline of it is round. The female wears a three-point shorts. The shorts are with cotton fabric and floral patterns. The lady wears a ring. There is a hat in her head."
WOMEN-Dresses-id_00005686-02_4_full,id_00005686,WOMEN,Dresses,full,query,5421,This lady is wearing a short-sleeve T-shirt with solid color patterns. The T-shirt is with cotton fabric. It has a crew neckline. The pants this lady wears is of three-point length. The pants are with cotton fabric and pure color patterns. This woman wears a ring. There is an accessory on her wrist.
WOMEN-Dresses-id_00005701-03_4_full,id_00005701,WOMEN,Dresses,full,query,5426,"The tank top this woman wears has no sleeves, its fabric is cotton, and it has pure color patterns. The tank top has a crew neckline. This woman wears a long trousers, with chiffon fabric and striped patterns. This person wears a ring. This lady has neckwear. There is an accessory on her wrist."
WOMEN-Dresses-id_00005701-04_1_front,id_00005701,WOMEN,Dresses,front,query,5427,The female is wearing a tank tank shirt with solid color patterns. The tank shirt is with cotton fabric and its neckline is round. The female wears a long pants. The pants are with chiffon fabric and stripe patterns. There is an accessory in his her neck. There is an accessory on her wrist. There is a ring on her finger.
WOMEN-Dresses-id_00005701-04_3_back,id_00005701,WOMEN,Dresses,back,query,5429,"The tank top the female wears has sleeves cut off and its fabric is cotton. The pattern of it is solid color. The female wears a long trousers, with chiffon fabric and striped patterns. There is an accessory in his her neck. There is an accessory on her wrist. There is a ring on her finger."
WOMEN-Dresses-id_00005701-04_4_full,id_00005701,WOMEN,Dresses,full,query,5430,"Her tank top has no sleeves, cotton fabric and solid color patterns. The female wears a long trousers. The trousers are with chiffon fabric and striped patterns. There is an accessory on her wrist. The female has neckwear."
WOMEN-Dresses-id_00005718-01_3_back,id_00005718,WOMEN,Dresses,back,query,5437,This woman is wearing a tank tank shirt with pure color patterns and a long trousers. The tank shirt is with chiffon fabric. The trousers are with chiffon fabric and solid color patterns. There is an accessory on her wrist.
WOMEN-Dresses-id_00005732-04_4_full,id_00005732,WOMEN,Dresses,full,query,5441,The female is wearing a tank tank shirt with graphic patterns. The tank shirt is with cotton fabric and its neckline is crew. The female wears a three-point pants. The pants are with cotton fabric and graphic patterns. The lady wears a ring. This lady wears sunglasses. There is an accessory on her wrist.
WOMEN-Dresses-id_00005746-05_1_front,id_00005746,WOMEN,Dresses,front,query,5449,This woman wears a tank tank shirt with stripe patterns. The tank shirt is with cotton fabric. It has a round neckline. The pants this woman wears is of long length. The pants are with cotton fabric and stripe patterns. There is an accessory on her wrist. This woman has neckwear. The female wears a ring.
WOMEN-Dresses-id_00005746-05_2_side,id_00005746,WOMEN,Dresses,side,query,5450,"The tank top this woman wears has sleeves cut off and its fabric is cotton. The pattern of it is stripe. This woman wears a long pants, with cotton fabric and striped patterns. There is an accessory in his her neck. The female is wearing a ring on her finger."
WOMEN-Dresses-id_00005746-06_1_front,id_00005746,WOMEN,Dresses,front,query,5452,This lady is wearing a sleeveless tank top with striped patterns. The tank top is with cotton fabric and its neckline is round. The pants this lady wears is of long length. The pants are with cotton fabric and stripe patterns. There is a ring on her finger. There is an accessory on her wrist. This female has neckwear.
WOMEN-Dresses-id_00005746-06_2_side,id_00005746,WOMEN,Dresses,side,query,5453,"Her tank shirt has sleeves cut off, cotton fabric and striped patterns. It has a round neckline. This person wears a long pants. The pants are with cotton fabric and stripe patterns. The female is wearing a ring on her finger. There is an accessory in his her neck. There is an accessory on her wrist."
WOMEN-Dresses-id_00005746-06_7_additional,id_00005746,WOMEN,Dresses,additional,query,5454,This woman is wearing a tank tank top with striped patterns. The tank top is with cotton fabric. This woman wears a long trousers. The trousers are with cotton fabric and striped patterns. There is an accessory in his her neck.
WOMEN-Dresses-id_00005748-01_7_additional,id_00005748,WOMEN,Dresses,additional,query,5456,"The shirt the person wears has short sleeves and its fabric is cotton. The pattern of it is solid color. The person wears a medium shorts, with cotton fabric and pure color patterns. There is a ring on her finger."
WOMEN-Dresses-id_00005768-02_7_additional,id_00005768,WOMEN,Dresses,additional,query,5461,The person is wearing a sleeveless tank shirt with solid color patterns. The tank shirt is with cotton fabric. It has a round neckline. The shorts the person wears is of three-point length. The shorts are with cotton fabric and pure color patterns. The outer clothing is with furry fabric and solid color patterns.
WOMEN-Dresses-id_00005768-05_7_additional,id_00005768,WOMEN,Dresses,additional,query,5464,The lady is wearing a tank tank shirt with solid color patterns. The tank shirt is with cotton fabric. It has a crew neckline. The shorts the lady wears is of three-point length. The shorts are with cotton fabric and solid color patterns.
WOMEN-Dresses-id_00005768-06_4_full,id_00005768,WOMEN,Dresses,full,query,5465,"The shirt this person wears has medium sleeves and its fabric is cotton. The pattern of it is pure color. It has a round neckline. This person wears a three-point pants, with cotton fabric and solid color patterns. The outer clothing this person wears is with cotton fabric and pure color patterns. This lady has neckwear. This woman wears a pair of socks. The lady wears a ring."
WOMEN-Dresses-id_00005768-09_1_front,id_00005768,WOMEN,Dresses,front,query,5467,"The upper clothing has sleeves cut off, cotton fabric and solid color patterns. The neckline of it is crew. The lower clothing is of three-point length. The fabric is cotton and it has solid color patterns."
WOMEN-Dresses-id_00005768-10_7_additional,id_00005768,WOMEN,Dresses,additional,query,5468,This female is wearing a long-sleeve sweater with pure color patterns. The sweater is with cotton fabric. It has a crew neckline. The shorts this female wears is of three-point length. The shorts are with cotton fabric and pure color patterns. The outer clothing this female wears is with knitting fabric and solid color patterns. This woman has neckwear. There is a ring on her finger. This woman is wearing a pair of socks.
WOMEN-Dresses-id_00005768-11_7_additional,id_00005768,WOMEN,Dresses,additional,query,5469,"Her tank shirt has no sleeves, cotton fabric and solid color patterns. The neckline of it is crew. The pants this woman wears is of three-point length. The pants are with cotton fabric and solid color patterns. The outer clothing the female wears is with knitting fabric and solid color patterns. There is an accessory in his her neck. This woman wears a ring. This female wears socks in shoes."
WOMEN-Dresses-id_00005768-13_1_front,id_00005768,WOMEN,Dresses,front,query,5471,The female is wearing a medium-sleeve shirt with pure color patterns and a three-point shorts. The shirt is with cotton fabric and its neckline is crew. The shorts are with cotton fabric and solid color patterns. The outer clothing is with knitting fabric and pure color patterns. There is a ring on her finger. There is an accessory in his her neck. This woman is wearing socks in shoes.
WOMEN-Dresses-id_00005768-15_7_additional,id_00005768,WOMEN,Dresses,additional,query,5472,"Her shirt has long sleeves, cotton fabric and solid color patterns. The neckline of it is crew. The pants the female wears is of three-point length. The pants are with cotton fabric and pure color patterns. The outer clothing this female wears is with knitting fabric and solid color patterns. The person wears socks in shoes."
WOMEN-Dresses-id_00005768-17_7_additional,id_00005768,WOMEN,Dresses,additional,query,5474,This person is wearing a sleeveless tank shirt with solid color patterns and a three-point shorts. The tank shirt is with cotton fabric. The neckline of the tank shirt is crew. The shorts are with cotton fabric and pure color patterns. The outer clothing this woman wears is with knitting fabric and solid color patterns. This woman wears socks in shoes.
WOMEN-Dresses-id_00005768-21_4_full,id_00005768,WOMEN,Dresses,full,query,5477,"The upper clothing has long sleeves, cotton fabric and solid color patterns. The neckline of it is crew. The lower clothing is of three-point length. The fabric is cotton and it has solid color patterns. The outer clothing this lady wears is with knitting fabric and solid color patterns. There is a ring on her finger. This person wears a pair of socks. There is an accessory in his her neck."
WOMEN-Dresses-id_00005768-23_4_full,id_00005768,WOMEN,Dresses,full,query,5478,The person is wearing a sleeveless tank top with solid color patterns and a three-point pants. The tank top is with cotton fabric. The neckline of the tank top is crew. The pants are with cotton fabric and solid color patterns. There is clothing on her waist. There is a ring on her finger.
WOMEN-Dresses-id_00005773-05_1_front,id_00005773,WOMEN,Dresses,front,query,5479,This female wears a tank tank top with striped patterns and a long trousers. The tank top is with cotton fabric. The neckline of the tank top is suspenders. The trousers are with cotton fabric and stripe patterns. The lady has neckwear. There is an accessory on her wrist. There is a ring on her finger.
WOMEN-Dresses-id_00005773-06_2_side,id_00005773,WOMEN,Dresses,side,query,5484,"The tank shirt the female wears has sleeves cut off and it is with cotton fabric and stripe patterns. The female wears a long trousers, with cotton fabric and striped patterns. There is an accessory on her wrist. The female is wearing a ring on her finger. There is an accessory in his her neck."
WOMEN-Dresses-id_00005773-06_4_full,id_00005773,WOMEN,Dresses,full,query,5485,This person wears a tank tank top with striped patterns. The tank top is with cotton fabric. This person wears a long pants. The pants are with cotton fabric and striped patterns. The lady wears a ring. There is an accessory on her wrist. The female has neckwear.
WOMEN-Dresses-id_00005783-05_4_full,id_00005783,WOMEN,Dresses,full,query,5490,The person wears a tank tank shirt with pure color patterns and a three-point shorts. The tank shirt is with cotton fabric and its neckline is suspenders. The shorts are with cotton fabric and solid color patterns. The lady is wearing a ring on her finger. There is an accessory on her wrist.
WOMEN-Dresses-id_00005830-05_2_side,id_00005830,WOMEN,Dresses,side,query,5509,This female is wearing a tank tank top with stripe patterns and a long trousers. The tank top is with cotton fabric. The trousers are with cotton fabric and stripe patterns.
WOMEN-Dresses-id_00005830-06_7_additional,id_00005830,WOMEN,Dresses,additional,query,5512,"Her tank top has sleeves cut off, cotton fabric and striped patterns. This lady wears a long pants. The pants are with cotton fabric and stripe patterns."
WOMEN-Dresses-id_00005830-07_1_front,id_00005830,WOMEN,Dresses,front,query,5513,"The tank top this woman wears has sleeves cut off and its fabric is cotton. The pattern of it is stripe. It has a suspenders neckline. This woman wears a long pants, with cotton fabric and striped patterns."
WOMEN-Dresses-id_00005830-07_7_additional,id_00005830,WOMEN,Dresses,additional,query,5515,This lady wears a tank tank top with striped patterns. The tank top is with cotton fabric. This lady wears a long pants. The pants are with cotton fabric and striped patterns.
WOMEN-Dresses-id_00005852-01_1_front,id_00005852,WOMEN,Dresses,front,query,5534,"Her tank shirt has sleeves cut off, cotton fabric and pure color patterns. The trousers the lady wears is of three-quarter length. The trousers are with cotton fabric and pure color patterns. This female is wearing a ring on her finger. There is an accessory on her wrist. This woman is wearing socks in shoes."
WOMEN-Dresses-id_00005852-01_7_additional,id_00005852,WOMEN,Dresses,additional,query,5536,This female is wearing a sleeveless tank top with pure color patterns. The tank top is with cotton fabric and its neckline is crew. This female wears a three-quarter trousers. The trousers are with cotton fabric and pure color patterns. The person is wearing a pair of socks. The lady wears a ring. There is an accessory on her wrist.
WOMEN-Dresses-id_00005900-02_2_side,id_00005900,WOMEN,Dresses,side,query,5553,The lady wears a tank tank top with graphic patterns. The tank top is with cotton fabric. The shorts the lady wears is of short length. The shorts are with cotton fabric and graphic patterns. There is an accessory on her wrist. This person wears a ring.
WOMEN-Dresses-id_00005900-02_7_additional,id_00005900,WOMEN,Dresses,additional,query,5554,The lady is wearing a tank tank top with graphic patterns and a short pants. The tank top is with cotton fabric. The pants are with cotton fabric and graphic patterns. There is a ring on her finger. There is an accessory on her wrist.
WOMEN-Dresses-id_00005907-01_2_side,id_00005907,WOMEN,Dresses,side,query,5556,The female wears a short-sleeve shirt with pure color patterns and a long trousers. The shirt is with cotton fabric. The trousers are with cotton fabric and solid color patterns.
WOMEN-Dresses-id_00005927-01_3_back,id_00005927,WOMEN,Dresses,back,query,5560,This female wears a sleeveless tank top with graphic patterns. The tank top is with chiffon fabric. The trousers this female wears is of long length. The trousers are with chiffon fabric and graphic patterns. There is an accessory on her wrist. There is an accessory in his her neck. There is a ring on her finger.
WOMEN-Dresses-id_00005927-01_7_additional,id_00005927,WOMEN,Dresses,additional,query,5561,"Her tank top has no sleeves, chiffon fabric and graphic patterns. The neckline of it is round. This female wears a long pants. The pants are with chiffon fabric and graphic patterns. There is an accessory on her wrist. There is a ring on her finger. This person has neckwear."
WOMEN-Dresses-id_00005927-02_1_front,id_00005927,WOMEN,Dresses,front,query,5562,The person is wearing a tank tank top with graphic patterns. The tank top is with chiffon fabric. It has a crew neckline. The trousers the person wears is of long length. The trousers are with chiffon fabric and graphic patterns. There is an accessory on her wrist. This lady wears a ring.
WOMEN-Dresses-id_00005927-02_7_additional,id_00005927,WOMEN,Dresses,additional,query,5565,"Her tank top has sleeves cut off, chiffon fabric and graphic patterns. The neckline of it is crew. The pants this woman wears is of long length. The pants are with chiffon fabric and graphic patterns. There is an accessory on her wrist. This woman wears a ring."
WOMEN-Dresses-id_00005960-03_3_back,id_00005960,WOMEN,Dresses,back,query,5578,This lady wears a tank tank shirt with graphic patterns and a long trousers. The tank shirt is with cotton fabric. The trousers are with cotton fabric and graphic patterns. This person has neckwear. There is an accessory on her wrist.
WOMEN-Dresses-id_00005960-03_7_additional,id_00005960,WOMEN,Dresses,additional,query,5579,The female is wearing a sleeveless tank shirt with graphic patterns. The tank shirt is with cotton fabric. The female wears a long trousers. The trousers are with cotton fabric and graphic patterns. There is an accessory in his her neck. This female wears a ring. There is an accessory on her wrist.
WOMEN-Dresses-id_00005965-04_2_side,id_00005965,WOMEN,Dresses,side,query,5582,The female is wearing a sleeveless tank shirt with solid color patterns and a three-point shorts. The tank shirt is with chiffon fabric. The neckline of the tank shirt is suspenders. The shorts are with chiffon fabric and solid color patterns. The lady has neckwear. There is a ring on her finger. There is an accessory on her wrist.
WOMEN-Dresses-id_00005965-05_7_additional,id_00005965,WOMEN,Dresses,additional,query,5584,"The tank shirt the person wears has no sleeves, its fabric is chiffon, and it has solid color patterns. The tank shirt has a suspenders neckline. The person wears a three-point pants, with chiffon fabric and solid color patterns. There is an accessory in his her neck. There is an accessory on her wrist. The lady wears a ring."
WOMEN-Dresses-id_00005965-06_4_full,id_00005965,WOMEN,Dresses,full,query,5585,The female wears a tank tank top with solid color patterns and a three-point shorts. The tank top is with chiffon fabric and its neckline is suspenders. The shorts are with chiffon fabric and pure color patterns. The female is wearing a ring on her finger. There is an accessory on her wrist. The person has neckwear.
WOMEN-Dresses-id_00005988-04_1_front,id_00005988,WOMEN,Dresses,front,query,5600,This lady wears a long-sleeve shirt with solid color patterns. The shirt is with cotton fabric. It has a round neckline. This lady wears a three-point shorts. The shorts are with cotton fabric and pure color patterns. There is a ring on her finger.
WOMEN-Dresses-id_00005988-05_4_full,id_00005988,WOMEN,Dresses,full,query,5601,The person is wearing a long-sleeve sweater with pure color patterns and a three-point shorts. The sweater is with cotton fabric and its neckline is crew. The shorts are with cotton fabric and pure color patterns. There is a ring on her finger.
WOMEN-Dresses-id_00005988-07_4_full,id_00005988,WOMEN,Dresses,full,query,5603,"Her shirt has long sleeves, cotton fabric and pure color patterns. The neckline of it is round. This lady wears a three-point shorts. The shorts are with cotton fabric and pure color patterns. The lady wears a ring."
WOMEN-Dresses-id_00005990-03_1_front,id_00005990,WOMEN,Dresses,front,query,5604,"Her tank shirt has sleeves cut off, cotton fabric and complicated patterns. It has a suspenders neckline. The person wears a long trousers. The trousers are with cotton fabric and other patterns. The person has neckwear. This lady wears a ring. There is an accessory on her wrist."
WOMEN-Dresses-id_00005990-03_7_additional,id_00005990,WOMEN,Dresses,additional,query,5606,The female wears a tank tank shirt with other patterns. The tank shirt is with cotton fabric. The trousers the female wears is of long length. The trousers are with cotton fabric and other patterns. This person has neckwear. There is an accessory on her wrist. This female wears a ring.
WOMEN-Dresses-id_00005993-01_1_front,id_00005993,WOMEN,Dresses,front,query,5607,The lady wears a tank tank shirt with graphic patterns. The tank shirt is with cotton fabric. It has a round neckline. The trousers the lady wears is of long length. The trousers are with cotton fabric and graphic patterns. This lady has neckwear. There is an accessory on her wrist. The female wears a ring.
WOMEN-Dresses-id_00005993-01_7_additional,id_00005993,WOMEN,Dresses,additional,query,5609,"The tank shirt this person wears has sleeves cut off and it is with cotton fabric and graphic patterns. This person wears a long trousers, with cotton fabric and graphic patterns. The female wears a ring. There is an accessory in his her neck. There is an accessory on her wrist."
WOMEN-Dresses-id_00005998-01_2_side,id_00005998,WOMEN,Dresses,side,query,5612,This person wears a short-sleeve shirt with solid color patterns and a long trousers. The shirt is with cotton fabric. The neckline of the shirt is v-shape. The trousers are with cotton fabric and pure color patterns. There is a ring on her finger.
WOMEN-Dresses-id_00005998-01_7_additional,id_00005998,WOMEN,Dresses,additional,query,5613,The lady wears a short-sleeve shirt with solid color patterns and long trousers. The shirt is with cotton fabric. The trousers are with cotton fabric and pure color patterns.
WOMEN-Dresses-id_00006069-02_4_full,id_00006069,WOMEN,Dresses,full,query,5631,The person wears a tank tank shirt with graphic patterns and a long pants. The tank shirt is with cotton fabric. The pants are with chiffon fabric and pure color patterns. The female wears a ring. There is an accessory on her wrist.
WOMEN-Dresses-id_00006098-04_1_front,id_00006098,WOMEN,Dresses,front,query,5635,The person is wearing a sleeveless tank shirt with solid color patterns. The tank shirt is with chiffon fabric and its neckline is suspenders. The pants the person wears is of three-quarter length. The pants are with chiffon fabric and pure color patterns.
WOMEN-Dresses-id_00006098-07_3_back,id_00006098,WOMEN,Dresses,back,query,5639,This person wears a tank tank top with pure color patterns. The tank top is with chiffon fabric. The pants this person wears is of three-quarter length. The pants are with chiffon fabric and solid color patterns. There is an accessory on her wrist. The person has neckwear.
WOMEN-Dresses-id_00006098-07_7_additional,id_00006098,WOMEN,Dresses,additional,query,5640,This female is wearing a tank tank top with solid color patterns. The tank top is with chiffon fabric and its neckline is suspenders. The trousers this female wears is of three-quarter length. The trousers are with chiffon fabric and pure color patterns. There is an accessory on her wrist. The female has neckwear.
WOMEN-Dresses-id_00006098-08_1_front,id_00006098,WOMEN,Dresses,front,query,5641,"The upper clothing has sleeves cut off, chiffon fabric and solid color patterns. It has a suspenders neckline. The lower clothing is of three-quarter length. The fabric is chiffon and it has pure color patterns. There is an accessory on her wrist. There is an accessory in his her neck."
WOMEN-Dresses-id_00006168-07_4_full,id_00006168,WOMEN,Dresses,full,query,5651,"The upper clothing has no sleeves, cotton fabric and solid color patterns. It has a round neckline. The lower clothing is of three-point length. The fabric is cotton and it has pure color patterns. There is an accessory on her wrist. There is a ring on her finger. This female is wearing leggings."
WOMEN-Dresses-id_00006201-05_7_additional,id_00006201,WOMEN,Dresses,additional,query,5660,This lady wears a tank tank shirt with solid color patterns. The tank shirt is with cotton fabric. It has a crew neckline. This lady wears a three-point pants. The pants are with cotton fabric and solid color patterns. The person wears a ring. There is an accessory on her wrist.
WOMEN-Dresses-id_00006201-07_1_front,id_00006201,WOMEN,Dresses,front,query,5661,This woman is wearing a tank tank top with solid color patterns. The tank top is with cotton fabric and its neckline is crew. This woman wears a three-point shorts. The shorts are with cotton fabric and solid color patterns. There is a ring on her finger.
WOMEN-Dresses-id_00006339-02_4_full,id_00006339,WOMEN,Dresses,full,query,5695,"Her shirt has medium sleeves, cotton fabric and graphic patterns. The neckline of it is round. This female wears a three-point pants. The pants are with cotton fabric and graphic patterns. This female wears a hat. There is a ring on her finger. The person wears leggings. There is an accessory on her wrist."
WOMEN-Dresses-id_00006392-02_2_side,id_00006392,WOMEN,Dresses,side,query,5706,"The tank shirt this lady wears has no sleeves and it is with cotton fabric and graphic patterns. The neckline of the tank shirt is suspenders. This lady wears a long pants, with cotton fabric and graphic patterns. There is an accessory in his her neck."
WOMEN-Dresses-id_00006392-02_7_additional,id_00006392,WOMEN,Dresses,additional,query,5707,This female wears a tank tank top with graphic patterns and a long trousers. The tank top is with cotton fabric. The trousers are with cotton fabric and graphic patterns. There is an accessory in his her neck.
WOMEN-Dresses-id_00006395-01_1_front,id_00006395,WOMEN,Dresses,front,query,5710,The female wears a tank tank shirt with floral patterns and a long pants. The tank shirt is with cotton fabric. The pants are with cotton fabric and floral patterns. There is an accessory on her wrist. This woman has neckwear. This female wears a ring.
WOMEN-Dresses-id_00006395-01_7_additional,id_00006395,WOMEN,Dresses,additional,query,5712,"The upper clothing has sleeves cut off, cotton fabric and floral patterns. The lower clothing is of long length. The fabric is cotton and it has floral patterns. There is an accessory on her wrist. The female has neckwear. There is a ring on her finger."
WOMEN-Dresses-id_00006403-08_4_full,id_00006403,WOMEN,Dresses,full,query,5716,"The tank top this woman wears has sleeves cut off and its fabric is chiffon. The pattern of it is pure color. It has a suspenders neckline. This woman wears a three-point shorts, with chiffon fabric and pure color patterns. This lady wears a ring. There is an accessory on her wrist. The person is wearing a pair of sunglasses."
WOMEN-Dresses-id_00006444-03_2_side,id_00006444,WOMEN,Dresses,side,query,5724,The lady is wearing a tank tank top with graphic patterns and a three-point shorts. The tank top is with cotton fabric. The neckline of the tank top is crew. The shorts are with cotton fabric and graphic patterns. There is a ring on her finger. There is an accessory on her wrist.
WOMEN-Dresses-id_00006452-03_4_full,id_00006452,WOMEN,Dresses,full,query,5728,"The upper clothing has long sleeves, cotton fabric and floral patterns. It has a crew neckline. The lower clothing is of three-point length. The fabric is cotton and it has floral patterns. The female is wearing a ring on her finger."
WOMEN-Dresses-id_00006479-01_1_front,id_00006479,WOMEN,Dresses,front,query,5730,This person is wearing a tank tank shirt with complicated patterns. The tank shirt is with cotton fabric and its neckline is crew. This person wears a three-point pants. The pants are with cotton fabric and other patterns. The female wears a ring.
WOMEN-Dresses-id_00006479-01_7_additional,id_00006479,WOMEN,Dresses,additional,query,5732,"The tank top this woman wears has no sleeves and it is with cotton fabric and other patterns. This woman wears a three-point pants, with cotton fabric and complicated patterns."
WOMEN-Dresses-id_00006526-04_1_front,id_00006526,WOMEN,Dresses,front,query,5744,"Her tank shirt has no sleeves, cotton fabric and striped patterns. The neckline of it is crew. The person wears a long pants. The pants are with cotton fabric and stripe patterns. This female wears a ring. There is an accessory on her wrist."
WOMEN-Dresses-id_00006526-04_2_side,id_00006526,WOMEN,Dresses,side,query,5745,The lady wears a tank tank shirt with striped patterns and a long trousers. The tank shirt is with cotton fabric. The neckline of the tank shirt is round. The trousers are with cotton fabric and striped patterns. There is an accessory on her wrist. There is a ring on her finger.
WOMEN-Dresses-id_00006526-05_7_additional,id_00006526,WOMEN,Dresses,additional,query,5752,"Her tank shirt has no sleeves, cotton fabric and striped patterns. The neckline of it is crew. This lady wears a long trousers. The trousers are with cotton fabric and striped patterns. There is a ring on her finger. There is an accessory on her wrist."
WOMEN-Dresses-id_00006533-04_1_front,id_00006533,WOMEN,Dresses,front,query,5755,"Her tank shirt has sleeves cut off, cotton fabric and solid color patterns. The neckline of it is crew. The pants this person wears is of medium length. The pants are with cotton fabric and pure color patterns. There is an accessory on her wrist. This lady is wearing a ring on her finger. There is an accessory in his her neck."
WOMEN-Dresses-id_00006555-03_4_full,id_00006555,WOMEN,Dresses,full,query,5758,This woman is wearing a long-sleeve sweater with graphic patterns. The sweater is with cotton fabric and its neckline is crew. The shorts this woman wears is of three-point length. The shorts are with cotton fabric and graphic patterns. This woman is wearing leggings. There is an accessory on her wrist. There is a ring on her finger.
WOMEN-Dresses-id_00006636-01_1_front,id_00006636,WOMEN,Dresses,front,query,5768,This woman wears a sleeveless tank top with pure color patterns. The tank top is with cotton fabric. It has a round neckline. The trousers this woman wears is of long length. The trousers are with cotton fabric and pure color patterns. The person is wearing a ring on her finger. There is an accessory on her wrist.
WOMEN-Dresses-id_00006636-01_7_additional,id_00006636,WOMEN,Dresses,additional,query,5770,"The tank top this woman wears has sleeves cut off, its fabric is cotton, and it has solid color patterns. This woman wears a long trousers, with cotton fabric and pure color patterns. There is a ring on her finger. There is an accessory on her wrist."
WOMEN-Dresses-id_00006691-01_1_front,id_00006691,WOMEN,Dresses,front,query,5773,The female wears a sleeveless tank top with graphic patterns and long trousers. The tank top is with cotton fabric. The trousers are with chiffon fabric and pure color patterns. There is a ring on her finger.
WOMEN-Dresses-id_00006691-01_7_additional,id_00006691,WOMEN,Dresses,additional,query,5775,"The tank top the person wears has no sleeves, its fabric is chiffon, and it has graphic patterns. The person wears a long trousers, with cotton fabric and graphic patterns. This person is wearing a ring on her finger."
WOMEN-Dresses-id_00006704-06_4_full,id_00006704,WOMEN,Dresses,full,query,5780,"The tank shirt the female wears has no sleeves and it is with cotton fabric and stripe patterns. The neckline of the tank shirt is stand. The female wears a three-point shorts, with cotton fabric and stripe patterns. The outer clothing the lady wears is with cotton fabric and pure color patterns. The person wears a ring. There is an accessory in his her neck."
WOMEN-Dresses-id_00006721-03_1_front,id_00006721,WOMEN,Dresses,front,query,5785,"Her tank shirt has no sleeves, cotton fabric and pure color patterns. The neckline of it is suspenders. The person wears a long trousers. The trousers are with cotton fabric and solid color patterns. There is an accessory on her wrist. The person is wearing a ring on her finger."
WOMEN-Dresses-id_00006721-03_3_back,id_00006721,WOMEN,Dresses,back,query,5787,This female wears a sleeveless tank top with pure color patterns and long pants. The tank top is with cotton fabric. The pants are with cotton fabric and solid color patterns. This lady is wearing a ring on her finger. There is an accessory on her wrist.
WOMEN-Dresses-id_00006721-04_2_side,id_00006721,WOMEN,Dresses,side,query,5790,This woman wears a tank tank shirt with pure color patterns. The tank shirt is with cotton fabric. It has a suspenders neckline. This woman wears a long pants. The pants are with cotton fabric and solid color patterns. There is an accessory on her wrist. There is a ring on her finger.
WOMEN-Dresses-id_00006721-04_4_full,id_00006721,WOMEN,Dresses,full,query,5792,The person wears a tank tank top with solid color patterns. The tank top is with cotton fabric. It has a suspenders neckline. The pants the person wears is of long length. The pants are with cotton fabric and solid color patterns. There is a ring on her finger. There is an accessory on her wrist.
WOMEN-Dresses-id_00006724-02_1_front,id_00006724,WOMEN,Dresses,front,query,5793,The person is wearing a sleeveless tank top with graphic patterns. The tank top is with cotton fabric and its neckline is suspenders. The trousers the person wears is of three-quarter length. The trousers are with cotton fabric and graphic patterns. There is an accessory in his her neck. There is an accessory on her wrist. There is a ring on her finger.
WOMEN-Dresses-id_00006739-04_4_full,id_00006739,WOMEN,Dresses,full,query,5797,This lady wears a tank tank top with graphic patterns and three-point shorts. The tank top is with cotton fabric and it has a v-shape neckline. The shorts are with cotton fabric and graphic patterns. There is an accessory on her wrist. This person wears a hat. The female wears a ring. There is an accessory in his her neck.
WOMEN-Dresses-id_00006739-06_4_full,id_00006739,WOMEN,Dresses,full,query,5799,The lady is wearing a sleeveless tank shirt with graphic patterns and a three-point pants. The tank shirt is with cotton fabric and its neckline is v-shape. The pants are with cotton fabric and graphic patterns. There is a hat in her head. There is an accessory in his her neck. The person is wearing a ring on her finger. There is an accessory on her wrist.
WOMEN-Dresses-id_00006739-07_4_full,id_00006739,WOMEN,Dresses,full,query,5800,This woman is wearing a tank tank top with graphic patterns. The tank top is with cotton fabric and its neckline is v-shape. The shorts this woman wears is of three-point length. The shorts are with cotton fabric and graphic patterns. The female wears a ring. There is an accessory on her wrist. This person has a hat in her head. This person has neckwear.
WOMEN-Dresses-id_00006755-01_2_side,id_00006755,WOMEN,Dresses,side,query,5803,This female is wearing a tank tank shirt with solid color patterns and a three-quarter pants. The tank shirt is with cotton fabric and its neckline is square. The pants are with cotton fabric and solid color patterns. There is an accessory on her wrist. There is a ring on her finger.
WOMEN-Dresses-id_00006785-03_2_side,id_00006785,WOMEN,Dresses,side,query,5822,This woman is wearing a tank tank top with stripe patterns. The tank top is with cotton fabric. The pants this woman wears is of long length. The pants are with cotton fabric and solid color patterns. There is a ring on her finger.
WOMEN-Dresses-id_00006785-03_4_full,id_00006785,WOMEN,Dresses,full,query,5824,"Her tank shirt has no sleeves, cotton fabric and stripe patterns. The pants this woman wears is of long length. The pants are with cotton fabric and solid color patterns. The female is wearing a ring on her finger."
WOMEN-Dresses-id_00006785-04_3_back,id_00006785,WOMEN,Dresses,back,query,5827,This lady is wearing a tank tank shirt with striped patterns. The tank shirt is with cotton fabric. The pants this lady wears is of long length. The pants are with cotton fabric and pure color patterns. There is an accessory on her wrist. There is a ring on her finger.
WOMEN-Dresses-id_00006785-04_4_full,id_00006785,WOMEN,Dresses,full,query,5828,This female wears a tank tank shirt with stripe patterns and a long pants. The tank shirt is with cotton fabric. The pants are with cotton fabric and pure color patterns. This person wears a ring.
WOMEN-Dresses-id_00006811-02_3_back,id_00006811,WOMEN,Dresses,back,query,5841,The person wears a sleeveless tank top with graphic patterns. The tank top is with cotton fabric. The pants the person wears is of three-point length. The pants are with cotton fabric and graphic patterns. There is an accessory on her wrist.
WOMEN-Dresses-id_00006852-03_1_front,id_00006852,WOMEN,Dresses,front,query,5847,"The tank top the lady wears has no sleeves and its fabric is cotton. The pattern of it is plaid. It has a lapel neckline. The lady wears a three-quarter trousers, with cotton fabric and lattice patterns. There is an accessory on her wrist."
WOMEN-Dresses-id_00006852-03_2_side,id_00006852,WOMEN,Dresses,side,query,5848,"The upper clothing has sleeves cut off, cotton fabric and lattice patterns. It has a lapel neckline. The lower clothing is of three-quarter length. The fabric is cotton and it has lattice patterns. There is an accessory on her wrist."
WOMEN-Dresses-id_00006852-04_3_back,id_00006852,WOMEN,Dresses,back,query,5850,"The upper clothing has no sleeves, cotton fabric and plaid patterns. It has a lapel neckline. The lower clothing is of three-quarter length. The fabric is cotton and it has plaid patterns. There is an accessory on her wrist."
WOMEN-Dresses-id_00006852-04_7_additional,id_00006852,WOMEN,Dresses,additional,query,5852,"Her tank top has sleeves cut off, cotton fabric and plaid patterns. The neckline of it is lapel. The pants the lady wears is of three-quarter length. The pants are with cotton fabric and lattice patterns. There is an accessory on her wrist."
WOMEN-Dresses-id_00006954-02_2_side,id_00006954,WOMEN,Dresses,side,query,5881,This person is wearing a sleeveless tank top with solid color patterns. The tank top is with cotton fabric. It has a suspenders neckline. The pants this person wears is of three-quarter length. The pants are with cotton fabric and pure color patterns. This person wears a ring.
WOMEN-Dresses-id_00006988-01_2_side,id_00006988,WOMEN,Dresses,side,query,5892,"The upper clothing has no sleeves, cotton fabric and graphic patterns. The neckline of it is suspenders. The lower clothing is of three-point length. The fabric is cotton and it has graphic patterns. There is an accessory in his her neck. There is a ring on her finger. There is an accessory on her wrist."
WOMEN-Dresses-id_00006988-01_7_additional,id_00006988,WOMEN,Dresses,additional,query,5894,"Her tank top has no sleeves, cotton fabric and graphic patterns. This female wears a three-point shorts. The shorts are with cotton fabric and graphic patterns."
WOMEN-Dresses-id_00006993-03_2_side,id_00006993,WOMEN,Dresses,side,query,5896,"The tank shirt the female wears has sleeves cut off and it is with cotton fabric and graphic patterns. The female wears a long trousers, with cotton fabric and graphic patterns. There is an accessory on her wrist. There is an accessory in his her neck. There is a ring on her finger."
WOMEN-Dresses-id_00006993-03_7_additional,id_00006993,WOMEN,Dresses,additional,query,5897,This person is wearing a sleeveless tank top with graphic patterns. The tank top is with cotton fabric. This person wears a long pants. The pants are with cotton fabric and graphic patterns. There is an accessory in his her neck. There is an accessory on her wrist. This person is wearing a ring on her finger.
WOMEN-Dresses-id_00006997-02_2_side,id_00006997,WOMEN,Dresses,side,query,5899,This female is wearing a tank tank top with pure color patterns. The tank top is with chiffon fabric. This female wears a long pants. The pants are with chiffon fabric and solid color patterns. There is a ring on her finger.
WOMEN-Dresses-id_00006997-02_7_additional,id_00006997,WOMEN,Dresses,additional,query,5900,The female is wearing a sleeveless tank top with pure color patterns. The tank top is with chiffon fabric. The female wears a long trousers. The trousers are with chiffon fabric and pure color patterns. The lady wears a ring.
WOMEN-Dresses-id_00007021-02_7_additional,id_00007021,WOMEN,Dresses,additional,query,5908,"Her tank shirt has sleeves cut off, cotton fabric and graphic patterns. The neckline of it is suspenders. The shorts this person wears is of three-point length. The shorts are with cotton fabric and graphic patterns. There is an accessory on her wrist. This lady wears a ring. This person has neckwear."
WOMEN-Dresses-id_00007101-03_3_back,id_00007101,WOMEN,Dresses,back,query,5932,This woman is wearing a tank tank top with solid color patterns and a three-quarter trousers. The tank top is with chiffon fabric. The trousers are with chiffon fabric and pure color patterns. There is an accessory on her wrist. This female has neckwear. This female is wearing a ring on her finger.
WOMEN-Dresses-id_00007101-04_1_front,id_00007101,WOMEN,Dresses,front,query,5934,The person is wearing a tank tank top with pure color patterns. The tank top is with chiffon fabric and its neckline is v-shape. The pants the person wears is of three-quarter length. The pants are with chiffon fabric and pure color patterns. This lady wears a ring. There is an accessory on her wrist. This person has neckwear.
WOMEN-Dresses-id_00007101-04_3_back,id_00007101,WOMEN,Dresses,back,query,5936,"The tank top this woman wears has no sleeves, its fabric is chiffon, and it has solid color patterns. This woman wears a three-quarter pants, with chiffon fabric and solid color patterns. There is a ring on her finger. There is an accessory on her wrist. There is an accessory in his her neck."
WOMEN-Dresses-id_00007256-01_1_front,id_00007256,WOMEN,Dresses,front,query,5967,The female is wearing a tank tank shirt with graphic patterns. The tank shirt is with chiffon fabric and its neckline is round. The trousers the female wears is of long length. The trousers are with chiffon fabric and graphic patterns. There is an accessory on her wrist. There is a belt on her waist. The female wears a ring.
WOMEN-Dresses-id_00007256-01_4_full,id_00007256,WOMEN,Dresses,full,query,5970,"Her tank shirt has sleeves cut off, chiffon fabric and graphic patterns. The female wears a long trousers. The trousers are with chiffon fabric and graphic patterns. There is an accessory on her wrist. There is a ring on her finger."
WOMEN-Dresses-id_00007304-03_2_side,id_00007304,WOMEN,Dresses,side,query,5980,"The tank top the lady wears has no sleeves, its fabric is cotton, and it has graphic patterns. The tank top has a suspenders neckline. The lady wears a long pants, with cotton fabric and graphic patterns. There is a ring on her finger. There is an accessory in his her neck."
WOMEN-Dresses-id_00007304-03_7_additional,id_00007304,WOMEN,Dresses,additional,query,5981,This lady is wearing a sleeveless tank shirt with graphic patterns and a long trousers. The tank shirt is with cotton fabric. The trousers are with cotton fabric and graphic patterns. There is an accessory in his her neck. The female wears a ring.
WOMEN-Dresses-id_00007308-03_4_full,id_00007308,WOMEN,Dresses,full,query,5983,The female wears a tank tank top with pure color patterns and three-point pants. The tank top is with cotton fabric and it has a square neckline. The pants are with cotton fabric and solid color patterns. There is a ring on her finger. There is an accessory on her wrist.
WOMEN-Dresses-id_00007326-03_1_front,id_00007326,WOMEN,Dresses,front,query,5985,"Her tank shirt has no sleeves, chiffon fabric and solid color patterns. It has a v-shape neckline. The pants this woman wears is of long length. The pants are with chiffon fabric and solid color patterns. The outer clothing is with furry fabric and solid color patterns. There is an accessory on her wrist. The person has neckwear. This female is wearing a ring on her finger."
WOMEN-Dresses-id_00007326-03_3_back,id_00007326,WOMEN,Dresses,back,query,5987,The person wears a sleeveless tank shirt with pure color patterns and long pants. The tank shirt is with chiffon fabric. The pants are with chiffon fabric and solid color patterns. There is an accessory on her wrist. There is an accessory in his her neck.
WOMEN-Dresses-id_00007326-04_2_side,id_00007326,WOMEN,Dresses,side,query,5989,"Her tank top has no sleeves, chiffon fabric and pure color patterns. It has a suspenders neckline. The pants this female wears is of long length. The pants are with chiffon fabric and solid color patterns. The person has neckwear. There is a ring on her finger. There is an accessory on her wrist."
WOMEN-Dresses-id_00007326-04_7_additional,id_00007326,WOMEN,Dresses,additional,query,5991,"The tank top this female wears has no sleeves and it is with chiffon fabric and pure color patterns. The neckline of the tank top is suspenders. This female wears a long trousers, with chiffon fabric and pure color patterns. The person has neckwear. This female is wearing a ring on her finger. There is an accessory on her wrist."
WOMEN-Dresses-id_00007397-04_1_front,id_00007397,WOMEN,Dresses,front,query,6002,The person wears a short-sleeve shirt with solid color patterns. The shirt is with cotton fabric. It has a round neckline. The person wears a three-quarter trousers. The trousers are with cotton fabric and pure color patterns. There is an accessory on her wrist. The lady wears a ring.
WOMEN-Dresses-id_00007397-04_7_additional,id_00007397,WOMEN,Dresses,additional,query,6004,The lady wears a short-sleeve T-shirt with pure color patterns and a three-quarter pants. The T-shirt is with cotton fabric and its neckline is round. The pants are with cotton fabric and pure color patterns. There is an accessory on her wrist. The lady is wearing a ring on her finger.
WOMEN-Dresses-id_00007497-05_3_back,id_00007497,WOMEN,Dresses,back,query,6022,"The shirt this lady wears has long sleeves, its fabric is cotton, and it has pure color patterns. This lady wears a three-point shorts, with cotton fabric and solid color patterns. This person has neckwear."
WOMEN-Dresses-id_00007497-05_7_additional,id_00007497,WOMEN,Dresses,additional,query,6023,The female wears a long-sleeve shirt with pure color patterns. The shirt is with cotton fabric. It has a v-shape neckline. The pants the female wears is of three-point length. The pants are with cotton fabric and pure color patterns. The lady is wearing a ring on her finger. This person has neckwear.
WOMEN-Dresses-id_00007508-02_4_full,id_00007508,WOMEN,Dresses,full,query,6026,The person is wearing a medium-sleeve shirt with striped patterns and a three-point shorts. The shirt is with cotton fabric. The neckline of the shirt is round. The shorts are with cotton fabric and stripe patterns. There is a belt on her waist.
WOMEN-Dresses-id_00007508-03_7_additional,id_00007508,WOMEN,Dresses,additional,query,6027,This woman wears a medium-sleeve shirt with striped patterns. The shirt is with cotton fabric. It has a crew neckline. The pants this woman wears is of three-point length. The pants are with cotton fabric and striped patterns. There is a belt on her waist.
WOMEN-Dresses-id_00007534-01_2_side,id_00007534,WOMEN,Dresses,side,query,6030,This female is wearing a long-sleeve shirt with graphic patterns. The shirt is with cotton fabric. The pants this female wears is of three-quarter length. The pants are with cotton fabric and graphic patterns. This lady wears a ring.
WOMEN-Dresses-id_00007540-02_2_side,id_00007540,WOMEN,Dresses,side,query,6037,This person is wearing a tank tank top with solid color patterns. The tank top is with chiffon fabric. This person wears a long pants. The pants are with chiffon fabric and pure color patterns. There is an accessory on her wrist. There is a ring on her finger.
WOMEN-Dresses-id_00007559-02_3_back,id_00007559,WOMEN,Dresses,back,query,6046,"Her tank top has sleeves cut off, cotton fabric and color block patterns. It has a crew neckline. The lady wears a medium pants. The pants are with cotton fabric and color block patterns. There is an accessory on her wrist."
WOMEN-Dresses-id_00007559-02_7_additional,id_00007559,WOMEN,Dresses,additional,query,6047,This woman is wearing a sleeveless tank shirt with color block patterns. The tank shirt is with cotton fabric. This woman wears a short shorts. The shorts are with cotton fabric and color block patterns. There is an accessory on her wrist.
WOMEN-Dresses-id_00007614-03_3_back,id_00007614,WOMEN,Dresses,back,query,6069,"The upper clothing has long sleeves, cotton fabric and striped patterns. The neckline of it is lapel. The lower clothing is of three-point length. The fabric is cotton and it has pure color patterns."
WOMEN-Dresses-id_00007618-02_2_side,id_00007618,WOMEN,Dresses,side,query,6070,This lady wears a tank tank top with pure color patterns. The tank top is with chiffon fabric. It has a lapel neckline. The shorts this lady wears is of three-point length. The shorts are with chiffon fabric and pure color patterns. There is an accessory on her wrist. This female wears a ring.
WOMEN-Dresses-id_00007618-02_7_additional,id_00007618,WOMEN,Dresses,additional,query,6072,This woman is wearing a tank tank top with pure color patterns and a three-point pants. The tank top is with chiffon fabric. The neckline of the tank top is lapel. The pants are with chiffon fabric and solid color patterns. This female is wearing a ring on her finger.
WOMEN-Dresses-id_00007650-03_1_front,id_00007650,WOMEN,Dresses,front,query,6079,The person is wearing a long-sleeve shirt with pure color patterns and a long pants. The shirt is with cotton fabric and its neckline is round. The pants are with cotton fabric and pure color patterns. The female has neckwear. This woman wears a ring.
WOMEN-Dresses-id_00007650-03_2_side,id_00007650,WOMEN,Dresses,side,query,6080,The lady wears a long-sleeve sweater with pure color patterns. The sweater is with cotton fabric. It has a crew neckline. The trousers the lady wears is of long length. The trousers are with cotton fabric and pure color patterns. This person wears a ring. There is an accessory in his her neck.
WOMEN-Dresses-id_00007650-04_2_side,id_00007650,WOMEN,Dresses,side,query,6084,This person is wearing a long-sleeve shirt with pure color patterns. The shirt is with cotton fabric. It has a crew neckline. This person wears a long pants. The pants are with cotton fabric and solid color patterns. This woman is wearing a ring on her finger. This woman has neckwear.
WOMEN-Dresses-id_00007650-04_4_full,id_00007650,WOMEN,Dresses,full,query,6086,The person wears a long-sleeve shirt with solid color patterns and long pants. The shirt is with cotton fabric and it has a round neckline. The pants are with cotton fabric and solid color patterns. There is an accessory in his her neck. This person is wearing a ring on her finger.
WOMEN-Dresses-id_00007671-01_3_back,id_00007671,WOMEN,Dresses,back,query,6089,This person wears a tank tank shirt with pure color patterns and a three-quarter pants. The tank shirt is with cotton fabric. The pants are with cotton fabric and solid color patterns. There is an accessory on her wrist.
WOMEN-Dresses-id_00007671-01_7_additional,id_00007671,WOMEN,Dresses,additional,query,6090,"The tank shirt the female wears has sleeves cut off and it is with cotton fabric and solid color patterns. The female wears a three-quarter pants, with cotton fabric and solid color patterns. There is an accessory on her wrist. The lady wears a ring."
WOMEN-Dresses-id_00007677-01_7_additional,id_00007677,WOMEN,Dresses,additional,query,6092,This female wears a medium-sleeve shirt with graphic patterns and a three-point shorts. The shirt is with cotton fabric. The neckline of the shirt is round. The shorts are with cotton fabric and graphic patterns. There is an accessory on her wrist. There is a ring on her finger.
WOMEN-Dresses-id_00007701-03_4_full,id_00007701,WOMEN,Dresses,full,query,6098,"The tank top this lady wears has no sleeves, its fabric is cotton, and it has pure color patterns. The tank top has a suspenders neckline. This lady wears a three-point shorts, with cotton fabric and solid color patterns. The person has neckwear. This woman wears a ring. There is an accessory on her wrist."
WOMEN-Dresses-id_00007724-01_3_back,id_00007724,WOMEN,Dresses,back,query,6101,"Her tank shirt has sleeves cut off, cotton fabric and solid color patterns. This female wears a medium pants. The pants are with cotton fabric and solid color patterns. This lady is wearing socks in shoes."
WOMEN-Dresses-id_00007725-04_4_full,id_00007725,WOMEN,Dresses,full,query,6103,"The upper clothing has no sleeves, cotton fabric and solid color patterns. The neckline of it is square. The lower clothing is of three-point length. The fabric is cotton and it has solid color patterns. There is an accessory on her wrist. This woman is wearing a ring on her finger. This person has neckwear."
WOMEN-Dresses-id_00007751-01_3_back,id_00007751,WOMEN,Dresses,back,query,6116,This woman is wearing a tank tank top with graphic patterns. The tank top is with cotton fabric. The trousers this woman wears is of three-quarter length. The trousers are with cotton fabric and graphic patterns. There is an accessory on her wrist.
WOMEN-Dresses-id_00007786-04_4_full,id_00007786,WOMEN,Dresses,full,query,6122,The lady is wearing a tank tank shirt with striped patterns. The tank shirt is with cotton fabric. The lady wears a three-point shorts. The shorts are with cotton fabric and stripe patterns. There is a ring on her finger.
WOMEN-Dresses-id_00007786-05_4_full,id_00007786,WOMEN,Dresses,full,query,6123,The female is wearing a tank tank top with stripe patterns. The tank top is with cotton fabric. The pants the female wears is of three-point length. The pants are with cotton fabric and striped patterns. The person wears a ring.
WOMEN-Dresses-id_00007791-05_3_back,id_00007791,WOMEN,Dresses,back,query,6125,This woman wears a tank tank shirt with solid color patterns and a three-point shorts. The tank shirt is with cotton fabric. The shorts are with cotton fabric and solid color patterns. There is an accessory on her wrist. The lady has neckwear.
WOMEN-Dresses-id_00007799-03_7_additional,id_00007799,WOMEN,Dresses,additional,query,6134,"Her tank shirt has no sleeves, cotton fabric and graphic patterns. The neckline of it is crew. The female wears a long trousers. The trousers are with cotton fabric and graphic patterns. There is an accessory on her wrist. There is a ring on her finger. There is an accessory in his her neck."
WOMEN-Dresses-id_00007848-07_1_front,id_00007848,WOMEN,Dresses,front,query,6149,"The tank top this person wears has no sleeves and it is with chiffon fabric and solid color patterns. The neckline of the tank top is suspenders. This person wears a long pants, with chiffon fabric and pure color patterns. This lady is wearing a ring on her finger. There is an accessory on her wrist. This female wears a belt."
WOMEN-Dresses-id_00007848-08_1_front,id_00007848,WOMEN,Dresses,front,query,6152,"The tank top this female wears has sleeves cut off, its fabric is chiffon, and it has solid color patterns. The tank top has a suspenders neckline. This female wears a long pants, with chiffon fabric and solid color patterns. This female wears a ring. There is an accessory on her wrist. There is a belt on her waist."
WOMEN-Dresses-id_00007848-09_1_front,id_00007848,WOMEN,Dresses,front,query,6155,This female is wearing a sleeveless tank top with pure color patterns. The tank top is with chiffon fabric and its neckline is suspenders. This female wears a long pants. The pants are with chiffon fabric and pure color patterns. This female wears a ring. The lady wears a belt.
WOMEN-Dresses-id_00007848-09_7_additional,id_00007848,WOMEN,Dresses,additional,query,6157,"Her tank shirt has no sleeves, chiffon fabric and solid color patterns. The pants this female wears is of long length. The pants are with chiffon fabric and pure color patterns. There is an accessory on her wrist. This woman wears a belt. There is a ring on her finger."
WOMEN-Dresses-id_00007856-02_7_additional,id_00007856,WOMEN,Dresses,additional,query,6158,This person wears a medium-sleeve shirt with floral patterns. The shirt is with cotton fabric. It has a round neckline. This person wears a three-point shorts. The shorts are with cotton fabric and floral patterns. There is an accessory in his her neck. There is a hat in her head. There is an accessory on her wrist. There is clothing on her waist. There is a ring on her finger.
WOMEN-Dresses-id_00007858-01_1_front,id_00007858,WOMEN,Dresses,front,query,6160,This lady wears a tank tank top with floral patterns. The tank top is with cotton fabric. It has a suspenders neckline. The pants this lady wears is of long length. The pants are with cotton fabric and floral patterns. There is an accessory in his her neck. There is an accessory on her wrist. This female wears a ring.
WOMEN-Dresses-id_00007858-01_7_additional,id_00007858,WOMEN,Dresses,additional,query,6162,"The upper clothing has no sleeves, cotton fabric and floral patterns. The neckline of it is suspenders. The lower clothing is of long length. The fabric is cotton and it has floral patterns. There is an accessory in his her neck. There is an accessory on her wrist. There is a ring on her finger."
WOMEN-Dresses-id_00007882-03_1_front,id_00007882,WOMEN,Dresses,front,query,6171,"The upper clothing has short sleeves, cotton fabric and graphic patterns. It has a v-shape neckline. The lower clothing is of three-quarter length. The fabric is cotton and it has graphic patterns. There is a ring on her finger. There is an accessory on her wrist. The lady has neckwear."
WOMEN-Dresses-id_00007882-03_7_additional,id_00007882,WOMEN,Dresses,additional,query,6173,This female is wearing a short-sleeve T-shirt with graphic patterns and a three-quarter pants. The T-shirt is with cotton fabric. The pants are with cotton fabric and graphic patterns. There is an accessory on her wrist. There is a ring on her finger. There is an accessory in his her neck.
WOMEN-Dresses-id_00007934-01_1_front,id_00007934,WOMEN,Dresses,front,query,6191,"The upper clothing has no sleeves, denim fabric and solid color patterns. The neckline of it is round. The lower clothing is of three-quarter length. The fabric is denim and it has pure color patterns. There is an accessory in his her neck. There is a ring on her finger. There is an accessory on her wrist."
WOMEN-Dresses-id_00007934-01_7_additional,id_00007934,WOMEN,Dresses,additional,query,6193,The person is wearing a tank tank shirt with solid color patterns. The tank shirt is with denim fabric. The pants the person wears is of three-quarter length. The pants are with denim fabric and solid color patterns. There is an accessory in his her neck. The female wears a ring. There is an accessory on her wrist.
WOMEN-Dresses-id_00007939-01_2_side,id_00007939,WOMEN,Dresses,side,query,6196,"The upper clothing has sleeves cut off, cotton fabric and graphic patterns. It has a crew neckline. The lower clothing is of medium length. The fabric is cotton and it has graphic patterns. There is an accessory on her wrist. This female is wearing a ring on her finger."
WOMEN-Dresses-id_00007939-01_7_additional,id_00007939,WOMEN,Dresses,additional,query,6197,"Her tank top has sleeves cut off, cotton fabric and graphic patterns. The shorts this woman wears is of short length. The shorts are with cotton fabric and graphic patterns."
WOMEN-Dresses-id_00007980-04_4_full,id_00007980,WOMEN,Dresses,full,query,6215,This lady wears a tank tank shirt with graphic patterns and a three-point pants. The tank shirt is with cotton fabric and its neckline is crew. The pants are with cotton fabric and pure color patterns. There is an accessory on her wrist. This woman is wearing a ring on her finger.
WOMEN-Dresses-id_00007980-06_4_full,id_00007980,WOMEN,Dresses,full,query,6217,"Her tank shirt has sleeves cut off, cotton fabric and graphic patterns. The neckline of it is round. This lady wears a three-point shorts. The shorts are with cotton fabric and solid color patterns. There is an accessory on her wrist. The lady wears a ring."
WOMEN-Graphic_Tees-id_00003072-03_4_full,id_00003072,WOMEN,Graphic_Tees,full,query,6324,"Her T-shirt has short sleeves, cotton fabric and graphic patterns. It has a round neckline. The trousers this lady wears is of long length. The trousers are with cotton fabric and pure color patterns. There is an accessory on her wrist. This female is wearing a ring on her finger."
WOMEN-Graphic_Tees-id_00004993-03_4_full,id_00004993,WOMEN,Graphic_Tees,full,query,6385,"The tank shirt this woman wears has sleeves cut off and its fabric is cotton. The pattern of it is graphic. It has a crew neckline. This woman wears a long pants, with cotton fabric and pure color patterns. There is an accessory on her wrist. There is an accessory in his her neck. This person wears a ring."
WOMEN-Jackets_Coats-id_00000181-03_1_front,id_00000181,WOMEN,Jackets_Coats,front,query,6465,"Her sweater has long sleeves, cotton fabric and graphic patterns. The neckline of it is crew. The female wears a three-point pants. The pants are with denim fabric and solid color patterns. The lady also wears an outer clothing, with chiffon fabric and solid color patterns. The female has neckwear. There is an accessory on her wrist."
WOMEN-Jackets_Coats-id_00000181-03_3_back,id_00000181,WOMEN,Jackets_Coats,back,query,6466,"The person wears a long-sleeve sweater with other patterns. The sweater is with mixed fabric. The person wears a short pants. The pants are with mixed fabric and other patterns. This female also wears an outer clothing, with chiffon fabric and solid color patterns. There is an accessory on her wrist."
WOMEN-Jackets_Coats-id_00000187-04_4_full,id_00000187,WOMEN,Jackets_Coats,full,query,6469,This person wears a long-sleeve shirt with pure color patterns. The shirt is with cotton fabric. It has a round neckline. This person wears a long trousers. The trousers are with denim fabric and pure color patterns. The outer clothing the female wears is with cotton fabric and pure color patterns. There is an accessory in his her neck.
WOMEN-Jackets_Coats-id_00000187-08_4_full,id_00000187,WOMEN,Jackets_Coats,full,query,6472,"This lady is wearing a long-sleeve shirt with solid color patterns. The shirt is with cotton fabric. It has a round neckline. The pants this lady wears is of long length. The pants are with denim fabric and pure color patterns. This person also wears an outer clothing, with cotton fabric and solid color patterns. The female has neckwear. This lady wears a ring. There is an accessory on her wrist. This woman wears a hat."
WOMEN-Jackets_Coats-id_00000261-04_4_full,id_00000261,WOMEN,Jackets_Coats,full,query,6478,"The person is wearing a long-sleeve shirt with pure color patterns and a long pants. The shirt is with cotton fabric and its neckline is round. The pants are with denim fabric and pure color patterns. This person also wears an outer clothing, with cotton fabric and pure color patterns. The female wears a ring. There is an accessory on her wrist."
WOMEN-Jackets_Coats-id_00000310-01_4_full,id_00000310,WOMEN,Jackets_Coats,full,query,6482,This woman is wearing a long-sleeve sweater with pure color patterns and a medium pants. The sweater is with cotton fabric and its neckline is v-shape. The pants are with cotton fabric and pure color patterns. The outer clothing this woman wears is with cotton fabric and solid color patterns. This lady is wearing socks in shoes. This lady wears a hat. This woman is wearing a ring on her finger.
WOMEN-Jackets_Coats-id_00000310-01_7_additional,id_00000310,WOMEN,Jackets_Coats,additional,query,6483,"Her shirt has long sleeves, cotton fabric and pure color patterns. This person wears a short shorts. The shorts are with cotton fabric and pure color patterns. There is a hat in her head. The female wears a pair of socks."
WOMEN-Jackets_Coats-id_00000627-02_4_full,id_00000627,WOMEN,Jackets_Coats,full,query,6503,"Her shirt has medium sleeves, cotton fabric and floral patterns. The neckline of it is crew. The trousers the female wears is of long length. The trousers are with denim fabric and solid color patterns. There is an accessory on her wrist. This lady wears a ring."
WOMEN-Jackets_Coats-id_00000842-01_1_front,id_00000842,WOMEN,Jackets_Coats,front,query,6513,"Her shirt has short sleeves, cotton fabric and solid color patterns. This woman wears a three-point pants. The pants are with cotton fabric and solid color patterns. The outer clothing is with cotton fabric and pure color patterns. There is an accessory in his her neck. There is an accessory on her wrist."
WOMEN-Jackets_Coats-id_00000842-01_7_additional,id_00000842,WOMEN,Jackets_Coats,additional,query,6516,"Her T-shirt has short sleeves, chiffon fabric and other patterns. The neckline of it is lapel. This female wears a medium shorts. The shorts are with mixed fabric and mixed patterns. The outer clothing the female wears is with cotton fabric and solid color patterns. There is an accessory on her wrist."
WOMEN-Jackets_Coats-id_00001150-02_7_additional,id_00001150,WOMEN,Jackets_Coats,additional,query,6530,"Her tank top has no sleeves, cotton fabric and pure color patterns. It has a round neckline. The pants this person wears is of three-point length. The pants are with denim fabric and solid color patterns. The lady also wears an outer clothing, with knitting fabric and color block patterns. This woman has neckwear. This female has a hat in her head. There is a ring on her finger."
WOMEN-Jackets_Coats-id_00001195-02_7_additional,id_00001195,WOMEN,Jackets_Coats,additional,query,6532,The sweater this woman wears has long sleeves and its fabric is cotton. The pattern of it is graphic. It has a stand neckline. The outer clothing this person wears is with cotton fabric and complicated patterns. The female is wearing a hat. The person wears a ring. There is an accessory on her wrist. The lady has neckwear.
WOMEN-Jackets_Coats-id_00001313-02_1_front,id_00001313,WOMEN,Jackets_Coats,front,query,6540,The person wears a medium-sleeve shirt with solid color patterns. The shirt is with cotton fabric. It has a crew neckline. The person wears a long trousers. The trousers are with denim fabric and solid color patterns. The outer clothing the female wears is with chiffon fabric and solid color patterns.
WOMEN-Jackets_Coats-id_00001347-05_4_full,id_00001347,WOMEN,Jackets_Coats,full,query,6543,"Her sweater has long sleeves, cotton fabric and graphic patterns. It has a round neckline. The shorts this female wears is of three-point length. The shorts are with cotton fabric and graphic patterns. The lady also wears an outer clothing, with leather fabric and solid color patterns. The lady is wearing socks in shoes. This person wears a pair of sunglasses. There is an accessory in his her neck. The person wears a ring."
WOMEN-Jackets_Coats-id_00001347-07_4_full,id_00001347,WOMEN,Jackets_Coats,full,query,6545,"This woman is wearing a long-sleeve shirt with pure color patterns and a long pants. The shirt is with cotton fabric. The pants are with denim fabric and solid color patterns. The female also wears an outer clothing, with leather fabric and pure color patterns. This woman wears sunglasses."
WOMEN-Jackets_Coats-id_00001735-04_4_full,id_00001735,WOMEN,Jackets_Coats,full,query,6565,"The shirt the female wears has medium sleeves and its fabric is cotton. The pattern of it is solid color. It has a crew neckline. The female wears a short pants, with denim fabric and pure color patterns. The lady also wears an outer clothing, with cotton fabric and solid color patterns. There is an accessory on her wrist. There is a belt on her waist. This lady is wearing a ring on her finger."
WOMEN-Jackets_Coats-id_00001833-02_1_front,id_00001833,WOMEN,Jackets_Coats,front,query,6568,"The upper clothing has long sleeves, cotton fabric and pure color patterns. It has a crew neckline. The lower clothing is of long length. The fabric is denim and it has pure color patterns. The outer clothing is with cotton fabric and solid color patterns. This lady is wearing a ring on her finger."
WOMEN-Jackets_Coats-id_00001873-01_3_back,id_00001873,WOMEN,Jackets_Coats,back,query,6572,This woman wears a long-sleeve sweater with other patterns. The sweater is with mixed fabric. It has a lapel neckline. This woman wears a three-point shorts. The shorts are with other fabric and mixed patterns. The outer clothing this lady wears is with cotton fabric and pure color patterns.
WOMEN-Jackets_Coats-id_00001873-01_7_additional,id_00001873,WOMEN,Jackets_Coats,additional,query,6573,"The lady wears a long-sleeve sweater with graphic patterns and a three-point pants. The sweater is with cotton fabric. The neckline of the sweater is round. The pants are with cotton fabric and solid color patterns. The person also wears an outer clothing, with cotton fabric and pure color patterns. There is an accessory on her wrist. This female is wearing a ring on her finger."
WOMEN-Jackets_Coats-id_00001971-02_3_back,id_00001971,WOMEN,Jackets_Coats,back,query,6577,This lady wears a tank tank shirt with other patterns and long trousers. The tank shirt is with mixed fabric. The trousers are with cotton fabric and pure color patterns. The outer clothing the female wears is with cotton fabric and solid color patterns. The lady has neckwear.
WOMEN-Jackets_Coats-id_00002311-01_1_front,id_00002311,WOMEN,Jackets_Coats,front,query,6589,"Her shirt has long sleeves, cotton fabric and solid color patterns. It has a v-shape neckline. The pants this lady wears is of long length. The pants are with cotton fabric and pure color patterns. The outer clothing is with denim fabric and pure color patterns. There is a ring on her finger. This lady wears a pair of socks."
WOMEN-Jackets_Coats-id_00002440-03_2_side,id_00002440,WOMEN,Jackets_Coats,side,query,6600,This female is wearing a long-sleeve sweater with solid color patterns and a three-point shorts. The sweater is with cotton fabric and its neckline is crew. The shorts are with cotton fabric and solid color patterns. The outer clothing this woman wears is with chiffon fabric and pure color patterns. There is a ring on her finger. There is an accessory in his her neck. There is an accessory on her wrist.
WOMEN-Jackets_Coats-id_00002440-03_7_additional,id_00002440,WOMEN,Jackets_Coats,additional,query,6602,"The upper clothing has long sleeves, other fabric and other patterns. The lower clothing is of three-quarter length. The fabric is chiffon and it has solid color patterns. The outer clothing this woman wears is with chiffon fabric and pure color patterns. There is a ring on her finger. There is a belt on her waist. There is an accessory on her wrist."
WOMEN-Jackets_Coats-id_00002495-02_2_side,id_00002495,WOMEN,Jackets_Coats,side,query,6604,"The lady is wearing a sleeveless tank shirt with graphic patterns and a long pants. The tank shirt is with cotton fabric and its neckline is crew. The pants are with chiffon fabric and graphic patterns. The lady also wears an outer clothing, with knitting fabric and solid color patterns. The person is wearing a ring on her finger. There is an accessory on her wrist. This person has neckwear."
WOMEN-Jackets_Coats-id_00002495-02_7_additional,id_00002495,WOMEN,Jackets_Coats,additional,query,6605,"The female is wearing a sleeveless tank shirt with mixed patterns. The tank shirt is with mixed fabric. The trousers the female wears is of long length. The trousers are with chiffon fabric and graphic patterns. The lady also wears an outer clothing, with knitting fabric and pure color patterns. This female is wearing a ring on her finger. There is an accessory on her wrist."
WOMEN-Jackets_Coats-id_00002609-02_1_front,id_00002609,WOMEN,Jackets_Coats,front,query,6609,This lady wears a long-sleeve sweater with color block patterns and a long pants. The sweater is with cotton fabric and its neckline is round. The pants are with cotton fabric and solid color patterns. The outer clothing the female wears is with cotton fabric and solid color patterns. There is a ring on her finger.
WOMEN-Jackets_Coats-id_00003051-04_7_additional,id_00003051,WOMEN,Jackets_Coats,additional,query,6638,"The upper clothing has long sleeves, cotton fabric and lattice patterns. The neckline of it is round. The lower clothing is of long length. The fabric is cotton and it has solid color patterns. The outer clothing is with furry fabric and solid color patterns. This lady has neckwear. This person is wearing a ring on her finger. There is an accessory on her wrist."
WOMEN-Jackets_Coats-id_00003207-03_7_additional,id_00003207,WOMEN,Jackets_Coats,additional,query,6642,"The shirt the person wears has long sleeves and it is with cotton fabric and graphic patterns. The neckline of the shirt is v-shape. The person wears a long pants, with denim fabric and solid color patterns. The outer clothing the lady wears is with cotton fabric and solid color patterns. The female is wearing a ring on her finger. The female has neckwear."
WOMEN-Jackets_Coats-id_00003438-01_2_side,id_00003438,WOMEN,Jackets_Coats,side,query,6652,"Her shirt has long sleeves, chiffon fabric and graphic patterns. The neckline of it is crew. This person wears a three-point pants. The pants are with denim fabric and pure color patterns. The female also wears an outer clothing, with chiffon fabric and graphic patterns. There is an accessory on her wrist. There is an accessory in his her neck. The lady wears a hat."
WOMEN-Jackets_Coats-id_00003445-03_7_additional,id_00003445,WOMEN,Jackets_Coats,additional,query,6654,"Her sweater has long sleeves, mixed fabric and mixed patterns. It has a round neckline. The shorts the lady wears is of short length. The shorts are with other fabric and other patterns. The lady also wears an outer clothing, with cotton fabric and solid color patterns."
WOMEN-Jackets_Coats-id_00003700-01_4_full,id_00003700,WOMEN,Jackets_Coats,full,query,6674,"Her sweater has long sleeves, cotton fabric and graphic patterns. It has a crew neckline. The pants the person wears is of three-point length. The pants are with cotton fabric and pure color patterns. The outer clothing is with chiffon fabric and solid color patterns. There is a ring on her finger."
WOMEN-Jackets_Coats-id_00003700-01_7_additional,id_00003700,WOMEN,Jackets_Coats,additional,query,6675,"This woman is wearing a long-sleeve shirt with graphic patterns. The shirt is with cotton fabric and its neckline is round. The pants this woman wears is of three-point length. The pants are with cotton fabric and pure color patterns. The lady also wears an outer clothing, with chiffon fabric and pure color patterns. This lady wears a ring."
WOMEN-Jackets_Coats-id_00003857-05_1_front,id_00003857,WOMEN,Jackets_Coats,front,query,6680,This woman wears a long-sleeve shirt with solid color patterns and a long trousers. The shirt is with cotton fabric. The neckline of the shirt is v-shape. The trousers are with cotton fabric and solid color patterns. The outer clothing is with leather fabric and pure color patterns. There is a ring on her finger. The female has neckwear.
WOMEN-Jackets_Coats-id_00003857-13_4_full,id_00003857,WOMEN,Jackets_Coats,full,query,6681,This woman wears a medium-sleeve shirt with solid color patterns. The shirt is with cotton fabric. It has a v-shape neckline. This woman wears a three-point shorts. The shorts are with cotton fabric and solid color patterns. The outer clothing is with leather fabric and solid color patterns. The person is wearing a ring on her finger.
WOMEN-Jackets_Coats-id_00003858-05_7_additional,id_00003858,WOMEN,Jackets_Coats,additional,query,6684,The female wears a long-sleeve shirt with mixed patterns and a long trousers. The shirt is with mixed fabric and its neckline is stand. The trousers are with denim fabric and pure color patterns. The outer clothing is with cotton fabric and pure color patterns.
WOMEN-Jackets_Coats-id_00003880-04_7_additional,id_00003880,WOMEN,Jackets_Coats,additional,query,6687,"The upper clothing has short sleeves, cotton fabric and solid color patterns. The neckline of it is round. The lower clothing is of long length. The fabric is denim and it has solid color patterns. This lady also wears an outer clothing, with cotton fabric and solid color patterns. There is a belt on her waist. There is an accessory on her wrist. The person is wearing a ring on her finger."
WOMEN-Jackets_Coats-id_00004515-01_1_front,id_00004515,WOMEN,Jackets_Coats,front,query,6720,"The upper clothing has short sleeves, cotton fabric and solid color patterns. It has a crew neckline. The lower clothing is of long length. The fabric is denim and it has solid color patterns. This woman also wears an outer clothing, with knitting fabric and pure color patterns. There is an accessory in his her neck. This person is wearing a ring on her finger."
WOMEN-Jackets_Coats-id_00004891-02_4_full,id_00004891,WOMEN,Jackets_Coats,full,query,6742,The female wears a long-sleeve shirt with solid color patterns and three-quarter pants. The shirt is with cotton fabric and it has a round neckline. The pants are with cotton fabric and solid color patterns. The outer clothing is with cotton fabric and solid color patterns. The lady wears socks in shoes. The person wears a hat. The female is wearing a ring on her finger.
WOMEN-Jackets_Coats-id_00004891-02_7_additional,id_00004891,WOMEN,Jackets_Coats,additional,query,6743,"The upper clothing has long sleeves, mixed fabric and mixed patterns. The lower clothing is of three-quarter length. The fabric is cotton and it has pure color patterns. The outer clothing is with cotton fabric and solid color patterns. The female wears socks in shoes. The lady wears a ring. The person is wearing a hat."
WOMEN-Jackets_Coats-id_00004946-02_2_side,id_00004946,WOMEN,Jackets_Coats,side,query,6748,"The female is wearing a long-sleeve shirt with solid color patterns. The shirt is with cotton fabric. It has a crew neckline. The lady also wears an outer clothing, with cotton fabric and pure color patterns. The female wears a ring."
WOMEN-Jackets_Coats-id_00005059-02_4_full,id_00005059,WOMEN,Jackets_Coats,full,query,6757,"Her sweater has long sleeves, cotton fabric and pure color patterns. The neckline of it is v-shape. This person wears a three-point pants. The pants are with cotton fabric and pure color patterns. There is an accessory on her wrist. The lady is wearing a ring on her finger."
WOMEN-Jackets_Coats-id_00005059-03_4_full,id_00005059,WOMEN,Jackets_Coats,full,query,6758,The female wears a long-sleeve sweater with pure color patterns and a three-point shorts. The sweater is with cotton fabric. The neckline of the sweater is v-shape. The shorts are with cotton fabric and pure color patterns. There is a ring on her finger.
WOMEN-Jackets_Coats-id_00005090-01_2_side,id_00005090,WOMEN,Jackets_Coats,side,query,6761,This woman is wearing a long-sleeve sweater with other patterns. The sweater is with mixed fabric. The shorts this woman wears is of medium length. The shorts are with chiffon fabric and floral patterns. The outer clothing the female wears is with cotton fabric and graphic patterns.
WOMEN-Jackets_Coats-id_00005167-05_4_full,id_00005167,WOMEN,Jackets_Coats,full,query,6763,"The sweater this woman wears has long sleeves and its fabric is cotton. The pattern of it is solid color. It has a crew neckline. This woman wears a long trousers, with denim fabric and pure color patterns. The female also wears an outer clothing, with cotton fabric and solid color patterns. There is a ring on her finger. The person has neckwear."
WOMEN-Jackets_Coats-id_00005297-02_7_additional,id_00005297,WOMEN,Jackets_Coats,additional,query,6782,"The sweater the person wears has long sleeves, its fabric is other, and it has other patterns. The person wears a medium shorts, with other fabric and other patterns. The outer clothing is with cotton fabric and pure color patterns. This person is wearing a ring on her finger."
WOMEN-Jackets_Coats-id_00005297-03_4_full,id_00005297,WOMEN,Jackets_Coats,full,query,6785,The female is wearing a long-sleeve shirt with pure color patterns. The shirt is with cotton fabric. It has a round neckline. The female wears a medium pants. The pants are with mixed fabric and mixed patterns. The outer clothing is with cotton fabric and solid color patterns. This woman is wearing a belt. This female is wearing a ring on her finger.
WOMEN-Jackets_Coats-id_00005297-03_7_additional,id_00005297,WOMEN,Jackets_Coats,additional,query,6786,This lady wears a long-sleeve sweater with mixed patterns. The sweater is with other fabric. The pants this lady wears is of short length. The pants are with mixed fabric and mixed patterns. The outer clothing is with cotton fabric and solid color patterns. There is a ring on her finger.
WOMEN-Jackets_Coats-id_00005629-03_4_full,id_00005629,WOMEN,Jackets_Coats,full,query,6801,"Her shirt has long sleeves, cotton fabric and pure color patterns. It has a crew neckline. The pants the female wears is of long length. The pants are with cotton fabric and solid color patterns. The outer clothing is with cotton fabric and solid color patterns. There is an accessory in his her neck."
WOMEN-Jackets_Coats-id_00005629-06_7_additional,id_00005629,WOMEN,Jackets_Coats,additional,query,6803,"The sweater this female wears has long sleeves and it is with cotton fabric and pure color patterns. The neckline of the sweater is round. This female wears a long pants, with cotton fabric and solid color patterns. This lady also wears an outer clothing, with cotton fabric and pure color patterns. There is an accessory in his her neck."
WOMEN-Jackets_Coats-id_00005652-04_7_additional,id_00005652,WOMEN,Jackets_Coats,additional,query,6806,"This female wears a long-sleeve sweater with floral patterns and a three-point shorts. The sweater is with cotton fabric. The neckline of the sweater is v-shape. The shorts are with cotton fabric and floral patterns. This female also wears an outer clothing, with cotton fabric and color block patterns. The person wears a pair of socks. There is a ring on her finger."
WOMEN-Jackets_Coats-id_00005710-06_1_front,id_00005710,WOMEN,Jackets_Coats,front,query,6811,"Her sweater has long sleeves, knitting fabric and solid color patterns. The neckline of it is stand. The shorts the lady wears is of three-point length. The shorts are with cotton fabric and solid color patterns. The outer clothing is with cotton fabric and pure color patterns. The lady is wearing socks in shoes. This female is wearing a ring on her finger."
WOMEN-Jackets_Coats-id_00005952-03_1_front,id_00005952,WOMEN,Jackets_Coats,front,query,6819,"The sweater the lady wears has long sleeves and it is with cotton fabric and solid color patterns. The lady wears a long trousers, with cotton fabric and solid color patterns. The outer clothing is with cotton fabric and solid color patterns. This woman wears a ring."
WOMEN-Jackets_Coats-id_00006054-03_1_front,id_00006054,WOMEN,Jackets_Coats,front,query,6824,"The sweater the female wears has long sleeves, its fabric is cotton, and it has pure color patterns. The sweater has a lapel neckline. The female wears a long pants, with denim fabric and solid color patterns. The outer clothing is with cotton fabric and solid color patterns. This person is wearing a ring on her finger."
WOMEN-Jackets_Coats-id_00006296-05_7_additional,id_00006296,WOMEN,Jackets_Coats,additional,query,6837,"Her shirt has long sleeves, cotton fabric and pure color patterns. It has a crew neckline. The pants the person wears is of long length. The pants are with cotton fabric and solid color patterns. The lady also wears an outer clothing, with cotton fabric and solid color patterns. The person has a hat in her head."
WOMEN-Jackets_Coats-id_00006296-06_1_front,id_00006296,WOMEN,Jackets_Coats,front,query,6838,"The upper clothing has long sleeves, cotton fabric and solid color patterns. It has a round neckline. The lower clothing is of long length. The fabric is cotton and it has pure color patterns. The outer clothing the female wears is with cotton fabric and solid color patterns. The lady wears a ring."
WOMEN-Jackets_Coats-id_00006460-02_7_additional,id_00006460,WOMEN,Jackets_Coats,additional,query,6853,This woman wears a long-sleeve sweater with stripe patterns and a three-point pants. The sweater is with cotton fabric. The neckline of the sweater is round. The pants are with cotton fabric and striped patterns. The outer clothing is with denim fabric and pure color patterns.
WOMEN-Jackets_Coats-id_00006499-03_7_additional,id_00006499,WOMEN,Jackets_Coats,additional,query,6858,"This female is wearing a long-sleeve sweater with stripe patterns. The sweater is with cotton fabric and its neckline is crew. This female wears a three-point pants. The pants are with cotton fabric and striped patterns. The female also wears an outer clothing, with denim fabric and pure color patterns."
WOMEN-Jackets_Coats-id_00006798-02_3_back,id_00006798,WOMEN,Jackets_Coats,back,query,6873,"The tank shirt this lady wears has sleeves cut off, its fabric is cotton, and it has pure color patterns. There is a ring on her finger. There is an accessory in his her neck."
WOMEN-Jackets_Coats-id_00007431-04_4_full,id_00007431,WOMEN,Jackets_Coats,full,query,6921,This lady is wearing a long-sleeve shirt with graphic patterns and a medium shorts. The shirt is with cotton fabric and its neckline is v-shape. The shorts are with cotton fabric and pure color patterns. The outer clothing is with cotton fabric and pure color patterns. The person is wearing a ring on her finger. The lady has neckwear.
WOMEN-Jackets_Coats-id_00007536-02_1_front,id_00007536,WOMEN,Jackets_Coats,front,query,6926,This woman is wearing a long-sleeve sweater with pure color patterns and a medium pants. The sweater is with denim fabric and its neckline is lapel. The pants are with denim fabric and solid color patterns. The person has a hat in her head. There is a belt on her waist. This woman is wearing a ring on her finger.
WOMEN-Jackets_Coats-id_00007536-02_7_additional,id_00007536,WOMEN,Jackets_Coats,additional,query,6928,This lady is wearing a long-sleeve sweater with solid color patterns. The sweater is with denim fabric. This lady wears a short shorts. The shorts are with denim fabric and pure color patterns. The person has a hat in her head. The person wears a belt.
WOMEN-Jackets_Coats-id_00007814-05_3_back,id_00007814,WOMEN,Jackets_Coats,back,query,6945,This woman wears a sleeveless tank shirt with pure color patterns. The tank shirt is with cotton fabric. It has a lapel neckline. The trousers this woman wears is of long length. The trousers are with cotton fabric and pure color patterns. There is an accessory on her wrist. The lady is wearing a belt. This person is wearing a ring on her finger.
WOMEN-Jackets_Coats-id_00007814-05_7_additional,id_00007814,WOMEN,Jackets_Coats,additional,query,6946,"The tank shirt this person wears has no sleeves and its fabric is cotton. The pattern of it is pure color. This person wears a long pants, with cotton fabric and solid color patterns. The outer clothing is with cotton fabric and pure color patterns. There is an accessory on her wrist. This lady is wearing a ring on her finger."
WOMEN-Jackets_Coats-id_00007840-11_4_full,id_00007840,WOMEN,Jackets_Coats,full,query,6947,"Her shirt has long sleeves, cotton fabric and pure color patterns. It has a v-shape neckline. The lady wears a long pants. The pants are with denim fabric and solid color patterns. The person also wears an outer clothing, with cotton fabric and pure color patterns. The lady is wearing a ring on her finger. There is an accessory on her wrist."
WOMEN-Jackets_Coats-id_00007840-13_4_full,id_00007840,WOMEN,Jackets_Coats,full,query,6949,This female is wearing a long-sleeve sweater with graphic patterns. The sweater is with cotton fabric. It has a crew neckline. This female wears a long trousers. The trousers are with denim fabric and pure color patterns. The outer clothing is with cotton fabric and solid color patterns. There is an accessory on her wrist. The person wears a ring. There is an accessory in his her neck.
WOMEN-Jackets_Coats-id_00007881-05_7_additional,id_00007881,WOMEN,Jackets_Coats,additional,query,6952,This woman is wearing a long-sleeve sweater with solid color patterns and a three-quarter pants. The sweater is with leather fabric. The pants are with chiffon fabric and graphic patterns. The female has neckwear.
WOMEN-Jackets_Coats-id_00007881-06_7_additional,id_00007881,WOMEN,Jackets_Coats,additional,query,6953,"Her shirt has long sleeves, cotton fabric and graphic patterns. It has a crew neckline. The pants this person wears is of three-quarter length. The pants are with chiffon fabric and graphic patterns. The outer clothing is with leather fabric and pure color patterns. This female has neckwear. There is a ring on her finger."
WOMEN-Jackets_Coats-id_00007982-11_7_additional,id_00007982,WOMEN,Jackets_Coats,additional,query,6961,This person is wearing a long-sleeve sweater with solid color patterns and a long trousers. The sweater is with cotton fabric. The neckline of the sweater is round. The trousers are with cotton fabric and pure color patterns. The outer clothing this female wears is with cotton fabric and pure color patterns.
WOMEN-Jackets_Coats-id_00007982-13_7_additional,id_00007982,WOMEN,Jackets_Coats,additional,query,6963,"Her shirt has medium sleeves, knitting fabric and striped patterns. It has a round neckline. This woman wears a long trousers. The trousers are with cotton fabric and solid color patterns. This female also wears an outer clothing, with cotton fabric and color block patterns. This lady is wearing a ring on her finger."
WOMEN-Leggings-id_00000286-01_1_front,id_00000286,WOMEN,Leggings,front,query,6968,"The tank shirt the female wears has no sleeves, its fabric is cotton, and it has pure color patterns. The tank shirt has a crew neckline. The female wears a long trousers, with denim fabric and pure color patterns."
WOMEN-Leggings-id_00000286-03_1_front,id_00000286,WOMEN,Leggings,front,query,6970,"Her tank top has no sleeves, cotton fabric and solid color patterns. The neckline of it is round. The female wears a long pants. The pants are with denim fabric and solid color patterns."
WOMEN-Leggings-id_00000286-04_1_front,id_00000286,WOMEN,Leggings,front,query,6971,"Her tank top has sleeves cut off, cotton fabric and pure color patterns. The neckline of it is round. The female wears a long pants. The pants are with denim fabric and solid color patterns."
WOMEN-Leggings-id_00000286-06_1_front,id_00000286,WOMEN,Leggings,front,query,6973,This person is wearing a medium-sleeve shirt with graphic patterns. The shirt is with cotton fabric. It has a crew neckline. This person wears a long pants. The pants are with denim fabric and solid color patterns. The outer clothing is with knitting fabric and pure color patterns. There is an accessory on her wrist. This person is wearing a ring on her finger.
WOMEN-Leggings-id_00001398-01_1_front,id_00001398,WOMEN,Leggings,front,query,6992,"This lady wears a long-sleeve shirt with pure color patterns. The shirt is with cotton fabric. It has a round neckline. This lady wears a long pants. The pants are with denim fabric and pure color patterns. This person also wears an outer clothing, with cotton fabric and graphic patterns. This person wears a pair of sunglasses. There is a ring on her finger."
WOMEN-Leggings-id_00001398-02_1_front,id_00001398,WOMEN,Leggings,front,query,6993,This woman wears a long-sleeve shirt with pure color patterns. The shirt is with cotton fabric. It has a lapel neckline. The pants this woman wears is of long length. The pants are with denim fabric and solid color patterns.
WOMEN-Leggings-id_00001564-03_1_front,id_00001564,WOMEN,Leggings,front,query,6999,"Her shirt has short sleeves, cotton fabric and color block patterns. It has a round neckline. This woman wears a long pants. The pants are with denim fabric and solid color patterns."
WOMEN-Leggings-id_00002852-03_1_front,id_00002852,WOMEN,Leggings,front,query,7016,"The tank shirt this female wears has no sleeves and it is with cotton fabric and stripe patterns. The neckline of the tank shirt is stand. This female wears a long pants, with denim fabric and solid color patterns. There is an accessory on her wrist. There is a ring on her finger."
WOMEN-Leggings-id_00003347-04_1_front,id_00003347,WOMEN,Leggings,front,query,7020,This lady is wearing a medium-sleeve shirt with plaid patterns. The shirt is with cotton fabric and its neckline is lapel. This lady wears a long pants. The pants are with denim fabric and pure color patterns. The female wears a ring.
WOMEN-Leggings-id_00004109-04_1_front,id_00004109,WOMEN,Leggings,front,query,7030,This woman is wearing a short-sleeve shirt with graphic patterns. The shirt is with cotton fabric. It has a crew neckline. The trousers this woman wears is of long length. The trousers are with denim fabric and pure color patterns. There is an accessory on her wrist. There is a ring on her finger. There is an accessory in his her neck.
WOMEN-Leggings-id_00005576-01_2_side,id_00005576,WOMEN,Leggings,side,query,7039,"Her shirt has short sleeves, cotton fabric and color block patterns. The trousers this lady wears is of long length. The trousers are with denim fabric and solid color patterns. This woman wears a ring."
WOMEN-Leggings-id_00005576-01_7_additional,id_00005576,WOMEN,Leggings,additional,query,7040,The person is wearing a short-sleeve shirt with color block patterns. The shirt is with cotton fabric. It has a crew neckline. The person wears a long pants. The pants are with denim fabric and pure color patterns. There is a ring on her finger.
WOMEN-Pants-id_00000029-06_1_front,id_00000029,WOMEN,Pants,front,query,7052,The lady is wearing a long-sleeve sweater with graphic patterns and a long trousers. The sweater is with cotton fabric. The neckline of the sweater is crew. The trousers are with cotton fabric and pure color patterns. The outer clothing is with knitting fabric and lattice patterns.
WOMEN-Pants-id_00000065-02_7_additional,id_00000065,WOMEN,Pants,additional,query,7057,The person is wearing a short-sleeve shirt with plaid patterns. The shirt is with cotton fabric and its neckline is lapel. The trousers the person wears is of three-quarter length. The trousers are with cotton fabric and plaid patterns.
WOMEN-Pants-id_00000734-02_1_front,id_00000734,WOMEN,Pants,front,query,7075,This woman is wearing a short-sleeve T-shirt with complicated patterns. The T-shirt is with cotton fabric. It has a crew neckline. This woman wears a long trousers. The trousers are with cotton fabric and pure color patterns. This person wears a ring. There is a belt on her waist.
WOMEN-Pants-id_00001405-02_1_front,id_00001405,WOMEN,Pants,front,query,7098,"The upper clothing has no sleeves, cotton fabric and solid color patterns. The neckline of it is crew. The lower clothing is of long length. The fabric is cotton and it has graphic patterns. There is an accessory on her wrist. The female is wearing a ring on her finger. There is an accessory in his her neck."
WOMEN-Pants-id_00001731-03_4_full,id_00001731,WOMEN,Pants,full,query,7120,"The T-shirt this female wears has short sleeves and its fabric is cotton. The pattern of it is pure color. It has a crew neckline. This female wears a long trousers, with cotton fabric and solid color patterns. There is an accessory on her wrist. There is a ring on her finger."
WOMEN-Pants-id_00001734-04_1_front,id_00001734,WOMEN,Pants,front,query,7124,This person is wearing a medium-sleeve shirt with striped patterns and a long pants. The shirt is with cotton fabric. The neckline of the shirt is crew. The pants are with cotton fabric and solid color patterns. There is a belt on her waist.
WOMEN-Pants-id_00001734-05_1_front,id_00001734,WOMEN,Pants,front,query,7125,"The upper clothing has short sleeves, cotton fabric and solid color patterns. The neckline of it is crew. The lower clothing is of long length. The fabric is cotton and it has pure color patterns. There is an accessory on her wrist. This female is wearing a belt. This woman is wearing a ring on her finger. This female is wearing a hat."
WOMEN-Pants-id_00001767-01_1_front,id_00001767,WOMEN,Pants,front,query,7126,"The tank shirt the person wears has no sleeves and it is with cotton fabric and pure color patterns. The person wears a long pants, with cotton fabric and graphic patterns. The person has neckwear."
WOMEN-Pants-id_00001998-04_1_front,id_00001998,WOMEN,Pants,front,query,7141,The lady wears a sleeveless tank shirt with solid color patterns and a long pants. The tank shirt is with denim fabric. The neckline of the tank shirt is suspenders. The pants are with cotton fabric and solid color patterns. There is an accessory on her wrist. There is an accessory in his her neck. There is a ring on her finger.
WOMEN-Pants-id_00001998-06_1_front,id_00001998,WOMEN,Pants,front,query,7143,This lady wears a tank tank shirt with pure color patterns and long trousers. The tank shirt is with denim fabric and it has a suspenders neckline. The trousers are with cotton fabric and pure color patterns. There is an accessory on her wrist. The person wears a ring. There is an accessory in his her neck.
WOMEN-Pants-id_00002087-04_1_front,id_00002087,WOMEN,Pants,front,query,7148,This woman wears a long-sleeve sweater with solid color patterns and a long trousers. The sweater is with leather fabric. The neckline of the sweater is stand. The trousers are with cotton fabric and solid color patterns. This woman wears a ring.
WOMEN-Pants-id_00002195-04_1_front,id_00002195,WOMEN,Pants,front,query,7156,This woman is wearing a short-sleeve shirt with solid color patterns. The shirt is with cotton fabric. It has a lapel neckline. The pants this woman wears is of long length. The pants are with cotton fabric and solid color patterns.
WOMEN-Pants-id_00002225-02_1_front,id_00002225,WOMEN,Pants,front,query,7161,The person is wearing a short-sleeve T-shirt with pure color patterns. The T-shirt is with cotton fabric. It has a crew neckline. The trousers the person wears is of long length. The trousers are with cotton fabric and graphic patterns.
WOMEN-Pants-id_00002331-01_1_front,id_00002331,WOMEN,Pants,front,query,7167,This woman wears a tank tank top with pure color patterns. The tank top is with cotton fabric. The pants this woman wears is of long length. The pants are with cotton fabric and pure color patterns. There is an accessory on her wrist. There is an accessory in his her neck.
WOMEN-Pants-id_00002331-02_1_front,id_00002331,WOMEN,Pants,front,query,7168,The lady wears a tank tank shirt with pure color patterns. The tank shirt is with cotton fabric. The lady wears a long pants. The pants are with cotton fabric and pure color patterns. There is an accessory in his her neck. There is an accessory on her wrist. There is a ring on her finger. The female is wearing a pair of sunglasses.
WOMEN-Pants-id_00002660-01_1_front,id_00002660,WOMEN,Pants,front,query,7184,"Her tank shirt has no sleeves, cotton fabric and solid color patterns. It has a suspenders neckline. The trousers the lady wears is of long length. The trousers are with cotton fabric and solid color patterns. There is an accessory on her wrist. This woman has neckwear."
WOMEN-Pants-id_00002691-01_1_front,id_00002691,WOMEN,Pants,front,query,7189,This woman wears a sleeveless tank shirt with pure color patterns and a long pants. The tank shirt is with cotton fabric. The pants are with cotton fabric and solid color patterns. There is an accessory in his her neck. There is an accessory on her wrist. There is a ring on her finger.
WOMEN-Pants-id_00002691-06_1_front,id_00002691,WOMEN,Pants,front,query,7194,This female wears a tank tank shirt with pure color patterns and long trousers. The tank shirt is with cotton fabric. The trousers are with cotton fabric and solid color patterns. There is an accessory in his her neck. There is an accessory on her wrist. This person wears a ring.
WOMEN-Pants-id_00002691-08_1_front,id_00002691,WOMEN,Pants,front,query,7195,This female wears a sleeveless tank shirt with pure color patterns and a long pants. The tank shirt is with cotton fabric and its neckline is suspenders. The pants are with cotton fabric and pure color patterns. There is an accessory on her wrist.
WOMEN-Pants-id_00002691-09_1_front,id_00002691,WOMEN,Pants,front,query,7196,"Her tank shirt has sleeves cut off, cotton fabric and solid color patterns. The neckline of it is suspenders. The trousers this woman wears is of long length. The trousers are with cotton fabric and solid color patterns. There is an accessory on her wrist."
WOMEN-Pants-id_00002697-02_1_front,id_00002697,WOMEN,Pants,front,query,7199,"Her tank shirt has no sleeves, cotton fabric and pure color patterns. The neckline of it is crew. The pants this woman wears is of long length. The pants are with cotton fabric and graphic patterns. There is an accessory in his her neck. There is an accessory on her wrist. There is a ring on her finger."
WOMEN-Pants-id_00002920-05_1_front,id_00002920,WOMEN,Pants,front,query,7209,This woman wears a short-sleeve T-shirt with other patterns and long pants. The T-shirt is with cotton fabric and it has a round neckline. The pants are with cotton fabric and solid color patterns. The female has neckwear. This female wears a ring.
WOMEN-Pants-id_00003096-03_1_front,id_00003096,WOMEN,Pants,front,query,7218,This female is wearing a sleeveless tank top with pure color patterns. The tank top is with cotton fabric. It has a crew neckline. This female wears a three-quarter trousers. The trousers are with cotton fabric and solid color patterns. The person has neckwear.
WOMEN-Pants-id_00003100-04_1_front,id_00003100,WOMEN,Pants,front,query,7220,"Her tank shirt has no sleeves, cotton fabric and solid color patterns. The pants this woman wears is of long length. The pants are with cotton fabric and pure color patterns. The lady wears a ring. There is an accessory on her wrist."
WOMEN-Pants-id_00003100-05_1_front,id_00003100,WOMEN,Pants,front,query,7221,This female is wearing a tank tank top with solid color patterns. The tank top is with cotton fabric. This female wears a long pants. The pants are with cotton fabric and solid color patterns. There is a ring on her finger. There is an accessory on her wrist.
WOMEN-Pants-id_00003100-07_1_front,id_00003100,WOMEN,Pants,front,query,7223,This person wears a tank tank top with solid color patterns and a long pants. The tank top is with cotton fabric. The pants are with cotton fabric and solid color patterns. The lady wears a ring. There is an accessory on her wrist.
WOMEN-Pants-id_00003202-10_1_front,id_00003202,WOMEN,Pants,front,query,7231,This lady is wearing a medium-sleeve shirt with pure color patterns and a long pants. The shirt is with cotton fabric and its neckline is round. The pants are with cotton fabric and pure color patterns. The outer clothing is with cotton fabric and pure color patterns. There is an accessory on her wrist.
WOMEN-Pants-id_00003202-10_2_side,id_00003202,WOMEN,Pants,side,query,7232,"The shirt this female wears has medium sleeves and it is with cotton fabric and pure color patterns. This female wears a long trousers, with cotton fabric and solid color patterns. There is an accessory on her wrist."
WOMEN-Pants-id_00003202-10_4_full,id_00003202,WOMEN,Pants,full,query,7233,"Her tank shirt has sleeves cut off, cotton fabric and solid color patterns. The neckline of it is lapel. This lady wears a long pants. The pants are with cotton fabric and pure color patterns. There is an accessory on her wrist."
WOMEN-Pants-id_00003202-32_4_full,id_00003202,WOMEN,Pants,full,query,7235,This woman is wearing a medium-sleeve shirt with pure color patterns and a long pants. The shirt is with cotton fabric and its neckline is round. The pants are with cotton fabric and solid color patterns. There is an accessory on her wrist. There is a ring on her finger.
WOMEN-Pants-id_00003284-03_1_front,id_00003284,WOMEN,Pants,front,query,7240,The person is wearing a sleeveless tank shirt with solid color patterns. The tank shirt is with cotton fabric. It has a crew neckline. The trousers the person wears is of long length. The trousers are with cotton fabric and graphic patterns. This female has neckwear. The person wears a ring.
WOMEN-Pants-id_00003296-02_4_full,id_00003296,WOMEN,Pants,full,query,7242,"The upper clothing has long sleeves, cotton fabric and graphic patterns. It has a round neckline. The lower clothing is of long length. The fabric is cotton and it has solid color patterns. The person is wearing a ring on her finger. There is an accessory in his her neck."
WOMEN-Pants-id_00003437-05_1_front,id_00003437,WOMEN,Pants,front,query,7251,"The tank top the lady wears has sleeves cut off and its fabric is cotton. The pattern of it is solid color. It has a suspenders neckline. The lady wears a long pants, with denim fabric and pure color patterns. There is an accessory in his her neck."
WOMEN-Pants-id_00003637-03_1_front,id_00003637,WOMEN,Pants,front,query,7267,This female is wearing a medium-sleeve shirt with graphic patterns. The shirt is with cotton fabric and its neckline is suspenders. This female wears a long pants. The pants are with cotton fabric and pure color patterns. This woman wears a belt. This female is wearing a ring on her finger. There is an accessory on her wrist. There is an accessory in his her neck.
WOMEN-Pants-id_00003829-02_1_front,id_00003829,WOMEN,Pants,front,query,7272,"The tank shirt the female wears has no sleeves and it is with cotton fabric and solid color patterns. The neckline of the tank shirt is crew. The female wears a long trousers, with cotton fabric and pure color patterns."
WOMEN-Pants-id_00003919-03_7_additional,id_00003919,WOMEN,Pants,additional,query,7280,This female wears a sleeveless tank shirt with solid color patterns. The tank shirt is with cotton fabric. It has a crew neckline. This female wears a long trousers. The trousers are with cotton fabric and pure color patterns. This woman is wearing a ring on her finger. There is an accessory on her wrist. There is an accessory in his her neck.
WOMEN-Pants-id_00003919-05_1_front,id_00003919,WOMEN,Pants,front,query,7282,The female wears a sleeveless tank top with solid color patterns. The tank top is with cotton fabric. It has a round neckline. The trousers the female wears is of long length. The trousers are with cotton fabric and pure color patterns. The female has neckwear. The female wears a ring. There is an accessory on her wrist.
WOMEN-Pants-id_00003919-09_1_front,id_00003919,WOMEN,Pants,front,query,7285,"Her tank shirt has sleeves cut off, cotton fabric and pure color patterns. The neckline of it is suspenders. The female wears a long trousers. The trousers are with cotton fabric and solid color patterns. There is an accessory on her wrist."
WOMEN-Pants-id_00004070-06_1_front,id_00004070,WOMEN,Pants,front,query,7299,"This person wears a long-sleeve shirt with solid color patterns and long trousers. The shirt is with knitting fabric and it has a crew neckline. The trousers are with cotton fabric and solid color patterns. The person also wears an outer clothing, with cotton fabric and solid color patterns. There is an accessory on her wrist."
WOMEN-Pants-id_00004070-07_1_front,id_00004070,WOMEN,Pants,front,query,7300,The person is wearing a short-sleeve shirt with pure color patterns and a long pants. The shirt is with cotton fabric and its neckline is round. The pants are with cotton fabric and pure color patterns. There is a ring on her finger. There is an accessory on her wrist.
WOMEN-Pants-id_00004070-08_1_front,id_00004070,WOMEN,Pants,front,query,7301,The lady wears a short-sleeve T-shirt with pure color patterns and a long trousers. The T-shirt is with cotton fabric and its neckline is round. The trousers are with cotton fabric and pure color patterns. There is an accessory on her wrist. There is a ring on her finger.
WOMEN-Pants-id_00004253-07_1_front,id_00004253,WOMEN,Pants,front,query,7315,"This female wears a long-sleeve sweater with graphic patterns and long pants. The sweater is with cotton fabric and it has a round neckline. The pants are with cotton fabric and pure color patterns. This woman also wears an outer clothing, with cotton fabric and complicated patterns. The female has neckwear. The person is wearing a ring on her finger."
WOMEN-Pants-id_00004271-03_7_additional,id_00004271,WOMEN,Pants,additional,query,7319,"Her shirt has long sleeves, knitting fabric and solid color patterns. The neckline of it is crew. The trousers this woman wears is of long length. The trousers are with cotton fabric and graphic patterns. This woman also wears an outer clothing, with leather fabric and pure color patterns. The lady is wearing a ring on her finger."
WOMEN-Pants-id_00004271-04_4_full,id_00004271,WOMEN,Pants,full,query,7320,This female is wearing a long-sleeve shirt with pure color patterns. The shirt is with knitting fabric and its neckline is round. This female wears a long pants. The pants are with cotton fabric and graphic patterns.
WOMEN-Pants-id_00005286-05_1_front,id_00005286,WOMEN,Pants,front,query,7355,"The shirt this female wears has short sleeves and its fabric is cotton. The pattern of it is pure color. It has a round neckline. This female wears a long trousers, with cotton fabric and solid color patterns. The female wears a ring."
WOMEN-Pants-id_00005554-02_1_front,id_00005554,WOMEN,Pants,front,query,7373,"The upper clothing has no sleeves, cotton fabric and pure color patterns. The neckline of it is suspenders. The lower clothing is of long length. The fabric is denim and it has solid color patterns."
WOMEN-Pants-id_00005566-02_1_front,id_00005566,WOMEN,Pants,front,query,7374,This person is wearing a long-sleeve shirt with graphic patterns. The shirt is with cotton fabric and its neckline is round. The pants this person wears is of long length. The pants are with cotton fabric and graphic patterns. The outer clothing this woman wears is with knitting fabric and solid color patterns. The female is wearing a ring on her finger. The female has neckwear.
WOMEN-Pants-id_00005646-01_2_side,id_00005646,WOMEN,Pants,side,query,7378,This woman is wearing a short-sleeve T-shirt with pure color patterns. The T-shirt is with cotton fabric and its neckline is round. This woman wears a long pants. The pants are with cotton fabric and pure color patterns. There is an accessory on her wrist.
WOMEN-Pants-id_00005646-01_7_additional,id_00005646,WOMEN,Pants,additional,query,7379,This lady wears a short-sleeve shirt with pure color patterns and a long pants. The shirt is with cotton fabric. The pants are with cotton fabric and pure color patterns. There is an accessory on her wrist.
WOMEN-Pants-id_00005959-04_1_front,id_00005959,WOMEN,Pants,front,query,7397,The lady is wearing a long-sleeve sweater with graphic patterns and a long pants. The sweater is with cotton fabric. The neckline of the sweater is crew. The pants are with cotton fabric and pure color patterns. The outer clothing is with denim fabric and pure color patterns. There is a ring on her finger.
WOMEN-Pants-id_00005959-06_1_front,id_00005959,WOMEN,Pants,front,query,7399,"Her shirt has long sleeves, cotton fabric and graphic patterns. The neckline of it is crew. The trousers this woman wears is of long length. The trousers are with cotton fabric and pure color patterns. The outer clothing is with denim fabric and solid color patterns. There is a ring on her finger."
WOMEN-Pants-id_00005975-04_1_front,id_00005975,WOMEN,Pants,front,query,7403,"The upper clothing has sleeves cut off, cotton fabric and pure color patterns. It has a crew neckline. The lower clothing is of long length. The fabric is cotton and it has solid color patterns. There is a belt on her waist. There is a ring on her finger. There is an accessory on her wrist."
WOMEN-Pants-id_00006692-04_1_front,id_00006692,WOMEN,Pants,front,query,7442,This person is wearing a sleeveless tank shirt with pure color patterns. The tank shirt is with cotton fabric. The pants this person wears is of long length. The pants are with cotton fabric and pure color patterns. The outer clothing the female wears is with chiffon fabric and graphic patterns. There is an accessory on her wrist. There is an accessory in his her neck.
WOMEN-Pants-id_00006692-07_1_front,id_00006692,WOMEN,Pants,front,query,7445,"This person wears a tank tank shirt with pure color patterns and long trousers. The tank shirt is with cotton fabric and it has a suspenders neckline. The trousers are with cotton fabric and solid color patterns. The female also wears an outer clothing, with chiffon fabric and graphic patterns. This person has neckwear. There is an accessory on her wrist."
WOMEN-Pants-id_00006980-05_1_front,id_00006980,WOMEN,Pants,front,query,7453,This woman wears a sleeveless tank top with graphic patterns. The tank top is with cotton fabric. It has a crew neckline. The trousers this woman wears is of long length. The trousers are with cotton fabric and solid color patterns. There is a ring on her finger. There is an accessory on her wrist.
WOMEN-Pants-id_00007042-02_1_front,id_00007042,WOMEN,Pants,front,query,7455,This female wears a short-sleeve T-shirt with solid color patterns. The T-shirt is with cotton fabric. It has a crew neckline. The pants this female wears is of long length. The pants are with cotton fabric and solid color patterns. There is an accessory on her wrist. The person is wearing a ring on her finger.
WOMEN-Pants-id_00007061-04_1_front,id_00007061,WOMEN,Pants,front,query,7457,"Her sweater has long sleeves, cotton fabric and solid color patterns. The trousers the lady wears is of long length. The trousers are with cotton fabric and pure color patterns. The outer clothing is with cotton fabric and pure color patterns. The female is wearing a ring on her finger. There is an accessory in his her neck. The person has a hat in her head."
WOMEN-Pants-id_00007061-06_1_front,id_00007061,WOMEN,Pants,front,query,7459,This lady wears a sleeveless tank top with solid color patterns and long pants. The tank top is with cotton fabric and it has a suspenders neckline. The pants are with cotton fabric and pure color patterns. This female is wearing a ring on her finger. This woman has neckwear. The person is wearing a hat.
WOMEN-Pants-id_00007348-02_1_front,id_00007348,WOMEN,Pants,front,query,7481,"Her shirt has medium sleeves, cotton fabric and graphic patterns. The neckline of it is crew. The pants this woman wears is of long length. The pants are with leather fabric and pure color patterns. The female also wears an outer clothing, with cotton fabric and graphic patterns. This female is wearing a ring on her finger. There is an accessory on her wrist. The lady has a hat in her head."
WOMEN-Pants-id_00007392-02_1_front,id_00007392,WOMEN,Pants,front,query,7486,"The upper clothing has short sleeves, cotton fabric and solid color patterns. It has a crew neckline. The lower clothing is of long length. The fabric is cotton and it has pure color patterns. There is an accessory on her wrist."
WOMEN-Pants-id_00007562-02_1_front,id_00007562,WOMEN,Pants,front,query,7500,"Her tank shirt has sleeves cut off, cotton fabric and solid color patterns. It has a round neckline. The trousers this person wears is of long length. The trousers are with cotton fabric and pure color patterns. There is an accessory in his her neck. There is an accessory on her wrist. This female wears a ring."
WOMEN-Pants-id_00007584-01_3_back,id_00007584,WOMEN,Pants,back,query,7504,"The upper clothing has sleeves cut off, cotton fabric and solid color patterns. The lower clothing is of long length. The fabric is cotton and it has graphic patterns. There is a ring on her finger. There is an accessory on her wrist. The person is wearing a hat."
WOMEN-Pants-id_00007584-01_7_additional,id_00007584,WOMEN,Pants,additional,query,7505,"The shirt this woman wears has long sleeves, its fabric is cotton, and it has pure color patterns. The shirt has a crew neckline. This woman wears a long pants, with cotton fabric and graphic patterns. The outer clothing is with knitting fabric and solid color patterns. There is an accessory in his her neck. This person is wearing a hat."
WOMEN-Rompers_Jumpsuits-id_00000050-03_1_front,id_00000050,WOMEN,Rompers_Jumpsuits,front,query,7531,"The sweater this person wears has long sleeves, its fabric is cotton, and it has floral patterns. The sweater has a v-shape neckline. This person wears a long trousers, with cotton fabric and floral patterns. This female wears a hat. The female wears a ring. This woman has neckwear."
WOMEN-Rompers_Jumpsuits-id_00000050-03_7_additional,id_00000050,WOMEN,Rompers_Jumpsuits,additional,query,7532,The person wears a long-sleeve shirt with floral patterns. The shirt is with cotton fabric. The person wears a long trousers. The trousers are with cotton fabric and floral patterns. This female is wearing a hat. There is a ring on her finger.
WOMEN-Rompers_Jumpsuits-id_00000344-07_4_full,id_00000344,WOMEN,Rompers_Jumpsuits,full,query,7549,"The upper clothing has sleeves cut off, cotton fabric and solid color patterns. The neckline of it is suspenders. The lower clothing is of three-point length. The fabric is cotton and it has graphic patterns. There is a belt on her waist. There is an accessory on her wrist. There is a ring on her finger."
WOMEN-Rompers_Jumpsuits-id_00000417-01_1_front,id_00000417,WOMEN,Rompers_Jumpsuits,front,query,7553,The person is wearing a long-sleeve shirt with pure color patterns. The shirt is with denim fabric and its neckline is lapel. The person wears a long trousers. The trousers are with denim fabric and pure color patterns. The lady wears a ring.
WOMEN-Rompers_Jumpsuits-id_00000417-01_7_additional,id_00000417,WOMEN,Rompers_Jumpsuits,additional,query,7555,This female wears a long-sleeve shirt with pure color patterns. The shirt is with denim fabric. It has a lapel neckline. This female wears a long pants. The pants are with denim fabric and solid color patterns. This woman wears a ring.
WOMEN-Rompers_Jumpsuits-id_00000668-03_2_side,id_00000668,WOMEN,Rompers_Jumpsuits,side,query,7585,The female wears a long-sleeve sweater with pure color patterns. The sweater is with cotton fabric. It has a round neckline. The female wears a medium shorts. The shorts are with cotton fabric and pure color patterns. This person is wearing a ring on her finger.
WOMEN-Rompers_Jumpsuits-id_00000668-03_3_back,id_00000668,WOMEN,Rompers_Jumpsuits,back,query,7586,"Her sweater has long sleeves, cotton fabric and solid color patterns. The pants the person wears is of short length. The pants are with cotton fabric and solid color patterns."
WOMEN-Rompers_Jumpsuits-id_00000668-04_2_side,id_00000668,WOMEN,Rompers_Jumpsuits,side,query,7588,"The shirt this female wears has long sleeves and it is with cotton fabric and pure color patterns. This female wears a medium pants, with cotton fabric and pure color patterns. This person wears a ring."
WOMEN-Rompers_Jumpsuits-id_00000668-04_7_additional,id_00000668,WOMEN,Rompers_Jumpsuits,additional,query,7590,This woman is wearing a long-sleeve shirt with solid color patterns. The shirt is with cotton fabric. This woman wears a short shorts. The shorts are with cotton fabric and pure color patterns.
WOMEN-Rompers_Jumpsuits-id_00000820-04_3_back,id_00000820,WOMEN,Rompers_Jumpsuits,back,query,7597,"The upper clothing has sleeves cut off, cotton fabric and floral patterns. The lower clothing is of long length. The fabric is cotton and it has floral patterns. There is an accessory on her wrist."
WOMEN-Rompers_Jumpsuits-id_00000820-04_4_full,id_00000820,WOMEN,Rompers_Jumpsuits,full,query,7598,"The upper clothing has sleeves cut off, cotton fabric and floral patterns. The neckline of it is crew. The lower clothing is of long length. The fabric is cotton and it has floral patterns. There is an accessory on her wrist."
WOMEN-Rompers_Jumpsuits-id_00000820-05_1_front,id_00000820,WOMEN,Rompers_Jumpsuits,front,query,7599,This lady is wearing a tank tank top with floral patterns. The tank top is with cotton fabric and its neckline is crew. This lady wears a long pants. The pants are with cotton fabric and floral patterns. There is an accessory on her wrist.
WOMEN-Rompers_Jumpsuits-id_00000820-06_7_additional,id_00000820,WOMEN,Rompers_Jumpsuits,additional,query,7604,This woman is wearing a sleeveless tank top with floral patterns. The tank top is with cotton fabric. The pants this woman wears is of long length. The pants are with cotton fabric and floral patterns.
WOMEN-Rompers_Jumpsuits-id_00000883-01_2_side,id_00000883,WOMEN,Rompers_Jumpsuits,side,query,7616,This female is wearing a tank tank top with graphic patterns. The tank top is with cotton fabric. It has a suspenders neckline. The pants this female wears is of long length. The pants are with cotton fabric and graphic patterns. There is an accessory on her wrist. There is a ring on her finger.
WOMEN-Rompers_Jumpsuits-id_00000883-01_7_additional,id_00000883,WOMEN,Rompers_Jumpsuits,additional,query,7617,"Her tank top has no sleeves, cotton fabric and graphic patterns. The pants this person wears is of long length. The pants are with cotton fabric and graphic patterns. There is a ring on her finger. There is an accessory on her wrist."
WOMEN-Rompers_Jumpsuits-id_00000957-02_7_additional,id_00000957,WOMEN,Rompers_Jumpsuits,additional,query,7625,The female is wearing a tank tank shirt with pure color patterns. The tank shirt is with cotton fabric. The pants the female wears is of long length. The pants are with cotton fabric and solid color patterns. There is a ring on her finger.
WOMEN-Rompers_Jumpsuits-id_00001038-03_1_front,id_00001038,WOMEN,Rompers_Jumpsuits,front,query,7636,The person is wearing a sleeveless tank top with pure color patterns. The tank top is with cotton fabric. It has a v-shape neckline. The person wears a long trousers. The trousers are with cotton fabric and pure color patterns. There is a ring on her finger.
WOMEN-Rompers_Jumpsuits-id_00001038-03_4_full,id_00001038,WOMEN,Rompers_Jumpsuits,full,query,7638,"The tank shirt the female wears has sleeves cut off, its fabric is cotton, and it has pure color patterns. The female wears a long trousers, with cotton fabric and solid color patterns. There is a ring on her finger. There is an accessory on her wrist."
WOMEN-Rompers_Jumpsuits-id_00001038-04_1_front,id_00001038,WOMEN,Rompers_Jumpsuits,front,query,7639,"The tank shirt the person wears has no sleeves, its fabric is cotton, and it has pure color patterns. The tank shirt has a v-shape neckline. The person wears a long trousers, with cotton fabric and pure color patterns. There is a ring on her finger. There is an accessory on her wrist."
WOMEN-Rompers_Jumpsuits-id_00001038-04_4_full,id_00001038,WOMEN,Rompers_Jumpsuits,full,query,7642,This woman wears a sleeveless tank shirt with pure color patterns and long pants. The tank shirt is with cotton fabric. The pants are with cotton fabric and solid color patterns. There is an accessory on her wrist. This female wears a ring.
WOMEN-Rompers_Jumpsuits-id_00001117-02_2_side,id_00001117,WOMEN,Rompers_Jumpsuits,side,query,7652,"The tank shirt the female wears has no sleeves, its fabric is cotton, and it has pure color patterns. The tank shirt has a v-shape neckline. The female wears a long trousers, with cotton fabric and solid color patterns. There is an accessory on her wrist. This woman is wearing a ring on her finger."
WOMEN-Rompers_Jumpsuits-id_00001126-05_1_front,id_00001126,WOMEN,Rompers_Jumpsuits,front,query,7653,"The tank shirt the lady wears has sleeves cut off, its fabric is cotton, and it has pure color patterns. The tank shirt has a suspenders neckline. The lady wears a long pants, with cotton fabric and solid color patterns. This female has a hat in her head. There is an accessory on her wrist. This female is wearing a belt."
WOMEN-Rompers_Jumpsuits-id_00001126-06_1_front,id_00001126,WOMEN,Rompers_Jumpsuits,front,query,7656,"The tank shirt this woman wears has no sleeves and it is with cotton fabric and pure color patterns. The neckline of the tank shirt is suspenders. This woman wears a long trousers, with cotton fabric and pure color patterns. The person wears a belt. There is an accessory on her wrist."
WOMEN-Rompers_Jumpsuits-id_00001126-06_7_additional,id_00001126,WOMEN,Rompers_Jumpsuits,additional,query,7658,The female wears a tank tank top with pure color patterns and long trousers. The tank top is with cotton fabric. The trousers are with cotton fabric and pure color patterns. There is an accessory on her wrist.
WOMEN-Rompers_Jumpsuits-id_00001126-07_3_back,id_00001126,WOMEN,Rompers_Jumpsuits,back,query,7660,"Her tank top has no sleeves, cotton fabric and pure color patterns. The trousers the female wears is of long length. The trousers are with cotton fabric and solid color patterns. There is an accessory on her wrist."
WOMEN-Rompers_Jumpsuits-id_00001126-07_7_additional,id_00001126,WOMEN,Rompers_Jumpsuits,additional,query,7661,The lady wears a tank tank top with solid color patterns. The tank top is with cotton fabric. It has a suspenders neckline. The pants the lady wears is of long length. The pants are with cotton fabric and solid color patterns. There is an accessory on her wrist.
WOMEN-Rompers_Jumpsuits-id_00001318-02_2_side,id_00001318,WOMEN,Rompers_Jumpsuits,side,query,7666,This lady wears a sleeveless tank top with graphic patterns and long pants. The tank top is with cotton fabric. The pants are with cotton fabric and pure color patterns.
WOMEN-Rompers_Jumpsuits-id_00001489-02_1_front,id_00001489,WOMEN,Rompers_Jumpsuits,front,query,7679,This woman is wearing a sleeveless tank top with pure color patterns. The tank top is with denim fabric and its neckline is suspenders. This woman wears a long pants. The pants are with denim fabric and solid color patterns. This person is wearing a ring on her finger.
WOMEN-Rompers_Jumpsuits-id_00001489-02_2_side,id_00001489,WOMEN,Rompers_Jumpsuits,side,query,7680,The female is wearing a tank tank top with solid color patterns and a long trousers. The tank top is with denim fabric and its neckline is suspenders. The trousers are with denim fabric and pure color patterns. This woman is wearing a ring on her finger.
WOMEN-Rompers_Jumpsuits-id_00001546-02_1_front,id_00001546,WOMEN,Rompers_Jumpsuits,front,query,7691,The person wears a sleeveless tank shirt with graphic patterns and a long pants. The tank shirt is with cotton fabric and its neckline is suspenders. The pants are with cotton fabric and pure color patterns. This female has neckwear. This lady is wearing a hat. There is a ring on her finger. There is an accessory on her wrist.
WOMEN-Rompers_Jumpsuits-id_00001546-03_2_side,id_00001546,WOMEN,Rompers_Jumpsuits,side,query,7695,"Her tank shirt has sleeves cut off, cotton fabric and graphic patterns. It has a suspenders neckline. The trousers the person wears is of long length. The trousers are with cotton fabric and solid color patterns. There is a ring on her finger."
WOMEN-Rompers_Jumpsuits-id_00001546-03_7_additional,id_00001546,WOMEN,Rompers_Jumpsuits,additional,query,7696,"The tank top the lady wears has sleeves cut off and it is with cotton fabric and graphic patterns. The lady wears a long trousers, with cotton fabric and solid color patterns. There is a ring on her finger. The person has neckwear."
WOMEN-Rompers_Jumpsuits-id_00001548-05_4_full,id_00001548,WOMEN,Rompers_Jumpsuits,full,query,7699,This woman is wearing a sleeveless tank shirt with solid color patterns and a long pants. The tank shirt is with cotton fabric. The pants are with cotton fabric and pure color patterns. There is an accessory on her wrist. There is a ring on her finger.
WOMEN-Rompers_Jumpsuits-id_00001548-06_2_side,id_00001548,WOMEN,Rompers_Jumpsuits,side,query,7701,"Her tank top has no sleeves, cotton fabric and solid color patterns. The person wears a long trousers. The trousers are with cotton fabric and pure color patterns. The female is wearing a ring on her finger. There is an accessory on her wrist."
WOMEN-Rompers_Jumpsuits-id_00001548-06_4_full,id_00001548,WOMEN,Rompers_Jumpsuits,full,query,7702,"The upper clothing has sleeves cut off, cotton fabric and pure color patterns. The lower clothing is of long length. The fabric is cotton and it has solid color patterns. There is an accessory on her wrist. This lady wears a ring."
WOMEN-Rompers_Jumpsuits-id_00001575-01_2_side,id_00001575,WOMEN,Rompers_Jumpsuits,side,query,7704,"Her tank shirt has sleeves cut off, chiffon fabric and graphic patterns. The neckline of it is suspenders. The trousers this lady wears is of long length. The trousers are with chiffon fabric and pure color patterns. There is a ring on her finger. There is an accessory in his her neck. There is an accessory on her wrist."
WOMEN-Rompers_Jumpsuits-id_00001601-02_1_front,id_00001601,WOMEN,Rompers_Jumpsuits,front,query,7706,This female is wearing a sleeveless tank top with pure color patterns. The tank top is with cotton fabric. It has a suspenders neckline. The pants this female wears is of long length. The pants are with cotton fabric and solid color patterns. This woman has neckwear. There is an accessory on her wrist.
WOMEN-Rompers_Jumpsuits-id_00001601-02_4_full,id_00001601,WOMEN,Rompers_Jumpsuits,full,query,7709,The person wears a tank tank top with pure color patterns and long trousers. The tank top is with cotton fabric. The trousers are with cotton fabric and pure color patterns. There is an accessory in his her neck. There is an accessory on her wrist.
WOMEN-Rompers_Jumpsuits-id_00001650-01_3_back,id_00001650,WOMEN,Rompers_Jumpsuits,back,query,7715,The person is wearing a sleeveless tank top with graphic patterns. The tank top is with cotton fabric. The person wears a long pants. The pants are with cotton fabric and graphic patterns. There is an accessory on her wrist.
WOMEN-Rompers_Jumpsuits-id_00001650-02_1_front,id_00001650,WOMEN,Rompers_Jumpsuits,front,query,7717,This woman is wearing a sleeveless tank shirt with graphic patterns. The tank shirt is with cotton fabric and its neckline is suspenders. The trousers this woman wears is of long length. The trousers are with cotton fabric and graphic patterns.
WOMEN-Rompers_Jumpsuits-id_00001650-02_2_side,id_00001650,WOMEN,Rompers_Jumpsuits,side,query,7718,"The tank top the lady wears has sleeves cut off and it is with cotton fabric and graphic patterns. The lady wears a long trousers, with cotton fabric and graphic patterns."
WOMEN-Rompers_Jumpsuits-id_00001650-02_7_additional,id_00001650,WOMEN,Rompers_Jumpsuits,additional,query,7719,The lady is wearing a sleeveless tank shirt with graphic patterns. The tank shirt is with cotton fabric. The lady wears a long trousers. The trousers are with cotton fabric and graphic patterns.
WOMEN-Rompers_Jumpsuits-id_00001715-01_1_front,id_00001715,WOMEN,Rompers_Jumpsuits,front,query,7723,This person is wearing a sleeveless tank top with graphic patterns and a three-quarter trousers. The tank top is with cotton fabric. The neckline of the tank top is suspenders. The trousers are with cotton fabric and graphic patterns. There is an accessory on her wrist. The lady is wearing a ring on her finger. There is an accessory in his her neck.
WOMEN-Rompers_Jumpsuits-id_00001715-01_7_additional,id_00001715,WOMEN,Rompers_Jumpsuits,additional,query,7725,"The tank shirt the person wears has no sleeves and its fabric is cotton. The pattern of it is graphic. The person wears a three-quarter trousers, with cotton fabric and graphic patterns. There is an accessory in his her neck. This female is wearing a ring on her finger."
WOMEN-Rompers_Jumpsuits-id_00001721-01_3_back,id_00001721,WOMEN,Rompers_Jumpsuits,back,query,7728,"The tank shirt this lady wears has sleeves cut off, its fabric is cotton, and it has solid color patterns. This lady wears a long pants, with cotton fabric and pure color patterns. There is an accessory on her wrist."
WOMEN-Rompers_Jumpsuits-id_00001721-01_7_additional,id_00001721,WOMEN,Rompers_Jumpsuits,additional,query,7729,"The tank shirt the person wears has no sleeves and its fabric is cotton. The pattern of it is pure color. It has a round neckline. The person wears a long pants, with cotton fabric and solid color patterns. The female is wearing a ring on her finger. There is an accessory on her wrist."
WOMEN-Rompers_Jumpsuits-id_00001878-01_2_side,id_00001878,WOMEN,Rompers_Jumpsuits,side,query,7743,"The tank top this lady wears has no sleeves and it is with cotton fabric and floral patterns. This lady wears a long trousers, with cotton fabric and floral patterns. There is an accessory on her wrist. There is a ring on her finger."
WOMEN-Rompers_Jumpsuits-id_00001878-01_3_back,id_00001878,WOMEN,Rompers_Jumpsuits,back,query,7744,This woman wears a sleeveless tank top with floral patterns. The tank top is with cotton fabric. This woman wears a long trousers. The trousers are with cotton fabric and floral patterns. There is an accessory on her wrist. There is a ring on her finger.
WOMEN-Rompers_Jumpsuits-id_00001953-03_3_back,id_00001953,WOMEN,Rompers_Jumpsuits,back,query,7756,The person is wearing a tank tank top with graphic patterns. The tank top is with cotton fabric. The trousers the person wears is of long length. The trousers are with cotton fabric and graphic patterns. There is an accessory on her wrist. There is an accessory in his her neck.
WOMEN-Rompers_Jumpsuits-id_00001976-03_1_front,id_00001976,WOMEN,Rompers_Jumpsuits,front,query,7759,This lady is wearing a long-sleeve sweater with solid color patterns and a three-point shorts. The sweater is with cotton fabric. The neckline of the sweater is lapel. The shorts are with cotton fabric and solid color patterns. The female wears a pair of sunglasses. The female is wearing a ring on her finger.
WOMEN-Rompers_Jumpsuits-id_00002176-06_1_front,id_00002176,WOMEN,Rompers_Jumpsuits,front,query,7773,"Her T-shirt has short sleeves, cotton fabric and pure color patterns. The neckline of it is round. The trousers the person wears is of long length. The trousers are with cotton fabric and pure color patterns. The person wears a ring. There is an accessory on her wrist."
WOMEN-Rompers_Jumpsuits-id_00002176-06_2_side,id_00002176,WOMEN,Rompers_Jumpsuits,side,query,7774,This person is wearing a short-sleeve shirt with solid color patterns. The shirt is with cotton fabric. This person wears a long pants. The pants are with cotton fabric and pure color patterns. The lady is wearing a ring on her finger.
WOMEN-Rompers_Jumpsuits-id_00002176-07_7_additional,id_00002176,WOMEN,Rompers_Jumpsuits,additional,query,7777,"Her shirt has short sleeves, cotton fabric and pure color patterns. The neckline of it is round. The pants the person wears is of long length. The pants are with cotton fabric and solid color patterns."
WOMEN-Rompers_Jumpsuits-id_00002386-02_7_additional,id_00002386,WOMEN,Rompers_Jumpsuits,additional,query,7789,This lady is wearing a sleeveless tank top with graphic patterns and a long trousers. The tank top is with cotton fabric. The trousers are with cotton fabric and graphic patterns. This lady is wearing a ring on her finger.
WOMEN-Rompers_Jumpsuits-id_00002398-02_1_front,id_00002398,WOMEN,Rompers_Jumpsuits,front,query,7790,The person wears a tank tank shirt with floral patterns and long trousers. The tank shirt is with cotton fabric and it has a round neckline. The trousers are with cotton fabric and floral patterns. There is an accessory on her wrist.
WOMEN-Rompers_Jumpsuits-id_00002398-02_7_additional,id_00002398,WOMEN,Rompers_Jumpsuits,additional,query,7792,"Her tank top has sleeves cut off, cotton fabric and floral patterns. The person wears a long trousers. The trousers are with cotton fabric and floral patterns. There is an accessory on her wrist."
WOMEN-Rompers_Jumpsuits-id_00002412-03_7_additional,id_00002412,WOMEN,Rompers_Jumpsuits,additional,query,7796,This lady is wearing a sleeveless tank top with solid color patterns. The tank top is with cotton fabric. This lady wears a long pants. The pants are with cotton fabric and solid color patterns. This person wears a ring. There is an accessory on her wrist.
WOMEN-Rompers_Jumpsuits-id_00002412-04_2_side,id_00002412,WOMEN,Rompers_Jumpsuits,side,query,7798,"The tank shirt the lady wears has no sleeves and it is with cotton fabric and solid color patterns. The lady wears a long pants, with cotton fabric and solid color patterns. There is an accessory on her wrist. There is a ring on her finger."
WOMEN-Rompers_Jumpsuits-id_00002412-04_3_back,id_00002412,WOMEN,Rompers_Jumpsuits,back,query,7799,"Her tank top has no sleeves, cotton fabric and pure color patterns. The pants this lady wears is of long length. The pants are with cotton fabric and solid color patterns. The person wears a ring. There is an accessory on her wrist."
WOMEN-Rompers_Jumpsuits-id_00002412-04_7_additional,id_00002412,WOMEN,Rompers_Jumpsuits,additional,query,7800,"The tank shirt this female wears has no sleeves and its fabric is cotton. The pattern of it is pure color. This female wears a long trousers, with cotton fabric and solid color patterns. There is an accessory on her wrist."
WOMEN-Rompers_Jumpsuits-id_00002621-01_3_back,id_00002621,WOMEN,Rompers_Jumpsuits,back,query,7821,"The sweater this woman wears has long sleeves and it is with cotton fabric and graphic patterns. This woman wears a long trousers, with cotton fabric and graphic patterns. This person wears a ring."
WOMEN-Rompers_Jumpsuits-id_00002621-01_4_full,id_00002621,WOMEN,Rompers_Jumpsuits,full,query,7822,This person wears a tank tank shirt with graphic patterns and long pants. The tank shirt is with cotton fabric. The pants are with cotton fabric and graphic patterns. This person wears a ring.
WOMEN-Rompers_Jumpsuits-id_00002621-01_7_additional,id_00002621,WOMEN,Rompers_Jumpsuits,additional,query,7823,The person is wearing a long-sleeve shirt with graphic patterns and a long trousers. The shirt is with cotton fabric. The neckline of the shirt is suspenders. The trousers are with cotton fabric and graphic patterns. There is an accessory on her wrist. The female wears a ring. The lady wears a pair of sunglasses.
WOMEN-Rompers_Jumpsuits-id_00002632-03_2_side,id_00002632,WOMEN,Rompers_Jumpsuits,side,query,7826,"The tank shirt the lady wears has no sleeves and it is with cotton fabric and graphic patterns. The neckline of the tank shirt is suspenders. The lady wears a long trousers, with cotton fabric and graphic patterns. There is a ring on her finger. There is an accessory on her wrist. This lady has neckwear."
WOMEN-Rompers_Jumpsuits-id_00002851-01_1_front,id_00002851,WOMEN,Rompers_Jumpsuits,front,query,7838,This lady wears a tank tank shirt with graphic patterns. The tank shirt is with chiffon fabric. It has a suspenders neckline. The trousers this lady wears is of long length. The trousers are with chiffon fabric and graphic patterns. There is an accessory on her wrist. This person is wearing a ring on her finger.
WOMEN-Rompers_Jumpsuits-id_00002851-01_2_side,id_00002851,WOMEN,Rompers_Jumpsuits,side,query,7839,"Her tank shirt has no sleeves, chiffon fabric and graphic patterns. It has a suspenders neckline. The pants the person wears is of long length. The pants are with chiffon fabric and graphic patterns. There is a ring on her finger."
WOMEN-Rompers_Jumpsuits-id_00002851-01_7_additional,id_00002851,WOMEN,Rompers_Jumpsuits,additional,query,7841,"The tank top this lady wears has no sleeves and it is with chiffon fabric and graphic patterns. This lady wears a long trousers, with chiffon fabric and graphic patterns. The lady is wearing a ring on her finger."
WOMEN-Rompers_Jumpsuits-id_00003166-02_1_front,id_00003166,WOMEN,Rompers_Jumpsuits,front,query,7858,The person wears a sleeveless tank shirt with graphic patterns. The tank shirt is with cotton fabric. It has a suspenders neckline. The pants the person wears is of long length. The pants are with cotton fabric and graphic patterns. There is an accessory on her wrist. There is an accessory in his her neck. There is a ring on her finger.
WOMEN-Rompers_Jumpsuits-id_00003272-01_1_front,id_00003272,WOMEN,Rompers_Jumpsuits,front,query,7864,The person wears a tank tank top with pure color patterns and long pants. The tank top is with cotton fabric and it has a lapel neckline. The pants are with cotton fabric and solid color patterns. There is an accessory in his her neck. There is an accessory on her wrist. This person is wearing a ring on her finger. This lady has a hat in her head.
WOMEN-Rompers_Jumpsuits-id_00003394-02_3_back,id_00003394,WOMEN,Rompers_Jumpsuits,back,query,7869,"The upper clothing has no sleeves, chiffon fabric and stripe patterns. The lower clothing is of long length. The fabric is chiffon and it has stripe patterns. There is an accessory in his her neck. The female is wearing a belt. There is a ring on her finger. There is an accessory on her wrist."
WOMEN-Rompers_Jumpsuits-id_00003394-02_7_additional,id_00003394,WOMEN,Rompers_Jumpsuits,additional,query,7870,The person is wearing a tank tank top with stripe patterns. The tank top is with chiffon fabric and its neckline is suspenders. The person wears a long trousers. The trousers are with chiffon fabric and stripe patterns. There is an accessory on her wrist. There is a ring on her finger. There is an accessory in his her neck. This female is wearing a belt.
WOMEN-Rompers_Jumpsuits-id_00003496-01_4_full,id_00003496,WOMEN,Rompers_Jumpsuits,full,query,7875,The person wears a tank tank shirt with floral patterns and three-point pants. The tank shirt is with cotton fabric and it has a round neckline. The pants are with cotton fabric and floral patterns. There is an accessory on her wrist.
WOMEN-Rompers_Jumpsuits-id_00003536-03_1_front,id_00003536,WOMEN,Rompers_Jumpsuits,front,query,7881,"The tank shirt this lady wears has sleeves cut off and it is with cotton fabric and solid color patterns. The neckline of the tank shirt is v-shape. This lady wears a long pants, with cotton fabric and pure color patterns. There is a ring on her finger. There is an accessory in his her neck. There is an accessory on her wrist."
WOMEN-Rompers_Jumpsuits-id_00003536-03_7_additional,id_00003536,WOMEN,Rompers_Jumpsuits,additional,query,7883,The person wears a tank tank top with solid color patterns and long pants. The tank top is with cotton fabric. The pants are with cotton fabric and pure color patterns. There is an accessory in his her neck. There is an accessory on her wrist.
WOMEN-Rompers_Jumpsuits-id_00003552-03_1_front,id_00003552,WOMEN,Rompers_Jumpsuits,front,query,7885,The female is wearing a sleeveless tank shirt with graphic patterns. The tank shirt is with cotton fabric and its neckline is v-shape. The pants the female wears is of long length. The pants are with cotton fabric and graphic patterns. This female has neckwear. There is an accessory on her wrist.
WOMEN-Rompers_Jumpsuits-id_00003552-03_7_additional,id_00003552,WOMEN,Rompers_Jumpsuits,additional,query,7887,This woman is wearing a sleeveless tank shirt with graphic patterns. The tank shirt is with cotton fabric. It has a v-shape neckline. The trousers this woman wears is of long length. The trousers are with cotton fabric and graphic patterns. There is an accessory in his her neck. There is a ring on her finger.
WOMEN-Rompers_Jumpsuits-id_00003690-02_3_back,id_00003690,WOMEN,Rompers_Jumpsuits,back,query,7891,"Her tank shirt has no sleeves, cotton fabric and graphic patterns. The pants the person wears is of long length. The pants are with cotton fabric and graphic patterns. There is an accessory in his her neck. There is an accessory on her wrist."
WOMEN-Rompers_Jumpsuits-id_00003861-02_4_full,id_00003861,WOMEN,Rompers_Jumpsuits,full,query,7903,"Her shirt has short sleeves, chiffon fabric and solid color patterns. The neckline of it is lapel. The person wears a long pants. The pants are with chiffon fabric and solid color patterns. There is an accessory on her wrist. This person wears a belt. This person wears a ring."
WOMEN-Rompers_Jumpsuits-id_00003861-02_7_additional,id_00003861,WOMEN,Rompers_Jumpsuits,additional,query,7904,The female is wearing a short-sleeve T-shirt with solid color patterns. The T-shirt is with chiffon fabric and its neckline is lapel. The pants the female wears is of long length. The pants are with chiffon fabric and pure color patterns. This woman is wearing a ring on her finger. The female wears a belt. There is an accessory on her wrist.
WOMEN-Rompers_Jumpsuits-id_00003965-04_4_full,id_00003965,WOMEN,Rompers_Jumpsuits,full,query,7906,This woman is wearing a tank tank shirt with solid color patterns. The tank shirt is with cotton fabric and its neckline is crew. This woman wears a three-point shorts. The shorts are with cotton fabric and pure color patterns. The female is wearing a ring on her finger. There is an accessory on her wrist.
WOMEN-Rompers_Jumpsuits-id_00003985-01_2_side,id_00003985,WOMEN,Rompers_Jumpsuits,side,query,7909,The person wears a short-sleeve shirt with pure color patterns. The shirt is with denim fabric. The pants the person wears is of long length. The pants are with denim fabric and pure color patterns.
WOMEN-Rompers_Jumpsuits-id_00004196-02_2_side,id_00004196,WOMEN,Rompers_Jumpsuits,side,query,7913,The female is wearing a sleeveless tank top with solid color patterns and a long trousers. The tank top is with cotton fabric. The trousers are with cotton fabric and pure color patterns. There is an accessory on her wrist. There is a ring on her finger.
WOMEN-Rompers_Jumpsuits-id_00004201-01_1_front,id_00004201,WOMEN,Rompers_Jumpsuits,front,query,7914,This person wears a tank tank shirt with solid color patterns. The tank shirt is with cotton fabric. It has a round neckline. The trousers this person wears is of long length. The trousers are with denim fabric and solid color patterns. There is an accessory on her wrist. This female is wearing a ring on her finger.
WOMEN-Rompers_Jumpsuits-id_00004201-01_7_additional,id_00004201,WOMEN,Rompers_Jumpsuits,additional,query,7916,The lady wears a tank tank top with pure color patterns and long trousers. The tank top is with cotton fabric. The trousers are with denim fabric and pure color patterns. There is an accessory on her wrist.
WOMEN-Rompers_Jumpsuits-id_00004340-02_7_additional,id_00004340,WOMEN,Rompers_Jumpsuits,additional,query,7926,"The tank shirt this lady wears has no sleeves, its fabric is chiffon, and it has pure color patterns. The tank shirt has a suspenders neckline. This lady wears a long pants, with chiffon fabric and pure color patterns. This lady is wearing a ring on her finger. There is an accessory on her wrist."
WOMEN-Rompers_Jumpsuits-id_00004340-03_1_front,id_00004340,WOMEN,Rompers_Jumpsuits,front,query,7927,The lady wears a tank tank top with pure color patterns. The tank top is with chiffon fabric. It has a suspenders neckline. The lady wears a long pants. The pants are with chiffon fabric and pure color patterns. There is an accessory on her wrist. This person wears a ring.
WOMEN-Rompers_Jumpsuits-id_00004358-01_2_side,id_00004358,WOMEN,Rompers_Jumpsuits,side,query,7930,"Her shirt has short sleeves, cotton fabric and solid color patterns. It has a crew neckline. The trousers the lady wears is of long length. The trousers are with denim fabric and pure color patterns."
WOMEN-Rompers_Jumpsuits-id_00004432-02_2_side,id_00004432,WOMEN,Rompers_Jumpsuits,side,query,7937,The person is wearing a tank tank shirt with graphic patterns. The tank shirt is with cotton fabric. The person wears a long trousers. The trousers are with cotton fabric and graphic patterns. There is an accessory on her wrist.
WOMEN-Rompers_Jumpsuits-id_00004432-02_7_additional,id_00004432,WOMEN,Rompers_Jumpsuits,additional,query,7938,This person wears a sleeveless tank shirt with graphic patterns. The tank shirt is with cotton fabric. The pants this person wears is of long length. The pants are with cotton fabric and graphic patterns. There is an accessory on her wrist.
WOMEN-Rompers_Jumpsuits-id_00004487-02_2_side,id_00004487,WOMEN,Rompers_Jumpsuits,side,query,7942,The female wears a long-sleeve shirt with striped patterns and a long pants. The shirt is with cotton fabric. The pants are with denim fabric and pure color patterns. This person is wearing a ring on her finger.
WOMEN-Rompers_Jumpsuits-id_00004519-02_1_front,id_00004519,WOMEN,Rompers_Jumpsuits,front,query,7945,"Her tank shirt has sleeves cut off, cotton fabric and pure color patterns. The neckline of it is suspenders. The trousers this female wears is of long length. The trousers are with cotton fabric and solid color patterns. There is an accessory in his her neck. This woman is wearing a ring on her finger. There is an accessory on her wrist."
WOMEN-Rompers_Jumpsuits-id_00004519-02_2_side,id_00004519,WOMEN,Rompers_Jumpsuits,side,query,7946,This lady is wearing a sleeveless tank shirt with pure color patterns. The tank shirt is with cotton fabric and its neckline is suspenders. The trousers this lady wears is of long length. The trousers are with cotton fabric and solid color patterns. There is an accessory on her wrist. There is an accessory in his her neck.
WOMEN-Rompers_Jumpsuits-id_00004519-03_2_side,id_00004519,WOMEN,Rompers_Jumpsuits,side,query,7949,"The upper clothing has no sleeves, cotton fabric and solid color patterns. The lower clothing is of long length. The fabric is cotton and it has solid color patterns. The lady wears a ring. There is an accessory on her wrist."
WOMEN-Rompers_Jumpsuits-id_00004545-02_1_front,id_00004545,WOMEN,Rompers_Jumpsuits,front,query,7950,The person is wearing a short-sleeve T-shirt with pure color patterns and a long trousers. The T-shirt is with cotton fabric and its neckline is round. The trousers are with cotton fabric and graphic patterns. There is an accessory on her wrist.
WOMEN-Rompers_Jumpsuits-id_00004732-01_1_front,id_00004732,WOMEN,Rompers_Jumpsuits,front,query,7964,This lady is wearing a tank tank top with graphic patterns. The tank top is with cotton fabric. It has a suspenders neckline. This lady wears a long pants. The pants are with cotton fabric and graphic patterns. The lady is wearing a ring on her finger. There is an accessory on her wrist.
WOMEN-Rompers_Jumpsuits-id_00004879-02_2_side,id_00004879,WOMEN,Rompers_Jumpsuits,side,query,7973,"The upper clothing has sleeves cut off, cotton fabric and graphic patterns. The lower clothing is of three-point length. The fabric is cotton and it has graphic patterns. There is a ring on her finger. The female has neckwear. There is an accessory on her wrist."
WOMEN-Rompers_Jumpsuits-id_00004968-01_1_front,id_00004968,WOMEN,Rompers_Jumpsuits,front,query,7979,"The upper clothing has sleeves cut off, cotton fabric and graphic patterns. It has a v-shape neckline. The lower clothing is of long length. The fabric is cotton and it has graphic patterns. This woman is wearing a ring on her finger. There is an accessory on her wrist."
WOMEN-Rompers_Jumpsuits-id_00004968-01_7_additional,id_00004968,WOMEN,Rompers_Jumpsuits,additional,query,7981,"Her tank top has no sleeves, cotton fabric and graphic patterns. The trousers the female wears is of long length. The trousers are with cotton fabric and graphic patterns. There is an accessory on her wrist. The lady wears a ring."
WOMEN-Rompers_Jumpsuits-id_00005175-01_2_side,id_00005175,WOMEN,Rompers_Jumpsuits,side,query,7989,"The sweater the person wears has long sleeves and it is with denim fabric and solid color patterns. The neckline of the sweater is lapel. The person wears a long trousers, with denim fabric and solid color patterns. The person wears a ring."
WOMEN-Rompers_Jumpsuits-id_00005175-01_7_additional,id_00005175,WOMEN,Rompers_Jumpsuits,additional,query,7990,The lady wears a long-sleeve sweater with solid color patterns. The sweater is with denim fabric. It has a lapel neckline. The lady wears a long trousers. The trousers are with denim fabric and solid color patterns. The female is wearing a ring on her finger.
WOMEN-Rompers_Jumpsuits-id_00005212-02_2_side,id_00005212,WOMEN,Rompers_Jumpsuits,side,query,7992,The female is wearing a sleeveless tank shirt with graphic patterns and a long trousers. The tank shirt is with cotton fabric. The trousers are with cotton fabric and pure color patterns. There is an accessory on her wrist. This person is wearing a ring on her finger. There is an accessory in his her neck.
WOMEN-Rompers_Jumpsuits-id_00005212-03_7_additional,id_00005212,WOMEN,Rompers_Jumpsuits,additional,query,7994,"Her tank shirt has no sleeves, cotton fabric and graphic patterns. The trousers the female wears is of long length. The trousers are with cotton fabric and solid color patterns. The lady wears a ring. There is an accessory in his her neck. There is an accessory on her wrist."
WOMEN-Rompers_Jumpsuits-id_00005251-02_2_side,id_00005251,WOMEN,Rompers_Jumpsuits,side,query,7997,"The sweater the lady wears has long sleeves and its fabric is cotton. The pattern of it is solid color. It has a lapel neckline. The lady wears a long trousers, with cotton fabric and pure color patterns. This person wears a ring. There is an accessory on her wrist."
WOMEN-Rompers_Jumpsuits-id_00005251-03_2_side,id_00005251,WOMEN,Rompers_Jumpsuits,side,query,8000,This person is wearing a sleeveless tank shirt with pure color patterns. The tank shirt is with cotton fabric. It has a lapel neckline. This person wears a long pants. The pants are with cotton fabric and solid color patterns. There is a ring on her finger. There is an accessory in his her neck. There is an accessory on her wrist.
WOMEN-Rompers_Jumpsuits-id_00005251-03_7_additional,id_00005251,WOMEN,Rompers_Jumpsuits,additional,query,8001,The lady is wearing a long-sleeve sweater with pure color patterns. The sweater is with cotton fabric. It has a lapel neckline. The trousers the lady wears is of long length. The trousers are with cotton fabric and solid color patterns. There is an accessory on her wrist.
WOMEN-Rompers_Jumpsuits-id_00005251-04_2_side,id_00005251,WOMEN,Rompers_Jumpsuits,side,query,8003,The lady is wearing a long-sleeve sweater with solid color patterns. The sweater is with cotton fabric and its neckline is lapel. The lady wears a long trousers. The trousers are with cotton fabric and solid color patterns. This female wears a ring. There is an accessory on her wrist. The person has neckwear.
WOMEN-Rompers_Jumpsuits-id_00005251-04_7_additional,id_00005251,WOMEN,Rompers_Jumpsuits,additional,query,8004,The female wears a long-sleeve shirt with pure color patterns and long trousers. The shirt is with cotton fabric and it has a lapel neckline. The trousers are with cotton fabric and pure color patterns.
WOMEN-Rompers_Jumpsuits-id_00005331-01_1_front,id_00005331,WOMEN,Rompers_Jumpsuits,front,query,8007,"Her tank shirt has no sleeves, cotton fabric and color block patterns. It has a crew neckline. The pants this lady wears is of long length. The pants are with cotton fabric and solid color patterns. There is an accessory on her wrist. This lady is wearing a ring on her finger."
WOMEN-Rompers_Jumpsuits-id_00005347-01_1_front,id_00005347,WOMEN,Rompers_Jumpsuits,front,query,8010,This lady is wearing a long-sleeve sweater with solid color patterns. The sweater is with chiffon fabric and its neckline is lapel. The pants this lady wears is of long length. The pants are with denim fabric and pure color patterns. The outer clothing this lady wears is with cotton fabric and graphic patterns.
WOMEN-Rompers_Jumpsuits-id_00005347-01_4_full,id_00005347,WOMEN,Rompers_Jumpsuits,full,query,8013,The female is wearing a short-sleeve shirt with solid color patterns. The shirt is with chiffon fabric. It has a lapel neckline. The pants the female wears is of long length. The pants are with denim fabric and solid color patterns.
WOMEN-Rompers_Jumpsuits-id_00005668-02_2_side,id_00005668,WOMEN,Rompers_Jumpsuits,side,query,8043,"Her tank top has no sleeves, cotton fabric and pure color patterns. The neckline of it is v-shape. The person wears a long pants. The pants are with cotton fabric and solid color patterns. There is an accessory on her wrist. This female is wearing a ring on her finger. There is an accessory in his her neck."
WOMEN-Rompers_Jumpsuits-id_00005681-03_2_side,id_00005681,WOMEN,Rompers_Jumpsuits,side,query,8047,"The tank top this woman wears has no sleeves and its fabric is cotton. The pattern of it is pure color. It has a suspenders neckline. This woman wears a long pants, with cotton fabric and solid color patterns. There is a ring on her finger."
WOMEN-Rompers_Jumpsuits-id_00005681-03_3_back,id_00005681,WOMEN,Rompers_Jumpsuits,back,query,8048,The female is wearing a sleeveless tank top with pure color patterns. The tank top is with cotton fabric. The trousers the female wears is of long length. The trousers are with cotton fabric and solid color patterns. This female wears a ring.
WOMEN-Rompers_Jumpsuits-id_00005681-03_7_additional,id_00005681,WOMEN,Rompers_Jumpsuits,additional,query,8049,"The tank top this person wears has sleeves cut off and its fabric is cotton. The pattern of it is pure color. It has a suspenders neckline. This person wears a long trousers, with cotton fabric and solid color patterns. The female is wearing a ring on her finger."
WOMEN-Rompers_Jumpsuits-id_00005707-01_3_back,id_00005707,WOMEN,Rompers_Jumpsuits,back,query,8051,The person is wearing a tank tank top with graphic patterns and a long trousers. The tank top is with cotton fabric. The trousers are with cotton fabric and graphic patterns. There is an accessory on her wrist. The female wears a ring.
WOMEN-Rompers_Jumpsuits-id_00005711-02_3_back,id_00005711,WOMEN,Rompers_Jumpsuits,back,query,8055,"The T-shirt this female wears has short sleeves and its fabric is cotton. The pattern of it is graphic. This female wears a long trousers, with cotton fabric and graphic patterns. There is a ring on her finger. There is an accessory on her wrist."
WOMEN-Rompers_Jumpsuits-id_00006007-04_4_full,id_00006007,WOMEN,Rompers_Jumpsuits,full,query,8062,The lady is wearing a short-sleeve shirt with graphic patterns. The shirt is with cotton fabric. It has a v-shape neckline. The lady wears a three-point shorts. The shorts are with cotton fabric and graphic patterns. There is an accessory in his her neck. There is an accessory on her wrist.
WOMEN-Rompers_Jumpsuits-id_00006012-02_2_side,id_00006012,WOMEN,Rompers_Jumpsuits,side,query,8065,The lady wears a sleeveless tank shirt with graphic patterns and long pants. The tank shirt is with cotton fabric. The pants are with cotton fabric and graphic patterns. There is a belt on her waist.
WOMEN-Rompers_Jumpsuits-id_00006012-02_7_additional,id_00006012,WOMEN,Rompers_Jumpsuits,additional,query,8066,The person wears a tank tank shirt with graphic patterns. The tank shirt is with cotton fabric. The person wears a long trousers. The trousers are with cotton fabric and graphic patterns. This female is wearing a belt. The lady wears a ring.
WOMEN-Rompers_Jumpsuits-id_00006102-02_4_full,id_00006102,WOMEN,Rompers_Jumpsuits,full,query,8068,The person is wearing a short-sleeve T-shirt with solid color patterns and a three-point shorts. The T-shirt is with cotton fabric. The neckline of the T-shirt is crew. The shorts are with denim fabric and graphic patterns. The person wears a ring. This woman has a hat in her head.
WOMEN-Rompers_Jumpsuits-id_00006112-02_2_side,id_00006112,WOMEN,Rompers_Jumpsuits,side,query,8070,The lady is wearing a sleeveless tank shirt with graphic patterns. The tank shirt is with cotton fabric. It has a suspenders neckline. The trousers the lady wears is of long length. The trousers are with cotton fabric and graphic patterns. There is a ring on her finger. There is a hat in her head. There is an accessory on her wrist. This lady has neckwear.
WOMEN-Rompers_Jumpsuits-id_00006112-02_4_full,id_00006112,WOMEN,Rompers_Jumpsuits,full,query,8072,"The upper clothing has no sleeves, cotton fabric and graphic patterns. It has a suspenders neckline. The lower clothing is of long length. The fabric is cotton and it has graphic patterns. There is a hat in her head. There is an accessory on her wrist. This female is wearing a ring on her finger. This lady has neckwear."
WOMEN-Rompers_Jumpsuits-id_00006166-03_2_side,id_00006166,WOMEN,Rompers_Jumpsuits,side,query,8075,The lady is wearing a tank tank top with graphic patterns. The tank top is with cotton fabric and its neckline is suspenders. The lady wears a long pants. The pants are with cotton fabric and graphic patterns. The female has neckwear.
WOMEN-Rompers_Jumpsuits-id_00006179-03_4_full,id_00006179,WOMEN,Rompers_Jumpsuits,full,query,8077,"The tank shirt this woman wears has sleeves cut off, its fabric is cotton, and it has floral patterns. The tank shirt has a suspenders neckline. This woman wears a three-point pants, with cotton fabric and floral patterns. There is an accessory in his her neck."
WOMEN-Rompers_Jumpsuits-id_00006217-03_1_front,id_00006217,WOMEN,Rompers_Jumpsuits,front,query,8078,"The upper clothing has sleeves cut off, cotton fabric and graphic patterns. The neckline of it is suspenders. The lower clothing is of long length. The fabric is cotton and it has graphic patterns. This woman is wearing a ring on her finger. There is an accessory on her wrist. This lady has neckwear."
WOMEN-Rompers_Jumpsuits-id_00006217-03_7_additional,id_00006217,WOMEN,Rompers_Jumpsuits,additional,query,8080,The female is wearing a sleeveless tank top with graphic patterns and a long pants. The tank top is with cotton fabric. The pants are with cotton fabric and graphic patterns. This woman has neckwear. There is a ring on her finger.
WOMEN-Rompers_Jumpsuits-id_00006235-01_1_front,id_00006235,WOMEN,Rompers_Jumpsuits,front,query,8081,The female wears a tank tank shirt with solid color patterns. The tank shirt is with cotton fabric. It has a v-shape neckline. The female wears a long trousers. The trousers are with cotton fabric and pure color patterns. This lady wears a ring. This woman has neckwear.
WOMEN-Rompers_Jumpsuits-id_00006235-01_7_additional,id_00006235,WOMEN,Rompers_Jumpsuits,additional,query,8083,"The tank shirt this female wears has no sleeves and it is with cotton fabric and pure color patterns. This female wears a long pants, with cotton fabric and solid color patterns. This female has neckwear."
WOMEN-Rompers_Jumpsuits-id_00006330-02_2_side,id_00006330,WOMEN,Rompers_Jumpsuits,side,query,8085,The lady wears a tank tank top with striped patterns and a long pants. The tank top is with cotton fabric and its neckline is suspenders. The pants are with cotton fabric and striped patterns. There is an accessory on her wrist. This lady is wearing a ring on her finger. The lady has neckwear.
WOMEN-Rompers_Jumpsuits-id_00006330-02_7_additional,id_00006330,WOMEN,Rompers_Jumpsuits,additional,query,8086,"Her tank top has no sleeves, cotton fabric and stripe patterns. The female wears a long pants. The pants are with cotton fabric and stripe patterns. There is an accessory on her wrist. There is an accessory in his her neck. The lady is wearing a ring on her finger."
WOMEN-Rompers_Jumpsuits-id_00006365-03_7_additional,id_00006365,WOMEN,Rompers_Jumpsuits,additional,query,8091,"Her tank shirt has no sleeves, cotton fabric and graphic patterns. It has a round neckline. This person wears a long trousers. The trousers are with cotton fabric and graphic patterns. The lady is wearing a ring on her finger. This person has neckwear. There is an accessory on her wrist."
WOMEN-Rompers_Jumpsuits-id_00006448-02_1_front,id_00006448,WOMEN,Rompers_Jumpsuits,front,query,8099,"Her tank shirt has sleeves cut off, cotton fabric and graphic patterns. The neckline of it is v-shape. The person wears a long trousers. The trousers are with cotton fabric and graphic patterns. This lady has neckwear. This female is wearing a ring on her finger. There is an accessory on her wrist."
WOMEN-Rompers_Jumpsuits-id_00006448-02_7_additional,id_00006448,WOMEN,Rompers_Jumpsuits,additional,query,8101,This person is wearing a tank tank shirt with graphic patterns. The tank shirt is with cotton fabric and its neckline is suspenders. The pants this person wears is of long length. The pants are with cotton fabric and graphic patterns. There is an accessory on her wrist. The person has neckwear. There is a ring on her finger.
WOMEN-Rompers_Jumpsuits-id_00006495-01_1_front,id_00006495,WOMEN,Rompers_Jumpsuits,front,query,8106,This woman is wearing a tank tank top with graphic patterns. The tank top is with cotton fabric. It has a v-shape neckline. The pants this woman wears is of long length. The pants are with cotton fabric and graphic patterns. There is an accessory on her wrist. This lady is wearing a ring on her finger. The lady has neckwear.
WOMEN-Rompers_Jumpsuits-id_00006495-01_7_additional,id_00006495,WOMEN,Rompers_Jumpsuits,additional,query,8109,This person is wearing a sleeveless tank top with graphic patterns and a long pants. The tank top is with cotton fabric. The pants are with cotton fabric and graphic patterns. There is an accessory on her wrist. There is an accessory in his her neck. There is a ring on her finger.
WOMEN-Rompers_Jumpsuits-id_00006578-01_3_back,id_00006578,WOMEN,Rompers_Jumpsuits,back,query,8112,"Her tank shirt has no sleeves, cotton fabric and graphic patterns. The trousers this lady wears is of long length. The trousers are with cotton fabric and graphic patterns. The female wears a ring."
WOMEN-Rompers_Jumpsuits-id_00006578-01_7_additional,id_00006578,WOMEN,Rompers_Jumpsuits,additional,query,8114,"The tank top the female wears has no sleeves and its fabric is cotton. The pattern of it is graphic. The female wears a long pants, with cotton fabric and graphic patterns. The outer clothing the female wears is with leather fabric and solid color patterns. This person wears a ring."
WOMEN-Rompers_Jumpsuits-id_00006580-01_7_additional,id_00006580,WOMEN,Rompers_Jumpsuits,additional,query,8116,The lady wears a tank tank top with stripe patterns and long trousers. The tank top is with cotton fabric. The trousers are with cotton fabric and stripe patterns. There is an accessory in his her neck.
WOMEN-Rompers_Jumpsuits-id_00006649-01_1_front,id_00006649,WOMEN,Rompers_Jumpsuits,front,query,8121,"Her shirt has short sleeves, denim fabric and pure color patterns. The neckline of it is lapel. The trousers this female wears is of long length. The trousers are with denim fabric and pure color patterns. There is a belt on her waist."
WOMEN-Rompers_Jumpsuits-id_00006661-07_1_front,id_00006661,WOMEN,Rompers_Jumpsuits,front,query,8126,"Her tank top has sleeves cut off, cotton fabric and solid color patterns. The neckline of it is suspenders. The pants this person wears is of three-point length. The pants are with cotton fabric and pure color patterns. The female has neckwear. There is a belt on her waist. There is an accessory on her wrist."
WOMEN-Rompers_Jumpsuits-id_00006661-08_7_additional,id_00006661,WOMEN,Rompers_Jumpsuits,additional,query,8127,This lady is wearing a sleeveless tank top with solid color patterns and a three-point shorts. The tank top is with cotton fabric and its neckline is suspenders. The shorts are with cotton fabric and solid color patterns. There is an accessory on her wrist. This woman wears a belt.
WOMEN-Rompers_Jumpsuits-id_00006956-03_1_front,id_00006956,WOMEN,Rompers_Jumpsuits,front,query,8146,This lady is wearing a long-sleeve sweater with graphic patterns. The sweater is with cotton fabric. It has a v-shape neckline. The pants this lady wears is of three-point length. The pants are with cotton fabric and graphic patterns. The person is wearing a ring on her finger. There is an accessory in his her neck. There is an accessory on her wrist.
WOMEN-Rompers_Jumpsuits-id_00006973-03_2_side,id_00006973,WOMEN,Rompers_Jumpsuits,side,query,8149,This person wears a sleeveless tank shirt with graphic patterns and long trousers. The tank shirt is with cotton fabric. The trousers are with cotton fabric and graphic patterns. The person wears a ring.
WOMEN-Rompers_Jumpsuits-id_00006973-04_1_front,id_00006973,WOMEN,Rompers_Jumpsuits,front,query,8151,This female wears a sleeveless tank shirt with graphic patterns. The tank shirt is with cotton fabric. It has a suspenders neckline. This female wears a long trousers. The trousers are with cotton fabric and graphic patterns. This person is wearing a ring on her finger. There is an accessory in his her neck.
WOMEN-Rompers_Jumpsuits-id_00006973-04_7_additional,id_00006973,WOMEN,Rompers_Jumpsuits,additional,query,8152,The person wears a sleeveless tank top with graphic patterns. The tank top is with cotton fabric. The pants the person wears is of long length. The pants are with cotton fabric and graphic patterns. There is an accessory in his her neck. The lady is wearing a ring on her finger.
WOMEN-Rompers_Jumpsuits-id_00007047-02_3_back,id_00007047,WOMEN,Rompers_Jumpsuits,back,query,8157,The lady wears a sleeveless tank top with stripe patterns and long pants. The tank top is with cotton fabric. The pants are with cotton fabric and striped patterns. There is an accessory on her wrist. This woman has neckwear.
WOMEN-Rompers_Jumpsuits-id_00007097-03_1_front,id_00007097,WOMEN,Rompers_Jumpsuits,front,query,8160,The lady is wearing a sleeveless tank shirt with graphic patterns. The tank shirt is with cotton fabric. It has a v-shape neckline. The pants the lady wears is of long length. The pants are with cotton fabric and graphic patterns. This woman wears a ring. There is an accessory on her wrist. There is an accessory in his her neck.
WOMEN-Rompers_Jumpsuits-id_00007113-02_2_side,id_00007113,WOMEN,Rompers_Jumpsuits,side,query,8164,The lady is wearing a sleeveless tank top with graphic patterns and a long pants. The tank top is with cotton fabric. The neckline of the tank top is suspenders. The pants are with cotton fabric and graphic patterns. This person has neckwear.
WOMEN-Rompers_Jumpsuits-id_00007113-02_7_additional,id_00007113,WOMEN,Rompers_Jumpsuits,additional,query,8165,This woman wears a sleeveless tank shirt with graphic patterns. The tank shirt is with cotton fabric. The pants this woman wears is of long length. The pants are with cotton fabric and graphic patterns.
WOMEN-Rompers_Jumpsuits-id_00007341-03_4_full,id_00007341,WOMEN,Rompers_Jumpsuits,full,query,8169,"Her T-shirt has short sleeves, cotton fabric and lattice patterns. The neckline of it is crew. The pants this female wears is of three-point length. The pants are with denim fabric and solid color patterns. The female is wearing socks in shoes. There is an accessory on her wrist. The lady has neckwear."
WOMEN-Rompers_Jumpsuits-id_00007438-02_2_side,id_00007438,WOMEN,Rompers_Jumpsuits,side,query,8177,"Her tank shirt has sleeves cut off, cotton fabric and graphic patterns. The neckline of it is suspenders. The lady wears a long pants. The pants are with cotton fabric and graphic patterns."
WOMEN-Rompers_Jumpsuits-id_00007438-03_2_side,id_00007438,WOMEN,Rompers_Jumpsuits,side,query,8180,The lady wears a tank tank top with graphic patterns and a long pants. The tank top is with cotton fabric and its neckline is suspenders. The pants are with cotton fabric and graphic patterns.
WOMEN-Rompers_Jumpsuits-id_00007445-02_4_full,id_00007445,WOMEN,Rompers_Jumpsuits,full,query,8183,"The tank shirt the female wears has sleeves cut off and it is with cotton fabric and graphic patterns. The neckline of the tank shirt is suspenders. The female wears a three-point shorts, with cotton fabric and graphic patterns. This woman wears a ring. There is an accessory on her wrist."
WOMEN-Rompers_Jumpsuits-id_00007521-02_3_back,id_00007521,WOMEN,Rompers_Jumpsuits,back,query,8190,The person wears a sleeveless tank shirt with solid color patterns and long pants. The tank shirt is with cotton fabric. The pants are with cotton fabric and pure color patterns. There is an accessory on her wrist. The person has neckwear. This female is wearing a belt. This woman wears a ring.
WOMEN-Rompers_Jumpsuits-id_00007597-01_3_back,id_00007597,WOMEN,Rompers_Jumpsuits,back,query,8199,The person wears a tank tank top with pure color patterns and long trousers. The tank top is with cotton fabric. The trousers are with cotton fabric and pure color patterns. There is an accessory on her wrist.
WOMEN-Rompers_Jumpsuits-id_00007644-02_4_full,id_00007644,WOMEN,Rompers_Jumpsuits,full,query,8201,This person wears a sleeveless tank shirt with graphic patterns. The tank shirt is with cotton fabric. It has a v-shape neckline. The shorts this person wears is of three-point length. The shorts are with cotton fabric and graphic patterns. There is a ring on her finger. There is an accessory in his her neck.
WOMEN-Rompers_Jumpsuits-id_00007668-02_1_front,id_00007668,WOMEN,Rompers_Jumpsuits,front,query,8204,The female wears a short-sleeve shirt with pure color patterns. The shirt is with cotton fabric. It has a round neckline. The female wears a three-quarter trousers. The trousers are with cotton fabric and solid color patterns. The person is wearing a ring on her finger. There is an accessory on her wrist. There is an accessory in his her neck.
WOMEN-Rompers_Jumpsuits-id_00007668-02_7_additional,id_00007668,WOMEN,Rompers_Jumpsuits,additional,query,8206,"Her T-shirt has short sleeves, cotton fabric and solid color patterns. The female wears a three-quarter trousers. The trousers are with cotton fabric and pure color patterns. There is an accessory in his her neck. The person is wearing a ring on her finger."
WOMEN-Rompers_Jumpsuits-id_00007669-04_1_front,id_00007669,WOMEN,Rompers_Jumpsuits,front,query,8207,"The tank top this woman wears has no sleeves, its fabric is cotton, and it has solid color patterns. This woman wears a long trousers, with cotton fabric and solid color patterns. This lady wears a ring. There is an accessory on her wrist."
WOMEN-Rompers_Jumpsuits-id_00007760-02_2_side,id_00007760,WOMEN,Rompers_Jumpsuits,side,query,8216,"The T-shirt this lady wears has short sleeves and it is with cotton fabric and pure color patterns. The neckline of the T-shirt is crew. This lady wears a long pants, with cotton fabric and solid color patterns. There is an accessory on her wrist."
WOMEN-Rompers_Jumpsuits-id_00007945-04_2_side,id_00007945,WOMEN,Rompers_Jumpsuits,side,query,8234,This person is wearing a sleeveless tank top with graphic patterns. The tank top is with cotton fabric and its neckline is v-shape. The pants this person wears is of long length. The pants are with cotton fabric and graphic patterns. There is an accessory on her wrist. The lady is wearing a ring on her finger.
WOMEN-Rompers_Jumpsuits-id_00007945-04_3_back,id_00007945,WOMEN,Rompers_Jumpsuits,back,query,8235,The person is wearing a tank tank shirt with graphic patterns and a long pants. The tank shirt is with cotton fabric. The pants are with cotton fabric and graphic patterns. There is an accessory on her wrist. This lady is wearing a ring on her finger.
WOMEN-Rompers_Jumpsuits-id_00007978-04_4_full,id_00007978,WOMEN,Rompers_Jumpsuits,full,query,8240,This person wears a sleeveless tank top with solid color patterns and a long trousers. The tank top is with cotton fabric and its neckline is round. The trousers are with cotton fabric and solid color patterns. There is an accessory on her wrist. This female wears a ring. There is an accessory in his her neck.
WOMEN-Rompers_Jumpsuits-id_00007978-04_7_additional,id_00007978,WOMEN,Rompers_Jumpsuits,additional,query,8241,"The upper clothing has no sleeves, cotton fabric and pure color patterns. The lower clothing is of long length. The fabric is cotton and it has pure color patterns. The lady has neckwear. There is a ring on her finger. There is an accessory on her wrist."
WOMEN-Rompers_Jumpsuits-id_00007978-05_2_side,id_00007978,WOMEN,Rompers_Jumpsuits,side,query,8243,"The upper clothing has sleeves cut off, cotton fabric and pure color patterns. The lower clothing is of long length. The fabric is cotton and it has pure color patterns. There is an accessory on her wrist. This woman wears a ring."
WOMEN-Rompers_Jumpsuits-id_00007978-05_7_additional,id_00007978,WOMEN,Rompers_Jumpsuits,additional,query,8244,This woman is wearing a sleeveless tank shirt with solid color patterns. The tank shirt is with cotton fabric. This woman wears a long pants. The pants are with cotton fabric and solid color patterns. There is a ring on her finger. There is an accessory on her wrist. The person has neckwear.
WOMEN-Rompers_Jumpsuits-id_00007978-06_7_additional,id_00007978,WOMEN,Rompers_Jumpsuits,additional,query,8247,"The upper clothing has no sleeves, cotton fabric and pure color patterns. The lower clothing is of long length. The fabric is cotton and it has pure color patterns. There is an accessory on her wrist. This female is wearing a ring on her finger. The lady has neckwear."
WOMEN-Shorts-id_00000103-01_1_front,id_00000103,WOMEN,Shorts,front,query,8250,The person wears a medium-sleeve shirt with stripe patterns. The shirt is with cotton fabric. It has a lapel neckline. The person wears a three-point shorts. The shorts are with cotton fabric and solid color patterns. This person wears a belt.
WOMEN-Shorts-id_00000144-01_4_full,id_00000144,WOMEN,Shorts,full,query,8255,This woman is wearing a long-sleeve sweater with graphic patterns. The sweater is with cotton fabric. It has a round neckline. This woman wears a three-point shorts. The shorts are with cotton fabric and pure color patterns. The outer clothing this person wears is with chiffon fabric and graphic patterns. The person wears a hat. The female has neckwear.
WOMEN-Shorts-id_00000543-06_4_full,id_00000543,WOMEN,Shorts,full,query,8274,"The upper clothing has long sleeves, cotton fabric and solid color patterns. The neckline of it is crew. The lower clothing is of three-point length. The fabric is denim and it has pure color patterns. The outer clothing is with leather fabric and solid color patterns. This lady is wearing a ring on her finger."
WOMEN-Shorts-id_00000812-04_4_full,id_00000812,WOMEN,Shorts,full,query,8288,This lady is wearing a long-sleeve shirt with pure color patterns. The shirt is with cotton fabric and its neckline is round. The shorts this lady wears is of three-point length. The shorts are with denim fabric and pure color patterns. There is a ring on her finger.
WOMEN-Shorts-id_00001354-03_1_front,id_00001354,WOMEN,Shorts,front,query,8315,The lady wears a tank tank shirt with solid color patterns and three-point pants. The tank shirt is with cotton fabric. The pants are with denim fabric and pure color patterns. This lady is wearing sunglasses.
WOMEN-Shorts-id_00001404-02_4_full,id_00001404,WOMEN,Shorts,full,query,8320,"The upper clothing has short sleeves, cotton fabric and pure color patterns. The neckline of it is round. The lower clothing is of three-point length. The fabric is cotton and it has pure color patterns. There is a ring on her finger."
WOMEN-Shorts-id_00001404-11_4_full,id_00001404,WOMEN,Shorts,full,query,8322,This person wears a short-sleeve T-shirt with solid color patterns and a three-point shorts. The T-shirt is with cotton fabric and its neckline is v-shape. The shorts are with cotton fabric and solid color patterns. This person wears a ring.
WOMEN-Shorts-id_00001404-12_4_full,id_00001404,WOMEN,Shorts,full,query,8323,This lady is wearing a short-sleeve T-shirt with solid color patterns. The T-shirt is with cotton fabric. It has a v-shape neckline. The shorts this lady wears is of three-point length. The shorts are with cotton fabric and pure color patterns. The female wears a ring.
WOMEN-Shorts-id_00001404-17_4_full,id_00001404,WOMEN,Shorts,full,query,8324,"The upper clothing has short sleeves, cotton fabric and solid color patterns. The neckline of it is v-shape. The lower clothing is of three-point length. The fabric is cotton and it has solid color patterns. The lady wears a ring."
WOMEN-Shorts-id_00001445-04_4_full,id_00001445,WOMEN,Shorts,full,query,8327,This lady is wearing a tank tank shirt with pure color patterns and a three-point pants. The tank shirt is with cotton fabric. The pants are with cotton fabric and floral patterns. The female wears a ring. There is an accessory on her wrist.
WOMEN-Shorts-id_00001756-04_4_full,id_00001756,WOMEN,Shorts,full,query,8342,This person is wearing a short-sleeve shirt with pure color patterns and a three-point shorts. The shirt is with cotton fabric and its neckline is crew. The shorts are with cotton fabric and pure color patterns. The female is wearing a belt.
WOMEN-Shorts-id_00001827-06_4_full,id_00001827,WOMEN,Shorts,full,query,8345,This female wears a sleeveless tank shirt with striped patterns. The tank shirt is with cotton fabric. It has a round neckline. The pants this female wears is of three-point length. The pants are with cotton fabric and pure color patterns. There is an accessory on her wrist. There is a ring on her finger. This female has neckwear. There is a belt on her waist.
WOMEN-Shorts-id_00002038-06_4_full,id_00002038,WOMEN,Shorts,full,query,8358,"Her tank top has no sleeves, cotton fabric and graphic patterns. It has a round neckline. The shorts the lady wears is of three-point length. The shorts are with denim fabric and pure color patterns. There is a ring on her finger. There is an accessory on her wrist. The lady is wearing sunglasses."
WOMEN-Shorts-id_00002197-03_4_full,id_00002197,WOMEN,Shorts,full,query,8368,"The upper clothing has no sleeves, cotton fabric and pure color patterns. It has a suspenders neckline. The lower clothing is of three-point length. The fabric is denim and it has other patterns. The person is wearing a ring on her finger. There is an accessory on her wrist."
WOMEN-Shorts-id_00002279-04_4_full,id_00002279,WOMEN,Shorts,full,query,8372,This female is wearing a sleeveless tank shirt with solid color patterns and a three-point shorts. The tank shirt is with cotton fabric and its neckline is round. The shorts are with cotton fabric and pure color patterns. The person has neckwear. There is an accessory on her wrist.
WOMEN-Shorts-id_00002394-03_4_full,id_00002394,WOMEN,Shorts,full,query,8378,This lady wears a sleeveless tank shirt with pure color patterns and three-point pants. The tank shirt is with cotton fabric and it has a suspenders neckline. The pants are with cotton fabric and pure color patterns. This lady has neckwear. There is an accessory on her wrist. This female is wearing a ring on her finger.
WOMEN-Shorts-id_00002465-05_4_full,id_00002465,WOMEN,Shorts,full,query,8383,This female wears a short-sleeve T-shirt with pure color patterns and a three-point shorts. The T-shirt is with cotton fabric and its neckline is lapel. The shorts are with cotton fabric and pure color patterns. The person wears a pair of socks. This person wears a ring.
WOMEN-Shorts-id_00002530-02_4_full,id_00002530,WOMEN,Shorts,full,query,8394,This female wears a sleeveless tank shirt with pure color patterns and three-point shorts. The tank shirt is with cotton fabric and it has a suspenders neckline. The shorts are with denim fabric and solid color patterns. There is an accessory on her wrist. This lady is wearing sunglasses.
WOMEN-Shorts-id_00002581-09_4_full,id_00002581,WOMEN,Shorts,full,query,8400,This person is wearing a short-sleeve shirt with solid color patterns. The shirt is with cotton fabric and its neckline is crew. This person wears a three-point shorts. The shorts are with cotton fabric and complicated patterns. There is an accessory on her wrist. The female is wearing a ring on her finger.
WOMEN-Shorts-id_00002720-03_4_full,id_00002720,WOMEN,Shorts,full,query,8412,"The tank shirt this female wears has no sleeves and its fabric is cotton. The pattern of it is pure color. It has a v-shape neckline. This female wears a three-point pants, with cotton fabric and graphic patterns. There is an accessory on her wrist. This female wears a ring. There is an accessory in his her neck."
WOMEN-Shorts-id_00002736-01_4_full,id_00002736,WOMEN,Shorts,full,query,8416,This person is wearing a tank tank top with solid color patterns. The tank top is with cotton fabric and its neckline is suspenders. This person wears a three-point shorts. The shorts are with cotton fabric and other patterns. This person is wearing a ring on her finger. There is an accessory on her wrist.
WOMEN-Shorts-id_00003208-06_4_full,id_00003208,WOMEN,Shorts,full,query,8435,This lady is wearing a sleeveless tank top with pure color patterns. The tank top is with cotton fabric. It has a suspenders neckline. The shorts this lady wears is of three-point length. The shorts are with cotton fabric and pure color patterns.
WOMEN-Shorts-id_00003208-07_4_full,id_00003208,WOMEN,Shorts,full,query,8436,The female wears a tank tank top with solid color patterns. The tank top is with chiffon fabric. It has a crew neckline. The pants the female wears is of three-point length. The pants are with cotton fabric and solid color patterns. The female is wearing a ring on her finger.
WOMEN-Shorts-id_00003208-11_4_full,id_00003208,WOMEN,Shorts,full,query,8438,This person is wearing a sleeveless tank shirt with pure color patterns and a three-point pants. The tank shirt is with cotton fabric. The neckline of the tank shirt is round. The pants are with cotton fabric and pure color patterns. This person is wearing a ring on her finger.
WOMEN-Shorts-id_00003208-16_4_full,id_00003208,WOMEN,Shorts,full,query,8440,The person wears a sleeveless tank top with pure color patterns. The tank top is with chiffon fabric. It has a round neckline. The shorts the person wears is of three-point length. The shorts are with cotton fabric and solid color patterns. There is a ring on her finger.
WOMEN-Shorts-id_00003293-04_4_full,id_00003293,WOMEN,Shorts,full,query,8447,"Her shirt has short sleeves, cotton fabric and solid color patterns. It has a v-shape neckline. The shorts this woman wears is of three-point length. The shorts are with cotton fabric and pure color patterns. There is a ring on her finger. There is an accessory on her wrist. This person has neckwear."
WOMEN-Shorts-id_00003709-05_1_front,id_00003709,WOMEN,Shorts,front,query,8474,The female is wearing a tank tank shirt with solid color patterns. The tank shirt is with cotton fabric. It has a suspenders neckline. The shorts the female wears is of three-point length. The shorts are with cotton fabric and solid color patterns. The lady has neckwear.
WOMEN-Shorts-id_00003712-04_1_front,id_00003712,WOMEN,Shorts,front,query,8476,The person wears a sleeveless tank shirt with solid color patterns. The tank shirt is with cotton fabric. It has a suspenders neckline. The person wears a three-point shorts. The shorts are with denim fabric and pure color patterns. The person wears socks in shoes.
WOMEN-Shorts-id_00003793-03_4_full,id_00003793,WOMEN,Shorts,full,query,8482,"The upper clothing has sleeves cut off, cotton fabric and graphic patterns. It has a suspenders neckline. The lower clothing is of three-point length. The fabric is cotton and it has pure color patterns. This woman is wearing a ring on her finger. The lady has neckwear. There is an accessory on her wrist."
WOMEN-Shorts-id_00003810-02_4_full,id_00003810,WOMEN,Shorts,full,query,8486,The person is wearing a short-sleeve shirt with pure color patterns. The shirt is with cotton fabric and its neckline is crew. The shorts the person wears is of three-point length. The shorts are with cotton fabric and pure color patterns.
WOMEN-Shorts-id_00003876-04_4_full,id_00003876,WOMEN,Shorts,full,query,8488,"The upper clothing has short sleeves, cotton fabric and pure color patterns. It has a lapel neckline. The lower clothing is of three-point length. The fabric is cotton and it has solid color patterns. This woman is wearing a ring on her finger."
WOMEN-Shorts-id_00003973-04_4_full,id_00003973,WOMEN,Shorts,full,query,8494,This lady wears a sleeveless tank top with solid color patterns and a three-point shorts. The tank top is with cotton fabric and its neckline is crew. The shorts are with denim fabric and complicated patterns.
WOMEN-Shorts-id_00004097-03_4_full,id_00004097,WOMEN,Shorts,full,query,8503,"Her tank shirt has no sleeves, chiffon fabric and floral patterns. The neckline of it is suspenders. The shorts this woman wears is of three-point length. The shorts are with denim fabric and other patterns. There is an accessory on her wrist. There is a ring on her finger."
WOMEN-Shorts-id_00004214-05_1_front,id_00004214,WOMEN,Shorts,front,query,8512,This woman wears a sleeveless tank shirt with pure color patterns. The tank shirt is with cotton fabric. It has a round neckline. This woman wears a three-point shorts. The shorts are with cotton fabric and pure color patterns. This lady is wearing socks in shoes. The lady is wearing a ring on her finger.
WOMEN-Shorts-id_00004731-05_4_full,id_00004731,WOMEN,Shorts,full,query,8544,This female is wearing a sleeveless tank top with solid color patterns. The tank top is with cotton fabric. It has a crew neckline. This female wears a three-point pants. The pants are with cotton fabric and solid color patterns. There is an accessory on her wrist. There is a ring on her finger.
WOMEN-Shorts-id_00004731-07_4_full,id_00004731,WOMEN,Shorts,full,query,8546,The person wears a tank tank top with pure color patterns. The tank top is with cotton fabric. It has a crew neckline. The person wears a three-point pants. The pants are with cotton fabric and pure color patterns. There is an accessory on her wrist. There is a ring on her finger.
WOMEN-Shorts-id_00004797-02_4_full,id_00004797,WOMEN,Shorts,full,query,8555,"Her sweater has long sleeves, cotton fabric and solid color patterns. It has a crew neckline. The shorts the female wears is of three-point length. The shorts are with cotton fabric and striped patterns. The female also wears an outer clothing, with cotton fabric and pure color patterns. The person is wearing socks in shoes. The person wears a ring. There is a hat in her head. This female has neckwear."
WOMEN-Shorts-id_00004797-03_4_full,id_00004797,WOMEN,Shorts,full,query,8556,"Her shirt has long sleeves, cotton fabric and solid color patterns. The neckline of it is crew. This woman wears a three-point shorts. The shorts are with cotton fabric and stripe patterns. This person also wears an outer clothing, with cotton fabric and pure color patterns. There is an accessory in his her neck. There is a ring on her finger. This woman is wearing socks in shoes."
WOMEN-Shorts-id_00005042-02_1_front,id_00005042,WOMEN,Shorts,front,query,8573,The person is wearing a tank tank top with pure color patterns. The tank top is with cotton fabric. It has a round neckline. The person wears a three-point shorts. The shorts are with cotton fabric and graphic patterns. The lady wears a ring. There is an accessory on her wrist. There is an accessory in his her neck.
WOMEN-Shorts-id_00005116-03_4_full,id_00005116,WOMEN,Shorts,full,query,8578,The person wears a long-sleeve sweater with pure color patterns and three-point shorts. The sweater is with knitting fabric and it has a round neckline. The shorts are with denim fabric and pure color patterns. The person has neckwear.
WOMEN-Shorts-id_00005330-03_4_full,id_00005330,WOMEN,Shorts,full,query,8597,"The shirt the female wears has short sleeves, its fabric is cotton, and it has solid color patterns. The shirt has a crew neckline. The female wears a three-point pants, with cotton fabric and floral patterns. This female wears a ring. There is an accessory on her wrist. There is an accessory in his her neck."
WOMEN-Shorts-id_00005369-04_4_full,id_00005369,WOMEN,Shorts,full,query,8599,This female is wearing a sleeveless tank top with pure color patterns. The tank top is with cotton fabric. It has a suspenders neckline. This female wears a three-point pants. The pants are with denim fabric and pure color patterns. The lady is wearing a ring on her finger. There is an accessory on her wrist.
WOMEN-Shorts-id_00005369-05_4_full,id_00005369,WOMEN,Shorts,full,query,8600,"The tank shirt this lady wears has sleeves cut off and its fabric is cotton. The pattern of it is solid color. It has a suspenders neckline. This lady wears a three-point shorts, with denim fabric and pure color patterns. There is an accessory on her wrist. There is a ring on her finger."
WOMEN-Shorts-id_00005369-06_4_full,id_00005369,WOMEN,Shorts,full,query,8601,"Her tank top has sleeves cut off, denim fabric and floral patterns. The neckline of it is round. The female wears a three-point pants. The pants are with cotton fabric and solid color patterns. The female is wearing a ring on her finger. There is an accessory on her wrist."
WOMEN-Shorts-id_00005369-07_4_full,id_00005369,WOMEN,Shorts,full,query,8602,The female is wearing a sleeveless tank top with floral patterns and a three-point shorts. The tank top is with cotton fabric and its neckline is crew. The shorts are with denim fabric and solid color patterns. There is an accessory on her wrist. This lady wears a ring. This woman wears sunglasses.
WOMEN-Shorts-id_00005424-04_1_front,id_00005424,WOMEN,Shorts,front,query,8609,"Her tank top has no sleeves, cotton fabric and pure color patterns. It has a suspenders neckline. The shorts the person wears is of three-point length. The shorts are with denim fabric and pure color patterns. There is an accessory in his her neck."
WOMEN-Shorts-id_00005498-06_4_full,id_00005498,WOMEN,Shorts,full,query,8614,The lady is wearing a tank tank shirt with solid color patterns. The tank shirt is with cotton fabric and its neckline is round. The pants the lady wears is of three-point length. The pants are with denim fabric and pure color patterns. This female is wearing socks in shoes.
WOMEN-Shorts-id_00005829-06_4_full,id_00005829,WOMEN,Shorts,full,query,8636,The person is wearing a tank tank top with solid color patterns. The tank top is with knitting fabric and its neckline is suspenders. The shorts the person wears is of three-point length. The shorts are with cotton fabric and pure color patterns. The female has neckwear. There is a ring on her finger. There is an accessory on her wrist.
WOMEN-Shorts-id_00005989-02_4_full,id_00005989,WOMEN,Shorts,full,query,8654,"The upper clothing has long sleeves, chiffon fabric and floral patterns. It has a crew neckline. The lower clothing is of three-point length. The fabric is cotton and it has pure color patterns. There is an accessory in his her neck. The person wears a ring."
WOMEN-Shorts-id_00005999-04_4_full,id_00005999,WOMEN,Shorts,full,query,8657,This lady is wearing a sleeveless tank top with graphic patterns. The tank top is with cotton fabric. It has a suspenders neckline. This lady wears a three-point pants. The pants are with cotton fabric and floral patterns. The female is wearing a ring on her finger. This person has a hat in her head. There is an accessory on her wrist.
WOMEN-Shorts-id_00005999-06_4_full,id_00005999,WOMEN,Shorts,full,query,8659,"The tank shirt this woman wears has no sleeves and its fabric is cotton. The pattern of it is graphic. It has a suspenders neckline. This woman wears a three-point shorts, with cotton fabric and floral patterns. There is an accessory on her wrist. This person is wearing a hat. There is a ring on her finger."
WOMEN-Shorts-id_00006120-03_4_full,id_00006120,WOMEN,Shorts,full,query,8669,The lady is wearing a sleeveless tank shirt with stripe patterns. The tank shirt is with cotton fabric and its neckline is suspenders. The pants the lady wears is of three-point length. The pants are with denim fabric and solid color patterns.
WOMEN-Shorts-id_00006215-03_4_full,id_00006215,WOMEN,Shorts,full,query,8674,This woman is wearing a tank tank top with graphic patterns. The tank top is with cotton fabric. It has a suspenders neckline. This woman wears a three-point pants. The pants are with cotton fabric and solid color patterns. There is a ring on her finger. There is an accessory on her wrist. There is an accessory in his her neck.
WOMEN-Shorts-id_00006215-07_4_full,id_00006215,WOMEN,Shorts,full,query,8676,This person is wearing a tank tank shirt with graphic patterns and a three-point shorts. The tank shirt is with cotton fabric. The neckline of the tank shirt is suspenders. The shorts are with cotton fabric and pure color patterns. There is an accessory on her wrist. The lady wears a ring. There is an accessory in his her neck.
WOMEN-Shorts-id_00006451-06_1_front,id_00006451,WOMEN,Shorts,front,query,8695,The person is wearing a tank tank shirt with pure color patterns. The tank shirt is with cotton fabric and its neckline is suspenders. The person wears a three-point pants. The pants are with denim fabric and pure color patterns.
WOMEN-Shorts-id_00006962-02_4_full,id_00006962,WOMEN,Shorts,full,query,8730,"Her tank top has sleeves cut off, cotton fabric and pure color patterns. It has a suspenders neckline. This female wears a three-point shorts. The shorts are with denim fabric and solid color patterns. There is an accessory in his her neck."
WOMEN-Shorts-id_00007172-08_1_front,id_00007172,WOMEN,Shorts,front,query,8743,The lady is wearing a long-sleeve sweater with solid color patterns and a three-point pants. The sweater is with cotton fabric and its neckline is lapel. The pants are with cotton fabric and pure color patterns. This woman is wearing sunglasses.
WOMEN-Shorts-id_00007759-04_4_full,id_00007759,WOMEN,Shorts,full,query,8773,"The T-shirt the lady wears has short sleeves, its fabric is cotton, and it has floral patterns. The T-shirt has a round neckline. The lady wears a three-point shorts, with denim fabric and pure color patterns. There is an accessory on her wrist."
WOMEN-Shorts-id_00007792-05_4_full,id_00007792,WOMEN,Shorts,full,query,8774,"Her tank top has sleeves cut off, cotton fabric and solid color patterns. It has a crew neckline. The shorts this lady wears is of three-point length. The shorts are with cotton fabric and pure color patterns. The lady is wearing a ring on her finger."
WOMEN-Shorts-id_00007792-07_4_full,id_00007792,WOMEN,Shorts,full,query,8775,The person is wearing a tank tank top with pure color patterns. The tank top is with cotton fabric. It has a round neckline. The person wears a three-point shorts. The shorts are with cotton fabric and solid color patterns. This female wears a ring.
WOMEN-Skirts-id_00000500-06_1_front,id_00000500,WOMEN,Skirts,front,query,8796,"Her tank top has no sleeves, cotton fabric and solid color patterns. This woman wears a medium skirt. The skirt is with cotton fabric and solid color patterns. The outer clothing the person wears is with furry fabric and solid color patterns. There is an accessory on her wrist. There is a ring on her finger. There is an accessory in his her neck. The female is wearing a hat. This female wears socks in shoes."
WOMEN-Skirts-id_00000500-07_1_front,id_00000500,WOMEN,Skirts,front,query,8797,"The tank shirt the female wears has sleeves cut off, its fabric is cotton, and it has pure color patterns. The female wears a medium skirt, with cotton fabric and solid color patterns. This person also wears an outer clothing, with furry fabric and solid color patterns. This person has a hat in her head. The person has neckwear. There is an accessory on her wrist. This lady is wearing a pair of socks. The female wears a ring."
WOMEN-Skirts-id_00000629-03_1_front,id_00000629,WOMEN,Skirts,front,query,8805,"The tank shirt the lady wears has no sleeves and its fabric is cotton. The pattern of it is pure color. It has a suspenders neckline. The lady wears a medium skirt, with cotton fabric and graphic patterns. There is an accessory on her wrist. The lady wears a ring."
WOMEN-Skirts-id_00001208-06_4_full,id_00001208,WOMEN,Skirts,full,query,8821,The female wears a tank tank shirt with pure color patterns and three-point skirt. The tank shirt is with cotton fabric and it has a round neckline. The skirt is with cotton fabric and stripe patterns. This female wears a ring.
WOMEN-Skirts-id_00001208-07_4_full,id_00001208,WOMEN,Skirts,full,query,8822,The person is wearing a sleeveless tank shirt with solid color patterns and a three-point skirt. The tank shirt is with cotton fabric and its neckline is round. The skirt is with cotton fabric and striped patterns. There is a ring on her finger.
WOMEN-Skirts-id_00001503-05_1_front,id_00001503,WOMEN,Skirts,front,query,8835,"The shirt this female wears has long sleeves and it is with cotton fabric and pure color patterns. The neckline of the shirt is round. This female wears a three-point skirt, with cotton fabric and pure color patterns. The female also wears an outer clothing, with cotton fabric and other patterns. This woman wears a ring."
WOMEN-Skirts-id_00001558-01_4_full,id_00001558,WOMEN,Skirts,full,query,8839,"The upper clothing has long sleeves, cotton fabric and solid color patterns. It has a round neckline. The lower clothing is of three-point length. The fabric is cotton and it has solid color patterns."
WOMEN-Skirts-id_00001558-02_1_front,id_00001558,WOMEN,Skirts,front,query,8840,"The upper clothing has long sleeves, cotton fabric and pure color patterns. It has a crew neckline. The lower clothing is of three-point length. The fabric is cotton and it has pure color patterns."
WOMEN-Skirts-id_00001558-02_4_full,id_00001558,WOMEN,Skirts,full,query,8841,The person is wearing a long-sleeve sweater with solid color patterns. The sweater is with cotton fabric and its neckline is round. The person wears a three-point skirt. The skirt is with cotton fabric and pure color patterns.
WOMEN-Skirts-id_00001558-04_4_full,id_00001558,WOMEN,Skirts,full,query,8843,"The upper clothing has long sleeves, cotton fabric and solid color patterns. The neckline of it is round. The lower clothing is of three-point length. The fabric is cotton and it has solid color patterns."
WOMEN-Skirts-id_00001558-05_4_full,id_00001558,WOMEN,Skirts,full,query,8844,"The upper clothing has long sleeves, cotton fabric and solid color patterns. The neckline of it is crew. The lower clothing is of three-point length. The fabric is cotton and it has solid color patterns. This person wears a pair of socks."
WOMEN-Skirts-id_00001558-10_4_full,id_00001558,WOMEN,Skirts,full,query,8847,This person is wearing a long-sleeve shirt with stripe patterns. The shirt is with cotton fabric. It has a stand neckline. This person wears a three-point skirt. The skirt is with cotton fabric and solid color patterns. The female wears a pair of socks.
WOMEN-Skirts-id_00001558-13_4_full,id_00001558,WOMEN,Skirts,full,query,8849,This lady is wearing a long-sleeve sweater with pure color patterns. The sweater is with cotton fabric. The skirt this lady wears is of three-point length. The skirt is with cotton fabric and pure color patterns. This person wears a ring.
WOMEN-Skirts-id_00001558-14_1_front,id_00001558,WOMEN,Skirts,front,query,8850,The lady wears a long-sleeve shirt with pure color patterns. The shirt is with cotton fabric. The lady wears a three-point skirt. The skirt is with cotton fabric and solid color patterns. There is a ring on her finger.
WOMEN-Skirts-id_00001558-18_1_front,id_00001558,WOMEN,Skirts,front,query,8853,"Her T-shirt has short sleeves, cotton fabric and solid color patterns. It has a v-shape neckline. This lady wears a three-point skirt. The skirt is with cotton fabric and solid color patterns."
WOMEN-Skirts-id_00001558-19_1_front,id_00001558,WOMEN,Skirts,front,query,8854,"Her T-shirt has short sleeves, cotton fabric and pure color patterns. The neckline of it is v-shape. The female wears a three-point skirt. The skirt is with cotton fabric and pure color patterns."
WOMEN-Skirts-id_00001797-03_4_full,id_00001797,WOMEN,Skirts,full,query,8860,"The shirt the lady wears has short sleeves and its fabric is cotton. The pattern of it is solid color. It has a crew neckline. The lady wears a three-point skirt, with cotton fabric and solid color patterns."
WOMEN-Skirts-id_00001852-03_4_full,id_00001852,WOMEN,Skirts,full,query,8865,This female is wearing a sleeveless tank top with pure color patterns. The tank top is with cotton fabric and its neckline is crew. The skirt this female wears is of three-point length. The skirt is with cotton fabric and floral patterns. This woman is wearing a ring on her finger.
WOMEN-Skirts-id_00001983-05_1_front,id_00001983,WOMEN,Skirts,front,query,8870,The female is wearing a tank tank top with pure color patterns and a short skirt. The tank top is with cotton fabric and its neckline is crew. The skirt is with cotton fabric and pure color patterns. This female is wearing a hat. There is a ring on her finger. There is an accessory on her wrist.
WOMEN-Skirts-id_00002397-05_4_full,id_00002397,WOMEN,Skirts,full,query,8879,This woman wears a long-sleeve shirt with pure color patterns and three-point skirt. The shirt is with cotton fabric and it has a crew neckline. The skirt is with cotton fabric and pure color patterns. This female is wearing a ring on her finger. The lady has neckwear.
WOMEN-Skirts-id_00002968-01_1_front,id_00002968,WOMEN,Skirts,front,query,8906,"This female is wearing a long-sleeve shirt with solid color patterns. The shirt is with cotton fabric. It has a v-shape neckline. This female wears a short skirt. The skirt is with cotton fabric and graphic patterns. The person also wears an outer clothing, with leather fabric and pure color patterns. There is a ring on her finger."
WOMEN-Skirts-id_00002986-03_1_front,id_00002986,WOMEN,Skirts,front,query,8908,The female is wearing a sleeveless tank shirt with pure color patterns. The tank shirt is with cotton fabric. It has a crew neckline. The skirt the female wears is of long length. The skirt is with cotton fabric and solid color patterns. There is a hat in her head. There is an accessory on her wrist. This lady wears a ring.
WOMEN-Skirts-id_00003513-05_4_full,id_00003513,WOMEN,Skirts,full,query,8926,The lady is wearing a tank tank shirt with graphic patterns and a three-point skirt. The tank shirt is with cotton fabric. The neckline of the tank shirt is suspenders. The skirt is with cotton fabric and pure color patterns. There is an accessory on her wrist. The person wears a ring.
WOMEN-Skirts-id_00003513-07_4_full,id_00003513,WOMEN,Skirts,full,query,8928,"Her tank top has no sleeves, cotton fabric and pure color patterns. It has a suspenders neckline. The skirt the person wears is of three-point length. The skirt is with cotton fabric and graphic patterns. This lady wears sunglasses. There is an accessory on her wrist. This woman wears a ring."
WOMEN-Skirts-id_00003518-01_1_front,id_00003518,WOMEN,Skirts,front,query,8929,"The upper clothing has no sleeves, cotton fabric and pure color patterns. The neckline of it is v-shape. The lower clothing is of long length. The fabric is chiffon and it has floral patterns. There is an accessory on her wrist. There is a ring on her finger."
WOMEN-Skirts-id_00003530-02_1_front,id_00003530,WOMEN,Skirts,front,query,8933,The person is wearing a tank tank top with pure color patterns. The tank top is with cotton fabric and its neckline is round. The skirt the person wears is of medium length. The skirt is with cotton fabric and graphic patterns. This woman is wearing a ring on her finger. There is an accessory in his her neck. There is an accessory on her wrist.
WOMEN-Skirts-id_00003618-02_4_full,id_00003618,WOMEN,Skirts,full,query,8942,This lady is wearing a long-sleeve sweater with pure color patterns and a three-point skirt. The sweater is with cotton fabric. The neckline of the sweater is crew. The skirt is with cotton fabric and floral patterns. The outer clothing the person wears is with leather fabric and pure color patterns. This female wears a ring. This person has neckwear. There is an accessory on her wrist. The person wears a hat. The female wears socks in shoes.
WOMEN-Skirts-id_00003674-01_7_additional,id_00003674,WOMEN,Skirts,additional,query,8945,This person is wearing a tank tank shirt with solid color patterns and a long skirt. The tank shirt is with cotton fabric and its neckline is square. The skirt is with cotton fabric and graphic patterns. There is an accessory on her wrist. This woman wears a ring.
WOMEN-Skirts-id_00003782-08_1_front,id_00003782,WOMEN,Skirts,front,query,8951,The lady is wearing a sleeveless tank shirt with solid color patterns. The tank shirt is with cotton fabric and its neckline is square. The skirt the lady wears is of three-quarter length. The skirt is with cotton fabric and pure color patterns.
WOMEN-Skirts-id_00003782-10_1_front,id_00003782,WOMEN,Skirts,front,query,8953,The person is wearing a tank tank top with pure color patterns. The tank top is with cotton fabric. It has a crew neckline. The person wears a three-quarter skirt. The skirt is with cotton fabric and solid color patterns. This woman has neckwear. There is a ring on her finger.
WOMEN-Skirts-id_00003782-12_1_front,id_00003782,WOMEN,Skirts,front,query,8955,"Her tank shirt has sleeves cut off, cotton fabric and solid color patterns. It has a crew neckline. The skirt this lady wears is of three-quarter length. The skirt is with cotton fabric and solid color patterns. This lady wears a ring."
WOMEN-Skirts-id_00003783-05_4_full,id_00003783,WOMEN,Skirts,full,query,8959,This woman wears a sleeveless tank shirt with solid color patterns. The tank shirt is with cotton fabric. It has a round neckline. This woman wears a three-point skirt. The skirt is with cotton fabric and pure color patterns. There is an accessory on her wrist. There is a ring on her finger.
WOMEN-Skirts-id_00004220-02_4_full,id_00004220,WOMEN,Skirts,full,query,8975,"The sweater this female wears has long sleeves and its fabric is leather. The pattern of it is solid color. This female wears a three-point skirt, with cotton fabric and floral patterns. The outer clothing this female wears is with denim fabric and solid color patterns. There is a ring on her finger. The person is wearing a pair of sunglasses. There is an accessory in his her neck."
WOMEN-Skirts-id_00004331-03_4_full,id_00004331,WOMEN,Skirts,full,query,8986,This female is wearing a sleeveless tank shirt with floral patterns. The tank shirt is with cotton fabric. It has a round neckline. This female wears a three-point skirt. The skirt is with cotton fabric and graphic patterns. There is a ring on her finger. The lady has neckwear. There is an accessory on her wrist.
WOMEN-Skirts-id_00004505-06_4_full,id_00004505,WOMEN,Skirts,full,query,8996,"Her tank shirt has no sleeves, cotton fabric and solid color patterns. The neckline of it is v-shape. The person wears a short skirt. The skirt is with cotton fabric and graphic patterns. This person has a hat in her head. This woman has neckwear. The person wears a ring."
WOMEN-Skirts-id_00004650-05_1_front,id_00004650,WOMEN,Skirts,front,query,9008,"The upper clothing has sleeves cut off, cotton fabric and other patterns. It has a square neckline. The lower clothing is of short length. The fabric is cotton and it has pure color patterns. The person wears a ring."
WOMEN-Skirts-id_00004719-03_4_full,id_00004719,WOMEN,Skirts,full,query,9011,The person wears a short-sleeve shirt with pure color patterns. The shirt is with cotton fabric. It has a crew neckline. The skirt the person wears is of three-point length. The skirt is with cotton fabric and other patterns.
WOMEN-Skirts-id_00004719-04_4_full,id_00004719,WOMEN,Skirts,full,query,9012,The lady wears a short-sleeve shirt with solid color patterns and a three-point skirt. The shirt is with cotton fabric. The neckline of the shirt is crew. The skirt is with cotton fabric and complicated patterns. This female is wearing a ring on her finger.
WOMEN-Skirts-id_00004719-11_4_full,id_00004719,WOMEN,Skirts,full,query,9014,"Her shirt has long sleeves, cotton fabric and pure color patterns. It has a round neckline. The skirt this woman wears is of three-point length. The skirt is with cotton fabric and graphic patterns. This person wears a ring."
WOMEN-Skirts-id_00005069-06_4_full,id_00005069,WOMEN,Skirts,full,query,9034,"This woman is wearing a short-sleeve T-shirt with solid color patterns and a three-point skirt. The T-shirt is with cotton fabric and its neckline is suspenders. The skirt is with cotton fabric and graphic patterns. This person also wears an outer clothing, with knitting fabric and solid color patterns. This lady has neckwear. This person is wearing a ring on her finger. This female is wearing a hat."
WOMEN-Skirts-id_00006463-05_2_side,id_00006463,WOMEN,Skirts,side,query,9113,The lady is wearing a tank tank top with solid color patterns. The tank top is with cotton fabric and its neckline is v-shape. The skirt the lady wears is of three-point length. The skirt is with cotton fabric and solid color patterns. This woman wears a ring.
WOMEN-Skirts-id_00006463-05_4_full,id_00006463,WOMEN,Skirts,full,query,9114,This lady is wearing a tank tank shirt with solid color patterns. The tank shirt is with cotton fabric. It has a v-shape neckline. The skirt this lady wears is of three-point length. The skirt is with cotton fabric and solid color patterns. There is an accessory on her wrist.
WOMEN-Skirts-id_00006463-06_2_side,id_00006463,WOMEN,Skirts,side,query,9115,"The tank top the person wears has sleeves cut off and its fabric is cotton. The pattern of it is solid color. It has a v-shape neckline. The person wears a three-point skirt, with cotton fabric and pure color patterns. This female wears a ring."
WOMEN-Skirts-id_00006463-07_4_full,id_00006463,WOMEN,Skirts,full,query,9119,This lady wears a tank tank shirt with pure color patterns. The tank shirt is with cotton fabric. It has a v-shape neckline. This lady wears a three-point skirt. The skirt is with cotton fabric and pure color patterns. There is an accessory on her wrist. This female wears a ring.
WOMEN-Skirts-id_00006463-07_7_additional,id_00006463,WOMEN,Skirts,additional,query,9120,This lady is wearing a tank tank shirt with pure color patterns and a three-point skirt. The tank shirt is with cotton fabric and its neckline is v-shape. The skirt is with cotton fabric and pure color patterns. The lady wears a ring. There is an accessory on her wrist.
WOMEN-Skirts-id_00006463-08_7_additional,id_00006463,WOMEN,Skirts,additional,query,9123,"The tank top the lady wears has no sleeves, its fabric is cotton, and it has pure color patterns. The tank top has a v-shape neckline. The lady wears a three-point skirt, with cotton fabric and solid color patterns. The female wears a ring. There is an accessory on her wrist."
WOMEN-Skirts-id_00006463-09_4_full,id_00006463,WOMEN,Skirts,full,query,9124,"Her tank top has no sleeves, cotton fabric and solid color patterns. It has a v-shape neckline. The skirt this female wears is of three-point length. The skirt is with cotton fabric and pure color patterns. There is an accessory on her wrist. There is a ring on her finger."
WOMEN-Skirts-id_00006719-04_1_front,id_00006719,WOMEN,Skirts,front,query,9137,This woman wears a sleeveless tank shirt with pure color patterns and short skirt. The tank shirt is with cotton fabric and it has a v-shape neckline. The skirt is with cotton fabric and pure color patterns. There is an accessory in his her neck.
WOMEN-Skirts-id_00007055-13_1_front,id_00007055,WOMEN,Skirts,front,query,9157,This lady is wearing a tank tank top with pure color patterns and a three-point skirt. The tank top is with cotton fabric. The skirt is with cotton fabric and solid color patterns. This woman is wearing a ring on her finger.
WOMEN-Skirts-id_00007226-03_4_full,id_00007226,WOMEN,Skirts,full,query,9163,This woman is wearing a short-sleeve T-shirt with solid color patterns. The T-shirt is with cotton fabric and its neckline is crew. This woman wears a three-point skirt. The skirt is with cotton fabric and pure color patterns. This woman is wearing a ring on her finger. There is an accessory on her wrist. There is an accessory in his her neck.
WOMEN-Skirts-id_00007226-05_4_full,id_00007226,WOMEN,Skirts,full,query,9165,The female wears a short-sleeve T-shirt with solid color patterns. The T-shirt is with cotton fabric. It has a crew neckline. The skirt the female wears is of three-point length. The skirt is with cotton fabric and pure color patterns. This female has neckwear. This woman wears a ring. There is an accessory on her wrist.
WOMEN-Skirts-id_00007380-02_1_front,id_00007380,WOMEN,Skirts,front,query,9170,This lady wears a long-sleeve shirt with solid color patterns. The shirt is with cotton fabric. It has a stand neckline. This lady wears a short skirt. The skirt is with cotton fabric and solid color patterns. The outer clothing this female wears is with leather fabric and pure color patterns. The person is wearing a ring on her finger.
WOMEN-Skirts-id_00007788-07_4_full,id_00007788,WOMEN,Skirts,full,query,9197,This female is wearing a sleeveless tank top with pure color patterns. The tank top is with cotton fabric and its neckline is crew. The skirt this female wears is of three-point length. The skirt is with cotton fabric and solid color patterns. There is an accessory on her wrist.
WOMEN-Sweaters-id_00000098-02_2_side,id_00000098,WOMEN,Sweaters,side,query,9211,The female is wearing a long-sleeve shirt with other patterns and a long trousers. The shirt is with mixed fabric. The trousers are with knitting fabric and solid color patterns. The outer clothing the female wears is with knitting fabric and complicated patterns.
WOMEN-Sweaters-id_00000342-07_4_full,id_00000342,WOMEN,Sweaters,full,query,9223,The lady wears a long-sleeve shirt with solid color patterns. The shirt is with cotton fabric. It has a round neckline. The lady wears a three-point pants. The pants are with denim fabric and other patterns. This female has neckwear. The person is wearing a belt. This person wears socks in shoes. The lady wears a ring.
WOMEN-Sweaters-id_00000628-02_4_full,id_00000628,WOMEN,Sweaters,full,query,9241,"The upper clothing has long sleeves, cotton fabric and pure color patterns. The lower clothing is of three-point length. The fabric is denim and it has pure color patterns. The female also wears an outer clothing, with cotton fabric and solid color patterns. There is an accessory on her wrist. This lady is wearing a ring on her finger. This lady has neckwear."
WOMEN-Sweaters-id_00001123-01_4_full,id_00001123,WOMEN,Sweaters,full,query,9292,The person is wearing a medium-sleeve shirt with pure color patterns. The shirt is with knitting fabric and its neckline is round. The person wears a three-point pants. The pants are with cotton fabric and solid color patterns. The lady wears a ring. The female has neckwear.
WOMEN-Sweaters-id_00001615-04_4_full,id_00001615,WOMEN,Sweaters,full,query,9318,"The upper clothing has long sleeves, knitting fabric and stripe patterns. It has a crew neckline. The lower clothing is of three-point length. The fabric is denim and it has solid color patterns. This female is wearing leggings. This female wears a ring. There is an accessory in his her neck."
WOMEN-Sweaters-id_00001615-06_7_additional,id_00001615,WOMEN,Sweaters,additional,query,9320,This woman is wearing a long-sleeve sweater with striped patterns. The sweater is with knitting fabric and its neckline is round. This woman wears a three-point pants. The pants are with denim fabric and solid color patterns. The person is wearing leggings. There is a ring on her finger. This lady has neckwear.
WOMEN-Sweaters-id_00001635-05_4_full,id_00001635,WOMEN,Sweaters,full,query,9328,This lady wears a long-sleeve shirt with pure color patterns. The shirt is with cotton fabric. This lady wears a three-point pants. The pants are with cotton fabric and plaid patterns. This person is wearing leggings. The female has a hat in her head. There is a ring on her finger.
WOMEN-Sweaters-id_00001671-01_7_additional,id_00001671,WOMEN,Sweaters,additional,query,9331,"Her shirt has long sleeves, other fabric and other patterns. The outer clothing is with cotton fabric and complicated patterns. This female is wearing a ring on her finger."
WOMEN-Sweaters-id_00002045-05_2_side,id_00002045,WOMEN,Sweaters,side,query,9352,The person is wearing a long-sleeve shirt with other patterns. The shirt is with knitting fabric. The neckline of the shirt is round. There is a hat in her head. There is an accessory in his her neck.
WOMEN-Sweaters-id_00002045-05_7_additional,id_00002045,WOMEN,Sweaters,additional,query,9353,This female wears a long-sleeve sweater with complicated patterns. The sweater is with knitting fabric. It has a crew neckline. The trousers this female wears is of long length. The trousers are with denim fabric and pure color patterns. The female has a hat in her head. There is an accessory in his her neck. There is an accessory on her wrist.
WOMEN-Sweaters-id_00002049-01_4_full,id_00002049,WOMEN,Sweaters,full,query,9357,This female wears a long-sleeve sweater with solid color patterns and a long trousers. The sweater is with cotton fabric and its neckline is round. The trousers are with cotton fabric and solid color patterns. The outer clothing is with cotton fabric and graphic patterns. The lady wears a ring. The lady has neckwear.
WOMEN-Sweaters-id_00002049-02_1_front,id_00002049,WOMEN,Sweaters,front,query,9358,"Her sweater has long sleeves, cotton fabric and pure color patterns. It has a crew neckline. This female wears a long trousers. The trousers are with cotton fabric and solid color patterns. This woman also wears an outer clothing, with cotton fabric and graphic patterns. This female wears a ring. There is an accessory in his her neck."
WOMEN-Sweaters-id_00002049-02_4_full,id_00002049,WOMEN,Sweaters,full,query,9360,This female wears a long-sleeve shirt with solid color patterns. The shirt is with cotton fabric. It has a crew neckline. The trousers this female wears is of long length. The trousers are with cotton fabric and solid color patterns. The outer clothing is with cotton fabric and graphic patterns. There is a ring on her finger. This female has neckwear.
WOMEN-Sweaters-id_00002256-04_4_full,id_00002256,WOMEN,Sweaters,full,query,9392,The lady is wearing a long-sleeve shirt with pure color patterns and a three-point pants. The shirt is with furry fabric and its neckline is crew. The pants are with cotton fabric and floral patterns. There is an accessory in his her neck. This lady wears socks in shoes. The lady is wearing a ring on her finger.
WOMEN-Sweaters-id_00002256-04_7_additional,id_00002256,WOMEN,Sweaters,additional,query,9393,"Her sweater has long sleeves, furry fabric and solid color patterns. It has a round neckline. The pants this lady wears is of three-point length. The pants are with cotton fabric and floral patterns. There is a ring on her finger. This woman wears socks in shoes. This person has neckwear."
WOMEN-Sweaters-id_00002269-02_3_back,id_00002269,WOMEN,Sweaters,back,query,9396,"The shirt the lady wears has medium sleeves and its fabric is other. The pattern of it is other. The lady wears a medium shorts, with chiffon fabric and graphic patterns. This female also wears an outer clothing, with chiffon fabric and solid color patterns. This female wears a hat. There is a ring on her finger. There is an accessory on her wrist. There is an accessory in his her neck."
WOMEN-Sweaters-id_00002269-02_7_additional,id_00002269,WOMEN,Sweaters,additional,query,9397,This lady is wearing a medium-sleeve shirt with other patterns. The shirt is with mixed fabric. The pants this lady wears is of medium length. The pants are with chiffon fabric and graphic patterns. The outer clothing is with chiffon fabric and solid color patterns. The person wears a ring. This woman has a hat in her head. There is an accessory on her wrist.
WOMEN-Sweaters-id_00002287-06_4_full,id_00002287,WOMEN,Sweaters,full,query,9400,This lady wears a long-sleeve shirt with pure color patterns. The shirt is with cotton fabric. It has a round neckline. The trousers this lady wears is of long length. The trousers are with denim fabric and solid color patterns. The outer clothing is with knitting fabric and pure color patterns. There is an accessory in his her neck. There is an accessory on her wrist. This female wears a ring.
WOMEN-Sweaters-id_00002480-01_1_front,id_00002480,WOMEN,Sweaters,front,query,9407,The person is wearing a long-sleeve shirt with graphic patterns. The shirt is with cotton fabric and its neckline is crew. The trousers the person wears is of long length. The trousers are with denim fabric and other patterns. The outer clothing is with knitting fabric and graphic patterns. There is an accessory on her wrist. There is a ring on her finger.
WOMEN-Sweaters-id_00002480-01_7_additional,id_00002480,WOMEN,Sweaters,additional,query,9409,"Her shirt has long sleeves, cotton fabric and pure color patterns. The trousers this female wears is of long length. The trousers are with denim fabric and complicated patterns. The outer clothing the lady wears is with knitting fabric and graphic patterns. There is a ring on her finger. There is an accessory on her wrist."
WOMEN-Sweaters-id_00002608-05_7_additional,id_00002608,WOMEN,Sweaters,additional,query,9421,"Her sweater has long sleeves, knitting fabric and graphic patterns. The neckline of it is round. The person wears a long trousers. The trousers are with denim fabric and solid color patterns. There is a ring on her finger. The person has a hat in her head. There is clothing on her waist. There is an accessory in his her neck."
WOMEN-Sweaters-id_00002608-06_7_additional,id_00002608,WOMEN,Sweaters,additional,query,9422,The person wears a long-sleeve sweater with graphic patterns. The sweater is with knitting fabric. It has a crew neckline. The trousers the person wears is of long length. The trousers are with denim fabric and pure color patterns. This person has neckwear. The person wears a hat. This female wears a ring. There is clothing on her waist.
WOMEN-Sweaters-id_00002608-08_1_front,id_00002608,WOMEN,Sweaters,front,query,9424,"The upper clothing has long sleeves, knitting fabric and graphic patterns. It has a crew neckline. The lower clothing is of long length. The fabric is denim and it has pure color patterns. This female has a hat in her head. This person is wearing a ring on her finger. There is an accessory in his her neck. There is clothing on her waist."
WOMEN-Sweaters-id_00002608-08_7_additional,id_00002608,WOMEN,Sweaters,additional,query,9425,This woman wears a long-sleeve shirt with graphic patterns. The shirt is with knitting fabric. It has a round neckline. The pants this woman wears is of long length. The pants are with denim fabric and pure color patterns. There is an accessory in his her neck. There is a ring on her finger. This female wears a hat. There is clothing on her waist.
WOMEN-Sweaters-id_00002608-09_7_additional,id_00002608,WOMEN,Sweaters,additional,query,9426,"Her shirt has long sleeves, knitting fabric and graphic patterns. The neckline of it is crew. The trousers this female wears is of long length. The trousers are with denim fabric and solid color patterns. There is clothing on her waist. This person is wearing a hat. This female has neckwear. There is a ring on her finger."
WOMEN-Sweaters-id_00002693-04_4_full,id_00002693,WOMEN,Sweaters,full,query,9437,The female wears a long-sleeve shirt with complicated patterns and a long trousers. The shirt is with cotton fabric and its neckline is round. The trousers are with denim fabric and solid color patterns. This female has neckwear. There is clothing on her waist. This woman wears a ring.
WOMEN-Sweaters-id_00002693-06_1_front,id_00002693,WOMEN,Sweaters,front,query,9439,"The shirt the lady wears has long sleeves, its fabric is cotton, and it has pure color patterns. The shirt has a round neckline. The lady wears a long pants, with denim fabric and solid color patterns. This person wears a ring. There is clothing on her waist. This lady has neckwear."
WOMEN-Sweaters-id_00002746-02_1_front,id_00002746,WOMEN,Sweaters,front,query,9444,"Her shirt has long sleeves, cotton fabric and graphic patterns. The neckline of it is crew. This female wears a long trousers. The trousers are with denim fabric and solid color patterns. This lady also wears an outer clothing, with knitting fabric and other patterns. This person has neckwear. The person wears a belt. This lady is wearing a ring on her finger."
WOMEN-Sweaters-id_00002778-02_7_additional,id_00002778,WOMEN,Sweaters,additional,query,9448,The person is wearing a medium-sleeve shirt with pure color patterns. The shirt is with cotton fabric and its neckline is crew. The trousers the person wears is of long length. The trousers are with cotton fabric and pure color patterns. The outer clothing the person wears is with knitting fabric and graphic patterns. The lady is wearing a ring on her finger.
WOMEN-Sweaters-id_00002853-04_4_full,id_00002853,WOMEN,Sweaters,full,query,9459,"The sweater this person wears has long sleeves, its fabric is knitting, and it has graphic patterns. The sweater has a round neckline. This person wears a long trousers, with chiffon fabric and floral patterns. The lady wears leggings. The person wears a ring. There is an accessory in his her neck. This person wears a hat. There is an accessory on her wrist."
WOMEN-Sweaters-id_00003049-03_7_additional,id_00003049,WOMEN,Sweaters,additional,query,9464,The person wears a long-sleeve sweater with graphic patterns and three-point pants. The sweater is with cotton fabric and it has a crew neckline. The pants are with leather fabric and graphic patterns. The outer clothing is with knitting fabric and complicated patterns. This woman has neckwear. There is a ring on her finger. There is an accessory on her wrist.
WOMEN-Sweaters-id_00003049-04_4_full,id_00003049,WOMEN,Sweaters,full,query,9465,"This woman wears a long-sleeve sweater with graphic patterns and a three-point shorts. The sweater is with cotton fabric. The neckline of the sweater is crew. The shorts are with leather fabric and graphic patterns. The person also wears an outer clothing, with knitting fabric and pure color patterns. There is an accessory in his her neck. This person is wearing a ring on her finger. There is an accessory on her wrist."
WOMEN-Sweaters-id_00003049-05_7_additional,id_00003049,WOMEN,Sweaters,additional,query,9466,"The upper clothing has long sleeves, cotton fabric and graphic patterns. The neckline of it is round. The lower clothing is of three-point length. The fabric is leather and it has graphic patterns. This lady also wears an outer clothing, with knitting fabric and solid color patterns. There is an accessory on her wrist. There is an accessory in his her neck. There is a ring on her finger."
WOMEN-Sweaters-id_00003049-07_7_additional,id_00003049,WOMEN,Sweaters,additional,query,9468,"Her shirt has long sleeves, cotton fabric and graphic patterns. It has a crew neckline. The pants this woman wears is of three-point length. The pants are with leather fabric and graphic patterns. The outer clothing is with knitting fabric and solid color patterns. The person is wearing a ring on her finger. There is an accessory on her wrist. There is an accessory in his her neck."
WOMEN-Sweaters-id_00003149-01_1_front,id_00003149,WOMEN,Sweaters,front,query,9472,The female is wearing a long-sleeve shirt with solid color patterns. The shirt is with cotton fabric and its neckline is stand. The female wears a long pants. The pants are with cotton fabric and graphic patterns. The outer clothing this lady wears is with knitting fabric and pure color patterns. The lady has a hat in her head.
WOMEN-Sweaters-id_00003149-01_7_additional,id_00003149,WOMEN,Sweaters,additional,query,9474,This female wears a long-sleeve sweater with other patterns and a long trousers. The sweater is with other fabric. The trousers are with cotton fabric and graphic patterns. The outer clothing this woman wears is with knitting fabric and pure color patterns.
WOMEN-Sweaters-id_00003149-02_7_additional,id_00003149,WOMEN,Sweaters,additional,query,9476,"The upper clothing has long sleeves, cotton fabric and solid color patterns. The lower clothing is of long length. The fabric is cotton and it has graphic patterns. The outer clothing is with knitting fabric and solid color patterns."
WOMEN-Sweaters-id_00003188-04_7_additional,id_00003188,WOMEN,Sweaters,additional,query,9480,"The upper clothing has long sleeves, cotton fabric and pure color patterns. The neckline of it is stand. The lower clothing is of long length. The fabric is denim and it has solid color patterns. The outer clothing is with cotton fabric and complicated patterns. There is a ring on her finger."
WOMEN-Sweaters-id_00003238-02_1_front,id_00003238,WOMEN,Sweaters,front,query,9491,This lady is wearing a long-sleeve shirt with graphic patterns. The shirt is with knitting fabric. It has a v-shape neckline. This lady wears a three-point shorts. The shorts are with denim fabric and pure color patterns. There is an accessory on her wrist. There is a ring on her finger.
WOMEN-Sweaters-id_00003238-02_3_back,id_00003238,WOMEN,Sweaters,back,query,9493,"The sweater this lady wears has long sleeves and it is with knitting fabric and graphic patterns. This lady wears a three-point pants, with knitting fabric and graphic patterns."
WOMEN-Sweaters-id_00003238-03_1_front,id_00003238,WOMEN,Sweaters,front,query,9494,"Her sweater has long sleeves, knitting fabric and graphic patterns. The neckline of it is v-shape. The pants this female wears is of three-point length. The pants are with denim fabric and pure color patterns. There is a ring on her finger. There is an accessory on her wrist."
WOMEN-Sweaters-id_00003238-03_7_additional,id_00003238,WOMEN,Sweaters,additional,query,9496,"The upper clothing has long sleeves, knitting fabric and graphic patterns. The lower clothing is of three-point length. The fabric is denim and it has pure color patterns."
WOMEN-Sweaters-id_00003310-01_2_side,id_00003310,WOMEN,Sweaters,side,query,9504,"The sweater this lady wears has long sleeves and its fabric is cotton. The pattern of it is pure color. This lady wears a long trousers, with denim fabric and pure color patterns. The female also wears an outer clothing, with knitting fabric and solid color patterns. This lady is wearing a hat. There is a ring on her finger. There is an accessory on her wrist."
WOMEN-Sweaters-id_00003310-02_4_full,id_00003310,WOMEN,Sweaters,full,query,9506,"The sweater the person wears has long sleeves, its fabric is cotton, and it has graphic patterns. The sweater has a round neckline. The person wears a long trousers, with denim fabric and pure color patterns. The outer clothing the lady wears is with knitting fabric and pure color patterns. There is an accessory on her wrist. This woman is wearing a ring on her finger. The person has neckwear."
WOMEN-Sweaters-id_00003466-06_4_full,id_00003466,WOMEN,Sweaters,full,query,9515,"The upper clothing has long sleeves, knitting fabric and pure color patterns. It has a lapel neckline. The lower clothing is of three-point length. The fabric is denim and it has pure color patterns. The lady wears a ring. There is an accessory on her wrist."
WOMEN-Sweaters-id_00003479-06_4_full,id_00003479,WOMEN,Sweaters,full,query,9521,"The upper clothing has long sleeves, knitting fabric and pure color patterns. The neckline of it is round. The lower clothing is of long length. The fabric is denim and it has pure color patterns."
WOMEN-Sweaters-id_00003585-04_7_additional,id_00003585,WOMEN,Sweaters,additional,query,9535,The female is wearing a long-sleeve shirt with solid color patterns. The shirt is with cotton fabric and its neckline is round. The female wears a long pants. The pants are with denim fabric and pure color patterns. This person wears a hat. This lady has neckwear. There is an accessory on her wrist. This female wears a ring.
WOMEN-Sweaters-id_00004023-02_3_back,id_00004023,WOMEN,Sweaters,back,query,9576,This female wears a long-sleeve shirt with mixed patterns and a long trousers. The shirt is with other fabric. The trousers are with mixed fabric and other patterns. The outer clothing this lady wears is with knitting fabric and complicated patterns. This lady wears a ring. There is an accessory on her wrist.
WOMEN-Sweaters-id_00004141-05_1_front,id_00004141,WOMEN,Sweaters,front,query,9585,"The sweater this person wears has long sleeves, its fabric is cotton, and it has floral patterns. The sweater has a round neckline. This person wears a three-point pants, with cotton fabric and floral patterns. The outer clothing this female wears is with knitting fabric and pure color patterns. The female wears a ring. This woman wears a pair of socks."
WOMEN-Sweaters-id_00004141-06_1_front,id_00004141,WOMEN,Sweaters,front,query,9586,This female is wearing a long-sleeve shirt with floral patterns. The shirt is with cotton fabric. It has a round neckline. The shorts this female wears is of three-point length. The shorts are with cotton fabric and floral patterns. The outer clothing is with knitting fabric and pure color patterns. There is a ring on her finger. This female wears socks in shoes.
WOMEN-Sweaters-id_00004180-03_7_additional,id_00004180,WOMEN,Sweaters,additional,query,9592,"The upper clothing has long sleeves, knitting fabric and pure color patterns. The neckline of it is stand. The lower clothing is of three-point length. The fabric is cotton and it has pure color patterns. The lady wears a ring."
WOMEN-Sweaters-id_00004294-04_7_additional,id_00004294,WOMEN,Sweaters,additional,query,9604,"The sweater this lady wears has long sleeves and it is with knitting fabric and graphic patterns. The neckline of the sweater is crew. This lady wears a long pants, with denim fabric and complicated patterns. There is a ring on her finger."
WOMEN-Sweaters-id_00004403-06_7_additional,id_00004403,WOMEN,Sweaters,additional,query,9608,"The sweater this lady wears has long sleeves and it is with knitting fabric and complicated patterns. The neckline of the sweater is round. This lady wears a long trousers, with denim fabric and pure color patterns. There is a ring on her finger. There is clothing on her waist. The person has neckwear."
WOMEN-Sweaters-id_00004524-03_7_additional,id_00004524,WOMEN,Sweaters,additional,query,9619,This woman is wearing a long-sleeve shirt with solid color patterns. The shirt is with knitting fabric and its neckline is round. This woman wears a three-point pants. The pants are with cotton fabric and plaid patterns. The outer clothing this person wears is with cotton fabric and solid color patterns. This woman is wearing a hat. The lady wears a pair of socks.
WOMEN-Sweaters-id_00004655-02_1_front,id_00004655,WOMEN,Sweaters,front,query,9630,"Her shirt has long sleeves, knitting fabric and stripe patterns. The neckline of it is lapel. The person wears a three-point pants. The pants are with cotton fabric and lattice patterns. This person wears leggings. The lady has a hat in her head."
WOMEN-Sweaters-id_00004655-02_7_additional,id_00004655,WOMEN,Sweaters,additional,query,9631,"Her sweater has long sleeves, knitting fabric and stripe patterns. It has a lapel neckline. The pants this female wears is of three-point length. The pants are with cotton fabric and graphic patterns. This lady is wearing leggings. This person has a hat in her head."
WOMEN-Sweaters-id_00004677-03_4_full,id_00004677,WOMEN,Sweaters,full,query,9635,The person wears a long-sleeve sweater with striped patterns. The sweater is with furry fabric. It has a crew neckline. The pants the person wears is of long length. The pants are with denim fabric and solid color patterns. This person is wearing a ring on her finger. This woman has neckwear.
WOMEN-Sweaters-id_00004677-06_1_front,id_00004677,WOMEN,Sweaters,front,query,9637,This woman wears a long-sleeve sweater with pure color patterns and a long trousers. The sweater is with furry fabric. The neckline of the sweater is round. The trousers are with denim fabric and solid color patterns. There is an accessory in his her neck. This lady wears a ring. There is an accessory on her wrist.
WOMEN-Sweaters-id_00004745-03_4_full,id_00004745,WOMEN,Sweaters,full,query,9646,The lady is wearing a long-sleeve sweater with graphic patterns. The sweater is with knitting fabric. It has a round neckline. The pants the lady wears is of long length. The pants are with leather fabric and solid color patterns. There is an accessory in his her neck. The lady is wearing a ring on her finger. The person wears a hat.
WOMEN-Sweaters-id_00004745-05_1_front,id_00004745,WOMEN,Sweaters,front,query,9648,This lady is wearing a long-sleeve shirt with other patterns. The shirt is with knitting fabric and its neckline is round. The trousers this lady wears is of long length. The trousers are with leather fabric and solid color patterns. This female wears a ring. This female has a hat in her head.
WOMEN-Sweaters-id_00004745-06_4_full,id_00004745,WOMEN,Sweaters,full,query,9649,"Her shirt has long sleeves, knitting fabric and graphic patterns. The pants this woman wears is of long length. The pants are with leather fabric and solid color patterns. There is a ring on her finger. The lady has a hat in her head."
WOMEN-Sweaters-id_00004787-12_7_additional,id_00004787,WOMEN,Sweaters,additional,query,9661,The lady wears a long-sleeve sweater with graphic patterns and long trousers. The sweater is with knitting fabric and it has a crew neckline. The trousers are with denim fabric and solid color patterns. There is an accessory on her wrist. There is clothing on her waist.
WOMEN-Sweaters-id_00004787-13_7_additional,id_00004787,WOMEN,Sweaters,additional,query,9662,"Her shirt has long sleeves, knitting fabric and graphic patterns. It has a crew neckline. The person wears a long trousers. The trousers are with denim fabric and solid color patterns. There is a ring on her finger. There is clothing on her waist. There is an accessory on her wrist. The person has neckwear."
WOMEN-Sweaters-id_00005099-06_7_additional,id_00005099,WOMEN,Sweaters,additional,query,9688,The person is wearing a long-sleeve sweater with pure color patterns. The sweater is with cotton fabric and its neckline is round. The pants the person wears is of three-quarter length. The pants are with denim fabric and pure color patterns. The outer clothing this woman wears is with cotton fabric and solid color patterns. This lady wears a pair of socks.
WOMEN-Sweaters-id_00005107-02_7_additional,id_00005107,WOMEN,Sweaters,additional,query,9693,"The shirt this lady wears has long sleeves and its fabric is knitting. The pattern of it is graphic. It has a round neckline. This lady wears a long trousers, with denim fabric and solid color patterns. The outer clothing this woman wears is with cotton fabric and pure color patterns. There is a ring on her finger."
WOMEN-Sweaters-id_00005110-04_4_full,id_00005110,WOMEN,Sweaters,full,query,9695,This female is wearing a long-sleeve shirt with solid color patterns. The shirt is with knitting fabric and its neckline is round. The trousers this female wears is of long length. The trousers are with denim fabric and solid color patterns. This person is wearing a ring on her finger. There is clothing on her waist.
WOMEN-Sweaters-id_00005253-05_1_front,id_00005253,WOMEN,Sweaters,front,query,9706,The person is wearing a long-sleeve sweater with pure color patterns and a long trousers. The sweater is with cotton fabric. The neckline of the sweater is round. The trousers are with leather fabric and pure color patterns. There is an accessory in his her neck. The person wears a ring. This woman wears a hat. There is clothing on her waist.
WOMEN-Sweaters-id_00005253-07_1_front,id_00005253,WOMEN,Sweaters,front,query,9708,This female is wearing a long-sleeve sweater with solid color patterns and a long trousers. The sweater is with cotton fabric and its neckline is round. The trousers are with leather fabric and pure color patterns. There is an accessory in his her neck. The person wears a ring. This person has a hat in her head. There is clothing on her waist.
WOMEN-Sweaters-id_00005253-08_4_full,id_00005253,WOMEN,Sweaters,full,query,9709,This woman is wearing a long-sleeve shirt with solid color patterns. The shirt is with cotton fabric. It has a crew neckline. The trousers this woman wears is of long length. The trousers are with leather fabric and solid color patterns. There is clothing on her waist. This woman has neckwear. The person wears a ring.
WOMEN-Sweaters-id_00005366-02_7_additional,id_00005366,WOMEN,Sweaters,additional,query,9719,This lady is wearing a long-sleeve shirt with graphic patterns and a three-point shorts. The shirt is with chiffon fabric. The shorts are with denim fabric and pure color patterns. There is an accessory on her wrist. This woman is wearing a ring on her finger.
WOMEN-Sweaters-id_00005594-02_1_front,id_00005594,WOMEN,Sweaters,front,query,9731,This female wears a long-sleeve sweater with pure color patterns and a three-point pants. The sweater is with cotton fabric. The neckline of the sweater is round. The pants are with cotton fabric and pure color patterns. The female wears a pair of socks.
WOMEN-Sweaters-id_00005594-09_7_additional,id_00005594,WOMEN,Sweaters,additional,query,9734,"Her sweater has long sleeves, cotton fabric and solid color patterns. The female wears a three-point shorts. The shorts are with cotton fabric and plaid patterns. This lady wears socks in shoes."
WOMEN-Sweaters-id_00005594-10_7_additional,id_00005594,WOMEN,Sweaters,additional,query,9735,This woman is wearing a long-sleeve sweater with pure color patterns and a three-point shorts. The sweater is with cotton fabric. The neckline of the sweater is lapel. The shorts are with cotton fabric and plaid patterns. The lady wears socks in shoes. There is a hat in her head.
WOMEN-Sweaters-id_00005885-01_1_front,id_00005885,WOMEN,Sweaters,front,query,9747,The female is wearing a long-sleeve sweater with lattice patterns. The sweater is with cotton fabric and its neckline is v-shape. The pants the female wears is of three-point length. The pants are with cotton fabric and lattice patterns. The outer clothing this lady wears is with knitting fabric and graphic patterns. There is an accessory in his her neck. This woman wears a ring. The lady is wearing a hat. This female is wearing a pair of socks.
WOMEN-Sweaters-id_00005885-01_7_additional,id_00005885,WOMEN,Sweaters,additional,query,9749,"This female is wearing a long-sleeve sweater with mixed patterns. The sweater is with mixed fabric. This female wears a three-point shorts. The shorts are with cotton fabric and lattice patterns. This woman also wears an outer clothing, with knitting fabric and graphic patterns. The person wears a pair of socks. There is a ring on her finger."
WOMEN-Sweaters-id_00005901-04_7_additional,id_00005901,WOMEN,Sweaters,additional,query,9750,The person wears a long-sleeve sweater with graphic patterns and a long pants. The sweater is with knitting fabric. The pants are with chiffon fabric and floral patterns. There is an accessory on her wrist. There is an accessory in his her neck. The female is wearing a ring on her finger. There is a hat in her head.
WOMEN-Sweaters-id_00005901-07_4_full,id_00005901,WOMEN,Sweaters,full,query,9752,"Her sweater has long sleeves, knitting fabric and graphic patterns. The neckline of it is crew. This woman wears a long pants. The pants are with chiffon fabric and floral patterns. There is an accessory on her wrist. This woman is wearing leggings. The lady wears a hat. This female has neckwear. This person wears a ring."
WOMEN-Sweaters-id_00005919-04_7_additional,id_00005919,WOMEN,Sweaters,additional,query,9754,The female wears a long-sleeve sweater with solid color patterns and a long trousers. The sweater is with cotton fabric and its neckline is crew. The trousers are with denim fabric and other patterns. The outer clothing the female wears is with knitting fabric and graphic patterns. The lady wears a ring.
WOMEN-Sweaters-id_00006450-06_4_full,id_00006450,WOMEN,Sweaters,full,query,9782,"The upper clothing has long sleeves, knitting fabric and other patterns. It has a crew neckline. The lower clothing is of long length. The fabric is denim and it has other patterns. This person wears a hat. This lady has neckwear. There is a ring on her finger. There is clothing on her waist. There is an accessory on her wrist."
WOMEN-Sweaters-id_00006450-07_4_full,id_00006450,WOMEN,Sweaters,full,query,9783,The person is wearing a long-sleeve sweater with other patterns. The sweater is with knitting fabric and its neckline is round. The trousers the person wears is of long length. The trousers are with denim fabric and other patterns. There is clothing on her waist. There is an accessory on her wrist. There is an accessory in his her neck. This lady has a hat in her head. The lady wears a ring.
WOMEN-Sweaters-id_00006540-04_7_additional,id_00006540,WOMEN,Sweaters,additional,query,9800,The lady is wearing a long-sleeve sweater with solid color patterns and a three-point shorts. The sweater is with furry fabric. The neckline of the sweater is crew. The shorts are with cotton fabric and pure color patterns. The outer clothing is with cotton fabric and solid color patterns. The female wears a ring.
WOMEN-Sweaters-id_00006683-06_7_additional,id_00006683,WOMEN,Sweaters,additional,query,9806,"The shirt this lady wears has long sleeves and its fabric is cotton. The pattern of it is pure color. It has a crew neckline. This lady wears a three-point shorts, with cotton fabric and solid color patterns. There is a ring on her finger."
WOMEN-Sweaters-id_00006768-05_4_full,id_00006768,WOMEN,Sweaters,full,query,9814,This person wears a long-sleeve sweater with pure color patterns and a long pants. The sweater is with knitting fabric. The neckline of the sweater is crew. The pants are with denim fabric and pure color patterns. There is clothing on her waist. This person is wearing a hat. The lady has neckwear. This female is wearing a ring on her finger.
WOMEN-Sweaters-id_00006850-07_7_additional,id_00006850,WOMEN,Sweaters,additional,query,9826,"This woman wears a long-sleeve sweater with solid color patterns and a long trousers. The sweater is with cotton fabric. The neckline of the sweater is round. The trousers are with denim fabric and complicated patterns. This person also wears an outer clothing, with cotton fabric and pure color patterns. There is a ring on her finger."
WOMEN-Sweaters-id_00007056-02_7_additional,id_00007056,WOMEN,Sweaters,additional,query,9843,"The shirt the person wears has long sleeves and its fabric is cotton. The pattern of it is solid color. The person wears a long trousers, with cotton fabric and graphic patterns. This female also wears an outer clothing, with knitting fabric and complicated patterns. There is an accessory on her wrist. This woman wears a ring. The female has a hat in her head."
WOMEN-Sweaters-id_00007056-03_3_back,id_00007056,WOMEN,Sweaters,back,query,9845,The lady is wearing a long-sleeve shirt with mixed patterns and a long trousers. The shirt is with other fabric. The trousers are with cotton fabric and graphic patterns. The outer clothing is with knitting fabric and other patterns. The person has a hat in her head. There is an accessory on her wrist. There is a ring on her finger.
WOMEN-Sweaters-id_00007056-03_7_additional,id_00007056,WOMEN,Sweaters,additional,query,9846,"Her shirt has long sleeves, cotton fabric and graphic patterns. The neckline of it is v-shape. The trousers this woman wears is of long length. The trousers are with cotton fabric and graphic patterns. This lady also wears an outer clothing, with knitting fabric and other patterns. There is an accessory on her wrist. This woman wears a hat. There is a ring on her finger. The lady has neckwear."
WOMEN-Sweaters-id_00007221-04_4_full,id_00007221,WOMEN,Sweaters,full,query,9854,"The upper clothing has long sleeves, knitting fabric and graphic patterns. The neckline of it is crew. The lower clothing is of long length. The fabric is denim and it has solid color patterns. This lady is wearing a ring on her finger. There is an accessory in his her neck. There is an accessory on her wrist. The lady wears a hat."
WOMEN-Sweaters-id_00007221-12_4_full,id_00007221,WOMEN,Sweaters,full,query,9856,This lady is wearing a long-sleeve shirt with graphic patterns and a long trousers. The shirt is with knitting fabric. The trousers are with denim fabric and pure color patterns. This person wears a ring. There is an accessory on her wrist. This lady wears a hat. The lady has neckwear.
WOMEN-Sweaters-id_00007221-13_4_full,id_00007221,WOMEN,Sweaters,full,query,9857,This woman is wearing a long-sleeve shirt with graphic patterns. The shirt is with knitting fabric and its neckline is round. This woman wears a long trousers. The trousers are with denim fabric and pure color patterns. The lady wears a ring. There is an accessory in his her neck. There is an accessory on her wrist.
WOMEN-Sweaters-id_00007235-06_1_front,id_00007235,WOMEN,Sweaters,front,query,9859,This female is wearing a long-sleeve sweater with pure color patterns. The sweater is with cotton fabric. The shorts this female wears is of three-point length. The shorts are with cotton fabric and solid color patterns. This female wears a hat. This person wears a pair of socks.
WOMEN-Sweaters-id_00007235-07_1_front,id_00007235,WOMEN,Sweaters,front,query,9860,"The sweater this person wears has long sleeves and its fabric is cotton. The pattern of it is pure color. This person wears a three-point shorts, with cotton fabric and pure color patterns. The outer clothing the lady wears is with cotton fabric and pure color patterns. The female has a hat in her head. This lady is wearing a pair of socks."
WOMEN-Sweaters-id_00007235-12_1_front,id_00007235,WOMEN,Sweaters,front,query,9862,"The lady is wearing a long-sleeve sweater with pure color patterns. The sweater is with knitting fabric. It has a crew neckline. The shorts the lady wears is of three-point length. The shorts are with cotton fabric and pure color patterns. This woman also wears an outer clothing, with furry fabric and pure color patterns. This woman wears socks in shoes. There is a hat in her head."
WOMEN-Sweaters-id_00007235-13_1_front,id_00007235,WOMEN,Sweaters,front,query,9863,This person wears a long-sleeve sweater with solid color patterns. The sweater is with knitting fabric. The pants this person wears is of three-point length. The pants are with cotton fabric and solid color patterns. This lady is wearing socks in shoes. There is a hat in her head.
WOMEN-Sweaters-id_00007331-05_4_full,id_00007331,WOMEN,Sweaters,full,query,9874,The lady is wearing a long-sleeve shirt with stripe patterns and a long trousers. The shirt is with knitting fabric. The neckline of the shirt is crew. The trousers are with denim fabric and pure color patterns.
WOMEN-Sweaters-id_00007453-02_4_full,id_00007453,WOMEN,Sweaters,full,query,9886,"The shirt the female wears has long sleeves and its fabric is cotton. The pattern of it is pure color. The female wears a three-point shorts, with cotton fabric and solid color patterns. The person is wearing a ring on her finger. There is a hat in her head."
WOMEN-Sweaters-id_00007620-04_4_full,id_00007620,WOMEN,Sweaters,full,query,9895,This woman is wearing a long-sleeve sweater with graphic patterns. The sweater is with knitting fabric. It has a round neckline. The pants this woman wears is of long length. The pants are with chiffon fabric and floral patterns. There is a ring on her finger. There is an accessory in his her neck. There is an accessory on her wrist. The person wears a pair of socks.
WOMEN-Sweaters-id_00007629-03_4_full,id_00007629,WOMEN,Sweaters,full,query,9897,"Her shirt has long sleeves, knitting fabric and graphic patterns. The neckline of it is crew. The trousers this lady wears is of long length. The trousers are with denim fabric and solid color patterns. The person wears a ring. There is an accessory in his her neck. There is clothing on her waist. There is a hat in her head."
WOMEN-Sweaters-id_00007720-04_4_full,id_00007720,WOMEN,Sweaters,full,query,9908,This person is wearing a long-sleeve sweater with striped patterns and a long trousers. The sweater is with knitting fabric. The neckline of the sweater is crew. The trousers are with denim fabric and pure color patterns. This woman wears a ring. There is an accessory on her wrist. This lady has a hat in her head. There is clothing on her waist.
WOMEN-Sweaters-id_00007807-05_7_additional,id_00007807,WOMEN,Sweaters,additional,query,9914,"Her shirt has long sleeves, knitting fabric and pure color patterns. It has a lapel neckline. This lady wears a short pants. The pants are with chiffon fabric and graphic patterns. This female is wearing a ring on her finger. This person has neckwear. This female is wearing socks in shoes."
WOMEN-Sweaters-id_00007807-08_1_front,id_00007807,WOMEN,Sweaters,front,query,9917,The person wears a long-sleeve sweater with pure color patterns. The sweater is with knitting fabric. It has a lapel neckline. The shorts the person wears is of short length. The shorts are with chiffon fabric and graphic patterns. This woman is wearing socks in shoes. The lady wears a ring. There is an accessory in his her neck.
WOMEN-Sweaters-id_00007855-03_4_full,id_00007855,WOMEN,Sweaters,full,query,9919,"The shirt the person wears has long sleeves and it is with knitting fabric and pure color patterns. The neckline of the shirt is crew. The person wears a long trousers, with denim fabric and pure color patterns. The lady is wearing a ring on her finger."
WOMEN-Sweatshirts_Hoodies-id_00000247-02_1_front,id_00000247,WOMEN,Sweatshirts_Hoodies,front,query,9932,The person is wearing a sleeveless tank shirt with pure color patterns. The tank shirt is with chiffon fabric. It has a v-shape neckline. The person wears a short shorts. The shorts are with cotton fabric and solid color patterns. The lady is wearing a ring on her finger.
WOMEN-Sweatshirts_Hoodies-id_00000247-02_7_additional,id_00000247,WOMEN,Sweatshirts_Hoodies,additional,query,9934,"The tank shirt this female wears has no sleeves and it is with chiffon fabric and solid color patterns. This female wears a short pants, with cotton fabric and solid color patterns."
WOMEN-Sweatshirts_Hoodies-id_00001249-02_4_full,id_00001249,WOMEN,Sweatshirts_Hoodies,full,query,9956,"Her sweater has long sleeves, cotton fabric and pure color patterns. It has a crew neckline. The pants this lady wears is of three-point length. The pants are with denim fabric and pure color patterns. The outer clothing is with cotton fabric and pure color patterns."
WOMEN-Sweatshirts_Hoodies-id_00001249-06_1_front,id_00001249,WOMEN,Sweatshirts_Hoodies,front,query,9958,"This woman is wearing a long-sleeve shirt with pure color patterns. The shirt is with cotton fabric. It has a round neckline. The shorts this woman wears is of three-point length. The shorts are with denim fabric and pure color patterns. The lady also wears an outer clothing, with denim fabric and pure color patterns. This lady wears a pair of socks."
WOMEN-Sweatshirts_Hoodies-id_00001249-13_4_full,id_00001249,WOMEN,Sweatshirts_Hoodies,full,query,9962,The female wears a long-sleeve sweater with pure color patterns and a long trousers. The sweater is with cotton fabric and its neckline is round. The trousers are with denim fabric and solid color patterns. The outer clothing the lady wears is with cotton fabric and solid color patterns.
WOMEN-Sweatshirts_Hoodies-id_00001249-14_4_full,id_00001249,WOMEN,Sweatshirts_Hoodies,full,query,9963,"Her sweater has long sleeves, cotton fabric and pure color patterns. It has a round neckline. This person wears a long pants. The pants are with denim fabric and solid color patterns. The outer clothing this person wears is with cotton fabric and solid color patterns."
WOMEN-Sweatshirts_Hoodies-id_00001326-02_7_additional,id_00001326,WOMEN,Sweatshirts_Hoodies,additional,query,9965,"The upper clothing has long sleeves, knitting fabric and solid color patterns. It has a round neckline. The lower clothing is of three-point length. The fabric is cotton and it has pure color patterns. The outer clothing this woman wears is with cotton fabric and solid color patterns. The female wears sunglasses. The person wears a pair of socks. This female wears a ring."
WOMEN-Sweatshirts_Hoodies-id_00001326-04_7_additional,id_00001326,WOMEN,Sweatshirts_Hoodies,additional,query,9967,"Her sweater has long sleeves, knitting fabric and solid color patterns. The neckline of it is crew. The lady wears a three-point shorts. The shorts are with cotton fabric and pure color patterns. The outer clothing the person wears is with cotton fabric and pure color patterns. The lady is wearing sunglasses. This woman wears a ring. This person wears socks in shoes."
WOMEN-Sweatshirts_Hoodies-id_00002662-03_7_additional,id_00002662,WOMEN,Sweatshirts_Hoodies,additional,query,9993,"Her sweater has long sleeves, cotton fabric and pure color patterns. The neckline of it is crew. The female wears a three-point shorts. The shorts are with denim fabric and solid color patterns. This person wears a hat. This female is wearing a ring on her finger. There is an accessory in his her neck. This person is wearing socks in shoes. There is an accessory on her wrist."
WOMEN-Sweatshirts_Hoodies-id_00003660-04_4_full,id_00003660,WOMEN,Sweatshirts_Hoodies,full,query,10014,"The female is wearing a long-sleeve sweater with solid color patterns. The sweater is with cotton fabric. It has a crew neckline. The shorts the female wears is of three-point length. The shorts are with denim fabric and pure color patterns. This female also wears an outer clothing, with cotton fabric and solid color patterns. The lady is wearing a pair of socks."
WOMEN-Sweatshirts_Hoodies-id_00003963-06_7_additional,id_00003963,WOMEN,Sweatshirts_Hoodies,additional,query,10028,The lady wears a long-sleeve shirt with pure color patterns and a three-point pants. The shirt is with cotton fabric. The neckline of the shirt is round. The pants are with cotton fabric and graphic patterns. The outer clothing this person wears is with knitting fabric and pure color patterns. This person is wearing a ring on her finger.
WOMEN-Sweatshirts_Hoodies-id_00004637-04_4_full,id_00004637,WOMEN,Sweatshirts_Hoodies,full,query,10048,This female wears a long-sleeve shirt with solid color patterns and three-point shorts. The shirt is with cotton fabric and it has a crew neckline. The shorts are with denim fabric and pure color patterns. This lady wears a ring.
WOMEN-Sweatshirts_Hoodies-id_00004673-06_4_full,id_00004673,WOMEN,Sweatshirts_Hoodies,full,query,10050,This woman wears a long-sleeve shirt with solid color patterns. The shirt is with cotton fabric. It has a round neckline. This woman wears a long trousers. The trousers are with denim fabric and pure color patterns. There is a ring on her finger. The lady is wearing a belt.
WOMEN-Sweatshirts_Hoodies-id_00006976-02_4_full,id_00006976,WOMEN,Sweatshirts_Hoodies,full,query,10082,The female is wearing a long-sleeve sweater with pure color patterns. The sweater is with cotton fabric and its neckline is round.
WOMEN-Sweatshirts_Hoodies-id_00007502-04_4_full,id_00007502,WOMEN,Sweatshirts_Hoodies,full,query,10090,"The person wears a long-sleeve sweater with pure color patterns and three-point pants. The sweater is with cotton fabric and it has a crew neckline. The pants are with denim fabric and solid color patterns. This female also wears an outer clothing, with cotton fabric and complicated patterns. The female is wearing a ring on her finger."
WOMEN-Tees_Tanks-id_00000026-07_4_full,id_00000026,WOMEN,Tees_Tanks,full,query,10102,"The shirt this woman wears has long sleeves, its fabric is cotton, and it has graphic patterns. The shirt has a crew neckline. This woman wears a long pants, with denim fabric and solid color patterns. There is an accessory in his her neck. This lady wears a ring. This woman has a hat in her head."
WOMEN-Tees_Tanks-id_00000026-09_4_full,id_00000026,WOMEN,Tees_Tanks,full,query,10103,"The sweater this woman wears has long sleeves and its fabric is cotton. The pattern of it is graphic. It has a crew neckline. This woman wears a long trousers, with denim fabric and solid color patterns. The person wears a ring. There is an accessory in his her neck. The female wears a hat."
WOMEN-Tees_Tanks-id_00000079-09_4_full,id_00000079,WOMEN,Tees_Tanks,full,query,10117,This woman is wearing a sleeveless tank shirt with color block patterns and a three-point shorts. The tank shirt is with cotton fabric. The neckline of the tank shirt is crew. The shorts are with cotton fabric and solid color patterns. There is an accessory on her wrist.
WOMEN-Tees_Tanks-id_00000099-07_7_additional,id_00000099,WOMEN,Tees_Tanks,additional,query,10120,"Her shirt has short sleeves, cotton fabric and striped patterns. The neckline of it is round. The lady wears a long trousers. The trousers are with denim fabric and solid color patterns. The outer clothing is with leather fabric and solid color patterns. This lady is wearing a ring on her finger."
WOMEN-Tees_Tanks-id_00000133-02_4_full,id_00000133,WOMEN,Tees_Tanks,full,query,10133,This lady is wearing a short-sleeve T-shirt with stripe patterns. The T-shirt is with cotton fabric. It has a round neckline. This lady wears a long trousers. The trousers are with denim fabric and solid color patterns.
WOMEN-Tees_Tanks-id_00000135-08_4_full,id_00000135,WOMEN,Tees_Tanks,full,query,10137,"The upper clothing has no sleeves, cotton fabric and pure color patterns. The neckline of it is suspenders. The lower clothing is of long length. The fabric is denim and it has solid color patterns. The person wears a ring. There is an accessory on her wrist. There is an accessory in his her neck."
WOMEN-Tees_Tanks-id_00000159-04_4_full,id_00000159,WOMEN,Tees_Tanks,full,query,10146,"Her T-shirt has short sleeves, cotton fabric and pure color patterns. It has a crew neckline. The person wears a three-point pants. The pants are with denim fabric and solid color patterns. There is a ring on her finger. There is an accessory on her wrist."
WOMEN-Tees_Tanks-id_00000159-06_4_full,id_00000159,WOMEN,Tees_Tanks,full,query,10148,"Her T-shirt has short sleeves, cotton fabric and pure color patterns. It has a round neckline. This lady wears a three-point shorts. The shorts are with denim fabric and solid color patterns. There is an accessory on her wrist. This person wears a ring."
WOMEN-Tees_Tanks-id_00000212-02_4_full,id_00000212,WOMEN,Tees_Tanks,full,query,10153,"Her tank top has sleeves cut off, cotton fabric and graphic patterns. The neckline of it is suspenders. This female wears a long trousers. The trousers are with denim fabric and solid color patterns. There is an accessory on her wrist."
WOMEN-Tees_Tanks-id_00000285-02_7_additional,id_00000285,WOMEN,Tees_Tanks,additional,query,10168,"The person is wearing a long-sleeve sweater with striped patterns. The sweater is with knitting fabric. It has a crew neckline. The person wears a long trousers. The trousers are with cotton fabric and solid color patterns. The female also wears an outer clothing, with chiffon fabric and solid color patterns. The lady wears a ring. This person wears a belt."
WOMEN-Tees_Tanks-id_00000336-02_2_side,id_00000336,WOMEN,Tees_Tanks,side,query,10190,"The tank shirt this person wears has sleeves cut off and it is with cotton fabric and pure color patterns. This person wears a long pants, with denim fabric and pure color patterns. This person has a hat in her head."
WOMEN-Tees_Tanks-id_00000336-02_7_additional,id_00000336,WOMEN,Tees_Tanks,additional,query,10191,"Her tank shirt has no sleeves, cotton fabric and pure color patterns. The pants this lady wears is of long length. The pants are with denim fabric and solid color patterns. This woman wears a hat. There is a ring on her finger. There is an accessory in his her neck. There is an accessory on her wrist."
WOMEN-Tees_Tanks-id_00000371-08_1_front,id_00000371,WOMEN,Tees_Tanks,front,query,10202,"Her T-shirt has short sleeves, cotton fabric and solid color patterns. The neckline of it is crew. The pants this lady wears is of three-point length. The pants are with denim fabric and pure color patterns. The lady is wearing socks in shoes."
WOMEN-Tees_Tanks-id_00000371-09_7_additional,id_00000371,WOMEN,Tees_Tanks,additional,query,10203,The lady is wearing a short-sleeve T-shirt with pure color patterns. The T-shirt is with cotton fabric. It has a round neckline. The lady wears a three-point pants. The pants are with denim fabric and pure color patterns. The female is wearing a pair of socks.
WOMEN-Tees_Tanks-id_00000488-04_4_full,id_00000488,WOMEN,Tees_Tanks,full,query,10235,The female is wearing a short-sleeve shirt with other patterns and a long pants. The shirt is with cotton fabric. The neckline of the shirt is v-shape. The pants are with denim fabric and pure color patterns. There is an accessory on her wrist. This woman wears a ring.
WOMEN-Tees_Tanks-id_00000512-06_4_full,id_00000512,WOMEN,Tees_Tanks,full,query,10250,"The shirt this person wears has short sleeves and its fabric is cotton. The pattern of it is stripe. It has a round neckline. This person wears a three-point pants, with denim fabric and pure color patterns. The lady is wearing a belt. There is a ring on her finger."
WOMEN-Tees_Tanks-id_00000544-02_2_side,id_00000544,WOMEN,Tees_Tanks,side,query,10256,This female wears a short-sleeve shirt with solid color patterns and three-point pants. The shirt is with cotton fabric and it has a crew neckline. The pants are with cotton fabric and pure color patterns. There is a ring on her finger.
WOMEN-Tees_Tanks-id_00000544-03_2_side,id_00000544,WOMEN,Tees_Tanks,side,query,10259,The female wears a short-sleeve T-shirt with pure color patterns. The T-shirt is with cotton fabric. It has a crew neckline. The pants the female wears is of three-point length. The pants are with cotton fabric and solid color patterns. There is a ring on her finger.
WOMEN-Tees_Tanks-id_00000573-07_7_additional,id_00000573,WOMEN,Tees_Tanks,additional,query,10266,"The shirt the female wears has long sleeves and it is with knitting fabric and solid color patterns. The neckline of the shirt is crew. The female wears a long pants, with denim fabric and pure color patterns. There is an accessory in his her neck. There is an accessory on her wrist. There is a hat in her head. There is clothing on her waist. This lady wears a ring."
WOMEN-Tees_Tanks-id_00000573-10_7_additional,id_00000573,WOMEN,Tees_Tanks,additional,query,10269,The female is wearing a long-sleeve shirt with other patterns. The shirt is with knitting fabric and its neckline is crew. The pants the female wears is of long length. The pants are with denim fabric and pure color patterns. There is a hat in her head. There is an accessory on her wrist. There is clothing on her waist. The lady is wearing a ring on her finger. There is an accessory in his her neck.
WOMEN-Tees_Tanks-id_00000619-05_7_additional,id_00000619,WOMEN,Tees_Tanks,additional,query,10281,"Her shirt has long sleeves, cotton fabric and pure color patterns. It has a crew neckline. The pants the person wears is of long length. The pants are with denim fabric and solid color patterns. The female has neckwear. This female is wearing a ring on her finger."
WOMEN-Tees_Tanks-id_00000619-06_7_additional,id_00000619,WOMEN,Tees_Tanks,additional,query,10282,This lady wears a long-sleeve shirt with pure color patterns. The shirt is with cotton fabric. It has a crew neckline. This lady wears a long trousers. The trousers are with denim fabric and solid color patterns. There is an accessory in his her neck. This lady wears a hat.
WOMEN-Tees_Tanks-id_00000715-02_1_front,id_00000715,WOMEN,Tees_Tanks,front,query,10297,The person wears a sleeveless tank top with solid color patterns and three-point pants. The tank top is with cotton fabric and it has a square neckline. The pants are with cotton fabric and pure color patterns. This lady is wearing a ring on her finger.
WOMEN-Tees_Tanks-id_00000789-01_7_additional,id_00000789,WOMEN,Tees_Tanks,additional,query,10314,"Her tank shirt has no sleeves, cotton fabric and pure color patterns. It has a round neckline. This person wears a long pants. The pants are with denim fabric and pure color patterns. There is a ring on her finger."
WOMEN-Tees_Tanks-id_00000829-05_4_full,id_00000829,WOMEN,Tees_Tanks,full,query,10325,"Her shirt has long sleeves, cotton fabric and floral patterns. It has a crew neckline. The pants the lady wears is of long length. The pants are with denim fabric and pure color patterns. There is a ring on her finger. This lady is wearing a hat. There is an accessory on her wrist. There is an accessory in his her neck."
WOMEN-Tees_Tanks-id_00000936-04_4_full,id_00000936,WOMEN,Tees_Tanks,full,query,10350,This female is wearing a long-sleeve sweater with graphic patterns. The sweater is with cotton fabric. The pants this female wears is of long length. The pants are with denim fabric and pure color patterns. This female is wearing a ring on her finger.
WOMEN-Tees_Tanks-id_00000936-08_4_full,id_00000936,WOMEN,Tees_Tanks,full,query,10351,The person is wearing a long-sleeve sweater with graphic patterns and a long pants. The sweater is with cotton fabric. The neckline of the sweater is crew. The pants are with denim fabric and pure color patterns. There is a ring on her finger.
WOMEN-Tees_Tanks-id_00001011-05_1_front,id_00001011,WOMEN,Tees_Tanks,front,query,10374,This female is wearing a long-sleeve shirt with graphic patterns and a three-point pants. The shirt is with cotton fabric. The neckline of the shirt is crew. The pants are with denim fabric and solid color patterns. The lady has neckwear. There is a ring on her finger.
WOMEN-Tees_Tanks-id_00001011-06_1_front,id_00001011,WOMEN,Tees_Tanks,front,query,10375,"The upper clothing has long sleeves, cotton fabric and graphic patterns. The neckline of it is round. The lower clothing is of three-point length. The fabric is denim and it has solid color patterns. This woman is wearing a ring on her finger. The lady has neckwear. There is an accessory on her wrist."
WOMEN-Tees_Tanks-id_00001011-07_1_front,id_00001011,WOMEN,Tees_Tanks,front,query,10376,"The upper clothing has long sleeves, cotton fabric and graphic patterns. It has a crew neckline. The lower clothing is of three-point length. The fabric is denim and it has solid color patterns. There is a ring on her finger. There is an accessory in his her neck."
WOMEN-Tees_Tanks-id_00001071-06_7_additional,id_00001071,WOMEN,Tees_Tanks,additional,query,10400,This woman wears a sleeveless tank shirt with pure color patterns and a three-point pants. The tank shirt is with cotton fabric. The neckline of the tank shirt is crew. The pants are with denim fabric and solid color patterns. The female is wearing a ring on her finger.
WOMEN-Tees_Tanks-id_00001071-10_4_full,id_00001071,WOMEN,Tees_Tanks,full,query,10402,This lady wears a sleeveless tank top with solid color patterns and a three-point pants. The tank top is with cotton fabric. The neckline of the tank top is crew. The pants are with denim fabric and pure color patterns. The female wears a ring.
WOMEN-Tees_Tanks-id_00001193-02_1_front,id_00001193,WOMEN,Tees_Tanks,front,query,10413,"The upper clothing has no sleeves, cotton fabric and solid color patterns. It has a round neckline. The lower clothing is of long length. The fabric is cotton and it has pure color patterns. The lady has neckwear. There is a ring on her finger."
WOMEN-Tees_Tanks-id_00001193-02_7_additional,id_00001193,WOMEN,Tees_Tanks,additional,query,10415,"Her tank shirt has no sleeves, cotton fabric and pure color patterns. This female wears a long pants. The pants are with cotton fabric and pure color patterns. The female wears a ring. There is an accessory in his her neck."
WOMEN-Tees_Tanks-id_00001252-09_4_full,id_00001252,WOMEN,Tees_Tanks,full,query,10443,This lady wears a sleeveless tank top with pure color patterns and a long trousers. The tank top is with cotton fabric and its neckline is crew. The trousers are with denim fabric and solid color patterns. There is a ring on her finger. There is an accessory on her wrist.
WOMEN-Tees_Tanks-id_00001277-01_4_full,id_00001277,WOMEN,Tees_Tanks,full,query,10450,The person is wearing a short-sleeve shirt with solid color patterns. The shirt is with cotton fabric and its neckline is crew. The shorts the person wears is of three-point length. The shorts are with denim fabric and solid color patterns. There is an accessory in his her neck. This lady is wearing a ring on her finger. There is an accessory on her wrist.
WOMEN-Tees_Tanks-id_00001298-01_7_additional,id_00001298,WOMEN,Tees_Tanks,additional,query,10453,This female wears a sleeveless tank shirt with solid color patterns. The tank shirt is with cotton fabric. It has a round neckline. The trousers this female wears is of long length. The trousers are with cotton fabric and graphic patterns. There is an accessory on her wrist. There is a ring on her finger. There is an accessory in his her neck.
WOMEN-Tees_Tanks-id_00001424-04_4_full,id_00001424,WOMEN,Tees_Tanks,full,query,10489,This lady is wearing a short-sleeve shirt with other patterns. The shirt is with cotton fabric. It has a v-shape neckline. This lady wears a long pants. The pants are with cotton fabric and pure color patterns. This lady is wearing a ring on her finger.
WOMEN-Tees_Tanks-id_00001478-05_4_full,id_00001478,WOMEN,Tees_Tanks,full,query,10506,This female wears a long-sleeve shirt with graphic patterns and a long trousers. The shirt is with cotton fabric. The neckline of the shirt is crew. The trousers are with denim fabric and pure color patterns. The outer clothing is with leather fabric and solid color patterns. The person has a hat in her head. There is a ring on her finger. This lady has neckwear. There is an accessory on her wrist.
WOMEN-Tees_Tanks-id_00001492-04_4_full,id_00001492,WOMEN,Tees_Tanks,full,query,10511,"The upper clothing has long sleeves, cotton fabric and graphic patterns. The neckline of it is round. The lower clothing is of three-point length. The fabric is cotton and it has pure color patterns. The female wears a hat. There is a ring on her finger."
WOMEN-Tees_Tanks-id_00001512-10_7_additional,id_00001512,WOMEN,Tees_Tanks,additional,query,10520,This lady is wearing a tank tank top with solid color patterns. The tank top is with cotton fabric and its neckline is round. This lady wears a three-quarter trousers. The trousers are with denim fabric and solid color patterns. There is an accessory on her wrist.
WOMEN-Tees_Tanks-id_00001512-12_1_front,id_00001512,WOMEN,Tees_Tanks,front,query,10522,The person is wearing a sleeveless tank shirt with solid color patterns and a three-quarter pants. The tank shirt is with cotton fabric and its neckline is round. The pants are with denim fabric and pure color patterns. There is an accessory on her wrist.
WOMEN-Tees_Tanks-id_00001592-05_7_additional,id_00001592,WOMEN,Tees_Tanks,additional,query,10542,"The upper clothing has short sleeves, cotton fabric and stripe patterns. The neckline of it is crew. The lower clothing is of long length. The fabric is denim and it has pure color patterns."
WOMEN-Tees_Tanks-id_00001592-07_4_full,id_00001592,WOMEN,Tees_Tanks,full,query,10544,"Her T-shirt has short sleeves, cotton fabric and striped patterns. The neckline of it is crew. This female wears a long trousers. The trousers are with denim fabric and solid color patterns."
WOMEN-Tees_Tanks-id_00001592-08_4_full,id_00001592,WOMEN,Tees_Tanks,full,query,10545,"The upper clothing has short sleeves, cotton fabric and stripe patterns. The neckline of it is round. The lower clothing is of long length. The fabric is denim and it has pure color patterns."
WOMEN-Tees_Tanks-id_00001596-05_4_full,id_00001596,WOMEN,Tees_Tanks,full,query,10547,The lady wears a short-sleeve shirt with pure color patterns. The shirt is with cotton fabric. It has a round neckline. The trousers the lady wears is of long length. The trousers are with denim fabric and pure color patterns. There is a ring on her finger. This person wears a belt.
WOMEN-Tees_Tanks-id_00001634-06_7_additional,id_00001634,WOMEN,Tees_Tanks,additional,query,10556,"The T-shirt this woman wears has short sleeves and it is with cotton fabric and pure color patterns. The neckline of the T-shirt is round. This woman wears a three-point shorts, with cotton fabric and pure color patterns. This woman wears a ring."
WOMEN-Tees_Tanks-id_00001634-08_7_additional,id_00001634,WOMEN,Tees_Tanks,additional,query,10558,"Her T-shirt has short sleeves, cotton fabric and solid color patterns. It has a crew neckline. The pants this person wears is of three-point length. The pants are with cotton fabric and pure color patterns. This lady wears a ring."
WOMEN-Tees_Tanks-id_00001634-09_7_additional,id_00001634,WOMEN,Tees_Tanks,additional,query,10559,"Her shirt has short sleeves, cotton fabric and pure color patterns. The neckline of it is round. The pants the lady wears is of three-point length. The pants are with cotton fabric and solid color patterns. The lady is wearing a ring on her finger."
WOMEN-Tees_Tanks-id_00001724-04_7_additional,id_00001724,WOMEN,Tees_Tanks,additional,query,10577,This woman is wearing a long-sleeve sweater with pure color patterns and a long pants. The sweater is with cotton fabric and its neckline is round. The pants are with denim fabric and solid color patterns. There is a ring on her finger. The female has neckwear. This woman has a hat in her head. There is an accessory on her wrist.
WOMEN-Tees_Tanks-id_00001801-01_4_full,id_00001801,WOMEN,Tees_Tanks,full,query,10589,This female is wearing a tank tank top with pure color patterns. The tank top is with cotton fabric and its neckline is suspenders. The trousers this female wears is of long length. The trousers are with denim fabric and pure color patterns. This person wears a belt.
WOMEN-Tees_Tanks-id_00001801-02_4_full,id_00001801,WOMEN,Tees_Tanks,full,query,10590,"Her tank shirt has sleeves cut off, cotton fabric and solid color patterns. It has a suspenders neckline. This person wears a long pants. The pants are with denim fabric and pure color patterns. This lady wears a belt."
WOMEN-Tees_Tanks-id_00001801-05_4_full,id_00001801,WOMEN,Tees_Tanks,full,query,10593,This person is wearing a tank tank shirt with pure color patterns. The tank shirt is with cotton fabric. It has a suspenders neckline. The pants this person wears is of long length. The pants are with denim fabric and solid color patterns.
WOMEN-Tees_Tanks-id_00001801-08_4_full,id_00001801,WOMEN,Tees_Tanks,full,query,10596,This woman is wearing a sleeveless tank top with solid color patterns. The tank top is with cotton fabric. It has a suspenders neckline. The pants this woman wears is of long length. The pants are with denim fabric and solid color patterns.
WOMEN-Tees_Tanks-id_00001801-09_4_full,id_00001801,WOMEN,Tees_Tanks,full,query,10597,The female is wearing a sleeveless tank top with pure color patterns. The tank top is with cotton fabric and its neckline is suspenders. The pants the female wears is of long length. The pants are with denim fabric and pure color patterns.
WOMEN-Tees_Tanks-id_00001801-15_4_full,id_00001801,WOMEN,Tees_Tanks,full,query,10602,The person wears a tank tank top with pure color patterns and a three-point pants. The tank top is with cotton fabric. The neckline of the tank top is suspenders. The pants are with denim fabric and solid color patterns.
WOMEN-Tees_Tanks-id_00001801-19_4_full,id_00001801,WOMEN,Tees_Tanks,full,query,10605,"Her tank top has no sleeves, cotton fabric and solid color patterns. It has a suspenders neckline. The person wears a long pants. The pants are with denim fabric and solid color patterns."
WOMEN-Tees_Tanks-id_00001848-06_4_full,id_00001848,WOMEN,Tees_Tanks,full,query,10613,"Her shirt has medium sleeves, cotton fabric and striped patterns. The neckline of it is round. The pants this person wears is of long length. The pants are with denim fabric and solid color patterns. The outer clothing this person wears is with denim fabric and solid color patterns."
WOMEN-Tees_Tanks-id_00001909-04_4_full,id_00001909,WOMEN,Tees_Tanks,full,query,10623,"Her shirt has medium sleeves, cotton fabric and graphic patterns. It has a round neckline. The pants the female wears is of three-point length. The pants are with cotton fabric and solid color patterns. This person is wearing a ring on her finger. There is an accessory on her wrist."
WOMEN-Tees_Tanks-id_00001965-02_7_additional,id_00001965,WOMEN,Tees_Tanks,additional,query,10653,"The upper clothing has short sleeves, cotton fabric and pure color patterns. It has a crew neckline. The lower clothing is of long length. The fabric is denim and it has pure color patterns. This female wears a ring. There is an accessory on her wrist. There is an accessory in his her neck."
WOMEN-Tees_Tanks-id_00001973-04_4_full,id_00001973,WOMEN,Tees_Tanks,full,query,10657,The lady wears a sleeveless tank shirt with pure color patterns and a long pants. The tank shirt is with cotton fabric. The neckline of the tank shirt is round. The pants are with denim fabric and pure color patterns. This woman is wearing a ring on her finger.
WOMEN-Tees_Tanks-id_00002075-04_4_full,id_00002075,WOMEN,Tees_Tanks,full,query,10680,"Her T-shirt has short sleeves, cotton fabric and graphic patterns. It has a crew neckline. The trousers this person wears is of long length. The trousers are with denim fabric and pure color patterns. There is an accessory in his her neck. There is an accessory on her wrist. This person wears a belt."
WOMEN-Tees_Tanks-id_00002076-03_1_front,id_00002076,WOMEN,Tees_Tanks,front,query,10681,The person wears a long-sleeve shirt with solid color patterns and a three-point shorts. The shirt is with cotton fabric. The neckline of the shirt is round. The shorts are with leather fabric and solid color patterns. There is an accessory in his her neck. There is a ring on her finger. There is an accessory on her wrist.
WOMEN-Tees_Tanks-id_00002162-13_4_full,id_00002162,WOMEN,Tees_Tanks,full,query,10711,This person is wearing a tank tank top with pure color patterns and a long pants. The tank top is with cotton fabric. The neckline of the tank top is suspenders. The pants are with denim fabric and solid color patterns. There is a ring on her finger.
WOMEN-Tees_Tanks-id_00002162-15_4_full,id_00002162,WOMEN,Tees_Tanks,full,query,10713,"Her tank top has sleeves cut off, cotton fabric and pure color patterns. The neckline of it is suspenders. This person wears a long pants. The pants are with denim fabric and solid color patterns. The female wears a ring. There is an accessory on her wrist. This female is wearing a pair of sunglasses. The person has neckwear."
WOMEN-Tees_Tanks-id_00002162-16_4_full,id_00002162,WOMEN,Tees_Tanks,full,query,10714,The lady is wearing a tank tank shirt with pure color patterns. The tank shirt is with cotton fabric and its neckline is suspenders. The pants the lady wears is of long length. The pants are with denim fabric and pure color patterns. There is an accessory in his her neck. There is a ring on her finger. The lady wears sunglasses. There is an accessory on her wrist.
WOMEN-Tees_Tanks-id_00002162-17_4_full,id_00002162,WOMEN,Tees_Tanks,full,query,10715,The female wears a sleeveless tank top with solid color patterns. The tank top is with cotton fabric. It has a suspenders neckline. The female wears a long trousers. The trousers are with denim fabric and solid color patterns. There is a ring on her finger. There is an accessory on her wrist. The person has neckwear. The lady wears sunglasses.
WOMEN-Tees_Tanks-id_00002162-18_4_full,id_00002162,WOMEN,Tees_Tanks,full,query,10716,This woman is wearing a sleeveless tank top with solid color patterns. The tank top is with cotton fabric and its neckline is suspenders. The shorts this woman wears is of three-point length. The shorts are with cotton fabric and pure color patterns.
WOMEN-Tees_Tanks-id_00002162-19_4_full,id_00002162,WOMEN,Tees_Tanks,full,query,10717,"The tank top this female wears has sleeves cut off and its fabric is cotton. The pattern of it is pure color. It has a suspenders neckline. This female wears a long pants, with denim fabric and pure color patterns. There is an accessory in his her neck. There is a ring on her finger."
WOMEN-Tees_Tanks-id_00002162-20_4_full,id_00002162,WOMEN,Tees_Tanks,full,query,10718,The person is wearing a tank tank top with solid color patterns. The tank top is with cotton fabric and its neckline is suspenders. The person wears a long pants. The pants are with denim fabric and solid color patterns. The lady wears a pair of sunglasses. This female has neckwear. The person is wearing a ring on her finger. There is an accessory on her wrist.
WOMEN-Tees_Tanks-id_00002162-29_4_full,id_00002162,WOMEN,Tees_Tanks,full,query,10719,"Her tank top has sleeves cut off, cotton fabric and solid color patterns. It has a suspenders neckline. The pants this female wears is of long length. The pants are with denim fabric and solid color patterns."
WOMEN-Tees_Tanks-id_00002162-31_4_full,id_00002162,WOMEN,Tees_Tanks,full,query,10721,"The upper clothing has sleeves cut off, cotton fabric and pure color patterns. It has a suspenders neckline. The lower clothing is of long length. The fabric is denim and it has solid color patterns."
WOMEN-Tees_Tanks-id_00002162-33_4_full,id_00002162,WOMEN,Tees_Tanks,full,query,10723,The lady wears a tank tank shirt with pure color patterns. The tank shirt is with cotton fabric. It has a suspenders neckline. The trousers the lady wears is of long length. The trousers are with denim fabric and pure color patterns.
WOMEN-Tees_Tanks-id_00002162-46_4_full,id_00002162,WOMEN,Tees_Tanks,full,query,10727,This person is wearing a sleeveless tank shirt with pure color patterns. The tank shirt is with cotton fabric. It has a suspenders neckline. This person wears a long trousers. The trousers are with denim fabric and pure color patterns. The lady wears a ring.
WOMEN-Tees_Tanks-id_00002162-58_4_full,id_00002162,WOMEN,Tees_Tanks,full,query,10730,"The tank shirt this person wears has no sleeves, its fabric is cotton, and it has solid color patterns. The tank shirt has a suspenders neckline. This person wears a long trousers, with denim fabric and pure color patterns. This person is wearing a ring on her finger."
WOMEN-Tees_Tanks-id_00002162-61_4_full,id_00002162,WOMEN,Tees_Tanks,full,query,10733,"The upper clothing has sleeves cut off, cotton fabric and pure color patterns. It has a suspenders neckline. The lower clothing is of long length. The fabric is denim and it has solid color patterns. There is a ring on her finger."
WOMEN-Tees_Tanks-id_00002162-62_4_full,id_00002162,WOMEN,Tees_Tanks,full,query,10734,The person wears a tank tank shirt with solid color patterns and three-point shorts. The tank shirt is with cotton fabric and it has a suspenders neckline. The shorts are with denim fabric and solid color patterns. The female wears a ring.
WOMEN-Tees_Tanks-id_00002162-63_4_full,id_00002162,WOMEN,Tees_Tanks,full,query,10735,This person wears a tank tank shirt with solid color patterns and three-point shorts. The tank shirt is with cotton fabric and it has a suspenders neckline. The shorts are with denim fabric and pure color patterns. There is a ring on her finger.
WOMEN-Tees_Tanks-id_00002162-64_4_full,id_00002162,WOMEN,Tees_Tanks,full,query,10736,This lady is wearing a sleeveless tank top with solid color patterns and a three-point pants. The tank top is with cotton fabric. The neckline of the tank top is suspenders. The pants are with denim fabric and solid color patterns.
WOMEN-Tees_Tanks-id_00002162-70_7_additional,id_00002162,WOMEN,Tees_Tanks,additional,query,10738,This lady wears a sleeveless tank shirt with solid color patterns and a long pants. The tank shirt is with cotton fabric. The neckline of the tank shirt is suspenders. The pants are with cotton fabric and pure color patterns.
WOMEN-Tees_Tanks-id_00002201-01_7_additional,id_00002201,WOMEN,Tees_Tanks,additional,query,10746,This lady is wearing a sleeveless tank top with pure color patterns and a long pants. The tank top is with cotton fabric. The neckline of the tank top is suspenders. The pants are with denim fabric and solid color patterns. There is a ring on her finger.
WOMEN-Tees_Tanks-id_00002201-08_4_full,id_00002201,WOMEN,Tees_Tanks,full,query,10749,The female is wearing a long-sleeve sweater with pure color patterns. The sweater is with cotton fabric. It has a suspenders neckline. The trousers the female wears is of long length. The trousers are with denim fabric and pure color patterns. The outer clothing is with knitting fabric and solid color patterns.
WOMEN-Tees_Tanks-id_00002201-10_7_additional,id_00002201,WOMEN,Tees_Tanks,additional,query,10750,"Her tank top has no sleeves, cotton fabric and pure color patterns. The neckline of it is suspenders. The lady wears a three-point pants. The pants are with cotton fabric and pure color patterns. This person is wearing socks in shoes. The female wears a hat."
WOMEN-Tees_Tanks-id_00002201-12_4_full,id_00002201,WOMEN,Tees_Tanks,full,query,10751,"The upper clothing has sleeves cut off, cotton fabric and solid color patterns. It has a suspenders neckline. The lower clothing is of long length. The fabric is denim and it has pure color patterns."
WOMEN-Tees_Tanks-id_00002201-13_4_full,id_00002201,WOMEN,Tees_Tanks,full,query,10752,"The tank shirt the female wears has sleeves cut off and it is with cotton fabric and solid color patterns. The neckline of the tank shirt is suspenders. The female wears a long trousers, with denim fabric and pure color patterns."
WOMEN-Tees_Tanks-id_00002201-14_4_full,id_00002201,WOMEN,Tees_Tanks,full,query,10753,The lady wears a sleeveless tank top with solid color patterns and long pants. The tank top is with cotton fabric and it has a suspenders neckline. The pants are with denim fabric and pure color patterns.
WOMEN-Tees_Tanks-id_00002201-15_1_front,id_00002201,WOMEN,Tees_Tanks,front,query,10754,"The tank shirt this woman wears has no sleeves and its fabric is cotton. The pattern of it is pure color. It has a suspenders neckline. This woman wears a long pants, with denim fabric and pure color patterns."
WOMEN-Tees_Tanks-id_00002201-17_4_full,id_00002201,WOMEN,Tees_Tanks,full,query,10756,This female is wearing a sleeveless tank shirt with pure color patterns. The tank shirt is with cotton fabric and its neckline is suspenders. The pants this female wears is of long length. The pants are with denim fabric and solid color patterns.
WOMEN-Tees_Tanks-id_00002201-23_7_additional,id_00002201,WOMEN,Tees_Tanks,additional,query,10760,"Her tank shirt has no sleeves, cotton fabric and solid color patterns. The neckline of it is suspenders. This person wears a long pants. The pants are with denim fabric and solid color patterns. This person wears a ring."
WOMEN-Tees_Tanks-id_00002201-30_7_additional,id_00002201,WOMEN,Tees_Tanks,additional,query,10761,"The upper clothing has sleeves cut off, cotton fabric and solid color patterns. It has a suspenders neckline. The lower clothing is of long length. The fabric is denim and it has solid color patterns."
WOMEN-Tees_Tanks-id_00002201-31_7_additional,id_00002201,WOMEN,Tees_Tanks,additional,query,10762,The tank top the lady wears has no sleeves and its fabric is cotton. The pattern of it is pure color. It has a suspenders neckline.
WOMEN-Tees_Tanks-id_00002201-48_7_additional,id_00002201,WOMEN,Tees_Tanks,additional,query,10769,"Her tank top has sleeves cut off, cotton fabric and pure color patterns. The neckline of it is suspenders. The person wears a three-point shorts. The shorts are with denim fabric and solid color patterns. The person is wearing a ring on her finger."
WOMEN-Tees_Tanks-id_00002220-05_4_full,id_00002220,WOMEN,Tees_Tanks,full,query,10775,"The upper clothing has long sleeves, cotton fabric and pure color patterns. The neckline of it is round. The lower clothing is of long length. The fabric is denim and it has pure color patterns. There is a ring on her finger. The person has neckwear. There is clothing on her waist."
WOMEN-Tees_Tanks-id_00002220-07_7_additional,id_00002220,WOMEN,Tees_Tanks,additional,query,10777,This female is wearing a long-sleeve shirt with solid color patterns. The shirt is with cotton fabric and its neckline is crew. This female wears a long pants. The pants are with denim fabric and solid color patterns. This woman wears a ring. There is an accessory in his her neck.
WOMEN-Tees_Tanks-id_00002226-02_7_additional,id_00002226,WOMEN,Tees_Tanks,additional,query,10780,The female wears a short-sleeve shirt with solid color patterns and a long trousers. The shirt is with cotton fabric. The neckline of the shirt is round. The trousers are with cotton fabric and pure color patterns. This lady is wearing a ring on her finger.
WOMEN-Tees_Tanks-id_00002233-05_4_full,id_00002233,WOMEN,Tees_Tanks,full,query,10782,"The upper clothing has short sleeves, cotton fabric and pure color patterns. It has a v-shape neckline. The lower clothing is of three-point length. The fabric is denim and it has solid color patterns. This woman has neckwear. There is an accessory on her wrist. There is a ring on her finger. There is a hat in her head."
WOMEN-Tees_Tanks-id_00002233-08_4_full,id_00002233,WOMEN,Tees_Tanks,full,query,10785,"The T-shirt this person wears has short sleeves and it is with cotton fabric and solid color patterns. The neckline of the T-shirt is v-shape. This person wears a three-point shorts, with denim fabric and pure color patterns. There is an accessory on her wrist. There is an accessory in his her neck. There is a ring on her finger."
WOMEN-Tees_Tanks-id_00002353-02_4_full,id_00002353,WOMEN,Tees_Tanks,full,query,10818,"Her T-shirt has short sleeves, cotton fabric and graphic patterns. The neckline of it is round. This lady wears a long trousers. The trousers are with denim fabric and pure color patterns. The person is wearing a ring on her finger. There is an accessory on her wrist."
WOMEN-Tees_Tanks-id_00002353-03_4_full,id_00002353,WOMEN,Tees_Tanks,full,query,10819,The person wears a short-sleeve T-shirt with graphic patterns and a long trousers. The T-shirt is with cotton fabric. The neckline of the T-shirt is round. The trousers are with denim fabric and pure color patterns. There is an accessory on her wrist. This female wears a ring.
WOMEN-Tees_Tanks-id_00002387-02_4_full,id_00002387,WOMEN,Tees_Tanks,full,query,10827,The person wears a short-sleeve shirt with pure color patterns and a three-point shorts. The shirt is with cotton fabric and its neckline is crew. The shorts are with leather fabric and solid color patterns. There is an accessory in his her neck. This lady is wearing a ring on her finger. There is an accessory on her wrist.
WOMEN-Tees_Tanks-id_00002415-03_7_additional,id_00002415,WOMEN,Tees_Tanks,additional,query,10835,The lady wears a long-sleeve sweater with solid color patterns. The sweater is with cotton fabric. It has a crew neckline. The lady wears a long pants. The pants are with denim fabric and solid color patterns. The outer clothing is with knitting fabric and solid color patterns. The female has neckwear.
WOMEN-Tees_Tanks-id_00002415-06_7_additional,id_00002415,WOMEN,Tees_Tanks,additional,query,10838,"The upper clothing has sleeves cut off, cotton fabric and pure color patterns. It has a suspenders neckline. The lower clothing is of long length. The fabric is denim and it has pure color patterns."
WOMEN-Tees_Tanks-id_00002415-08_7_additional,id_00002415,WOMEN,Tees_Tanks,additional,query,10840,"The upper clothing has long sleeves, cotton fabric and pure color patterns. It has a suspenders neckline. The lower clothing is of long length. The fabric is denim and it has pure color patterns. The person also wears an outer clothing, with knitting fabric and solid color patterns."
WOMEN-Tees_Tanks-id_00002415-17_1_front,id_00002415,WOMEN,Tees_Tanks,front,query,10842,This female wears a long-sleeve sweater with solid color patterns and a three-point pants. The sweater is with cotton fabric. The neckline of the sweater is suspenders. The pants are with denim fabric and pure color patterns. The outer clothing is with knitting fabric and striped patterns. This person wears socks in shoes.
WOMEN-Tees_Tanks-id_00002460-01_4_full,id_00002460,WOMEN,Tees_Tanks,full,query,10848,This person is wearing a short-sleeve shirt with pure color patterns. The shirt is with cotton fabric. It has a crew neckline. The pants this person wears is of three-quarter length. The pants are with cotton fabric and pure color patterns. There is an accessory on her wrist. The lady wears a ring.
WOMEN-Tees_Tanks-id_00002460-01_7_additional,id_00002460,WOMEN,Tees_Tanks,additional,query,10849,This female wears a short-sleeve T-shirt with pure color patterns and three-quarter trousers. The T-shirt is with cotton fabric. The trousers are with cotton fabric and solid color patterns. There is an accessory on her wrist. This lady wears a ring.
WOMEN-Tees_Tanks-id_00002460-02_1_front,id_00002460,WOMEN,Tees_Tanks,front,query,10850,This female is wearing a short-sleeve shirt with pure color patterns. The shirt is with cotton fabric. It has a round neckline. The pants this female wears is of medium length. The pants are with cotton fabric and pure color patterns. There is an accessory on her wrist. The person wears a ring.
WOMEN-Tees_Tanks-id_00002478-07_4_full,id_00002478,WOMEN,Tees_Tanks,full,query,10854,The lady is wearing a long-sleeve shirt with pure color patterns. The shirt is with cotton fabric. It has a round neckline. The lady wears a long trousers. The trousers are with denim fabric and solid color patterns. The lady is wearing a ring on her finger.
WOMEN-Tees_Tanks-id_00002492-01_7_additional,id_00002492,WOMEN,Tees_Tanks,additional,query,10856,"Her sweater has long sleeves, cotton fabric and solid color patterns. It has a crew neckline. The trousers the female wears is of long length. The trousers are with chiffon fabric and pure color patterns. The person also wears an outer clothing, with cotton fabric and pure color patterns. There is a ring on her finger. This lady is wearing a hat."
WOMEN-Tees_Tanks-id_00002492-02_7_additional,id_00002492,WOMEN,Tees_Tanks,additional,query,10857,"The upper clothing has no sleeves, cotton fabric and pure color patterns. It has a crew neckline. The lower clothing is of long length. The fabric is chiffon and it has pure color patterns. The person is wearing a hat. This female wears a ring."
WOMEN-Tees_Tanks-id_00002492-06_7_additional,id_00002492,WOMEN,Tees_Tanks,additional,query,10859,The lady wears a tank tank top with pure color patterns and long pants. The tank top is with cotton fabric and it has a crew neckline. The pants are with chiffon fabric and pure color patterns. The person wears a ring. The person is wearing a hat.
WOMEN-Tees_Tanks-id_00002503-03_4_full,id_00002503,WOMEN,Tees_Tanks,full,query,10860,This person is wearing a long-sleeve sweater with pure color patterns and a three-point pants. The sweater is with cotton fabric and its neckline is stand. The pants are with leather fabric and solid color patterns. This female wears a pair of socks. This lady is wearing a ring on her finger.
WOMEN-Tees_Tanks-id_00002503-04_1_front,id_00002503,WOMEN,Tees_Tanks,front,query,10861,"Her sweater has long sleeves, cotton fabric and solid color patterns. The neckline of it is stand. This female wears a three-point shorts. The shorts are with leather fabric and solid color patterns. The person is wearing socks in shoes. The female is wearing a hat. The female is wearing a ring on her finger."
WOMEN-Tees_Tanks-id_00002503-07_7_additional,id_00002503,WOMEN,Tees_Tanks,additional,query,10864,The female wears a long-sleeve shirt with pure color patterns. The shirt is with cotton fabric. It has a stand neckline. The trousers the female wears is of long length. The trousers are with cotton fabric and pure color patterns. The outer clothing this female wears is with leather fabric and pure color patterns. This woman has a hat in her head. The lady is wearing a ring on her finger.
WOMEN-Tees_Tanks-id_00002512-04_4_full,id_00002512,WOMEN,Tees_Tanks,full,query,10866,"Her sweater has long sleeves, cotton fabric and graphic patterns. The neckline of it is crew. The trousers the lady wears is of long length. The trousers are with denim fabric and solid color patterns. There is an accessory in his her neck. This lady wears a ring. There is an accessory on her wrist."
WOMEN-Tees_Tanks-id_00002553-04_7_additional,id_00002553,WOMEN,Tees_Tanks,additional,query,10875,"Her sweater has long sleeves, cotton fabric and floral patterns. This female wears a long trousers. The trousers are with denim fabric and solid color patterns. This woman wears a hat. The person wears a ring."
WOMEN-Tees_Tanks-id_00002574-01_1_front,id_00002574,WOMEN,Tees_Tanks,front,query,10889,The person is wearing a sleeveless tank shirt with solid color patterns. The tank shirt is with cotton fabric. It has a suspenders neckline. The person wears a three-point pants. The pants are with denim fabric and pure color patterns. The outer clothing is with cotton fabric and solid color patterns. There is a ring on her finger.
WOMEN-Tees_Tanks-id_00002617-06_4_full,id_00002617,WOMEN,Tees_Tanks,full,query,10897,The person wears a sleeveless tank top with solid color patterns. The tank top is with cotton fabric. It has a crew neckline. The pants the person wears is of three-point length. The pants are with denim fabric and solid color patterns. The person has neckwear. There is an accessory on her wrist. This female is wearing a ring on her finger.
WOMEN-Tees_Tanks-id_00002725-06_4_full,id_00002725,WOMEN,Tees_Tanks,full,query,10924,"The upper clothing has short sleeves, cotton fabric and solid color patterns. The neckline of it is v-shape. The lower clothing is of three-point length. The fabric is denim and it has pure color patterns. There is an accessory on her wrist. This lady has neckwear. This lady wears a ring."
WOMEN-Tees_Tanks-id_00002725-08_4_full,id_00002725,WOMEN,Tees_Tanks,full,query,10926,"Her T-shirt has short sleeves, cotton fabric and solid color patterns. It has a v-shape neckline. The shorts this lady wears is of three-point length. The shorts are with denim fabric and pure color patterns. This lady is wearing a ring on her finger. There is an accessory on her wrist. This person has neckwear."
WOMEN-Tees_Tanks-id_00002747-02_7_additional,id_00002747,WOMEN,Tees_Tanks,additional,query,10930,"The upper clothing has long sleeves, cotton fabric and solid color patterns. It has a crew neckline. The lower clothing is of long length. The fabric is cotton and it has plaid patterns. This lady also wears an outer clothing, with knitting fabric and solid color patterns. This lady is wearing a hat. This female is wearing a ring on her finger."
WOMEN-Tees_Tanks-id_00002813-05_4_full,id_00002813,WOMEN,Tees_Tanks,full,query,10938,"Her shirt has short sleeves, cotton fabric and stripe patterns. The neckline of it is round. This person wears a long trousers. The trousers are with denim fabric and solid color patterns. This person wears a ring. There is an accessory in his her neck."
WOMEN-Tees_Tanks-id_00002906-06_4_full,id_00002906,WOMEN,Tees_Tanks,full,query,10967,"Her tank shirt has sleeves cut off, cotton fabric and stripe patterns. It has a suspenders neckline. The lady wears a three-point shorts. The shorts are with denim fabric and solid color patterns. This woman wears a pair of socks. There is a ring on her finger."
WOMEN-Tees_Tanks-id_00002927-06_4_full,id_00002927,WOMEN,Tees_Tanks,full,query,10975,"Her tank top has no sleeves, cotton fabric and solid color patterns. The neckline of it is v-shape. The shorts this lady wears is of three-point length. The shorts are with denim fabric and pure color patterns. There is a ring on her finger."
WOMEN-Tees_Tanks-id_00002927-07_4_full,id_00002927,WOMEN,Tees_Tanks,full,query,10976,This person is wearing a tank tank top with pure color patterns. The tank top is with cotton fabric. It has a v-shape neckline. This person wears a three-point shorts. The shorts are with denim fabric and pure color patterns. This lady is wearing a ring on her finger.
WOMEN-Tees_Tanks-id_00003114-04_1_front,id_00003114,WOMEN,Tees_Tanks,front,query,11014,This woman wears a long-sleeve shirt with stripe patterns and a long pants. The shirt is with cotton fabric. The neckline of the shirt is stand. The pants are with denim fabric and pure color patterns.
WOMEN-Tees_Tanks-id_00003114-05_7_additional,id_00003114,WOMEN,Tees_Tanks,additional,query,11015,"The upper clothing has long sleeves, cotton fabric and stripe patterns. The neckline of it is stand. The lower clothing is of three-point length. The fabric is cotton and it has pure color patterns. The lady wears leggings."
WOMEN-Tees_Tanks-id_00003114-06_4_full,id_00003114,WOMEN,Tees_Tanks,full,query,11016,"The upper clothing has long sleeves, cotton fabric and stripe patterns. It has a stand neckline. The lower clothing is of three-point length. The fabric is denim and it has pure color patterns. This female is wearing socks in shoes."
WOMEN-Tees_Tanks-id_00003173-02_4_full,id_00003173,WOMEN,Tees_Tanks,full,query,11032,"The shirt this lady wears has long sleeves, its fabric is cotton, and it has solid color patterns. The shirt has a round neckline. This lady wears a long pants, with denim fabric and pure color patterns. The lady also wears an outer clothing, with cotton fabric and floral patterns. This lady wears a ring."
WOMEN-Tees_Tanks-id_00003226-04_4_full,id_00003226,WOMEN,Tees_Tanks,full,query,11046,The person is wearing a short-sleeve T-shirt with solid color patterns and a long pants. The T-shirt is with cotton fabric. The neckline of the T-shirt is round. The pants are with denim fabric and pure color patterns. There is an accessory on her wrist. The female is wearing a ring on her finger.
WOMEN-Tees_Tanks-id_00003278-01_1_front,id_00003278,WOMEN,Tees_Tanks,front,query,11060,"The shirt this woman wears has short sleeves and it is with cotton fabric and solid color patterns. The neckline of the shirt is v-shape. This woman wears a long trousers, with denim fabric and solid color patterns. This lady wears a pair of sunglasses. The lady is wearing a ring on her finger."
WOMEN-Tees_Tanks-id_00003278-03_1_front,id_00003278,WOMEN,Tees_Tanks,front,query,11062,This woman is wearing a short-sleeve shirt with solid color patterns. The shirt is with cotton fabric. It has a v-shape neckline. The pants this woman wears is of long length. The pants are with denim fabric and solid color patterns. The person is wearing a ring on her finger. This person wears sunglasses.
WOMEN-Tees_Tanks-id_00003338-06_4_full,id_00003338,WOMEN,Tees_Tanks,full,query,11068,This lady is wearing a tank tank top with pure color patterns. The tank top is with cotton fabric. It has a round neckline. This lady wears a long pants. The pants are with denim fabric and pure color patterns. This person wears a ring.
WOMEN-Tees_Tanks-id_00003343-06_4_full,id_00003343,WOMEN,Tees_Tanks,full,query,11070,This lady is wearing a sleeveless tank shirt with solid color patterns. The tank shirt is with cotton fabric and its neckline is round. The trousers this lady wears is of long length. The trousers are with denim fabric and solid color patterns.
WOMEN-Tees_Tanks-id_00003343-09_4_full,id_00003343,WOMEN,Tees_Tanks,full,query,11073,The lady is wearing a sleeveless tank top with solid color patterns and a long trousers. The tank top is with cotton fabric and its neckline is crew. The trousers are with denim fabric and solid color patterns.
WOMEN-Tees_Tanks-id_00003343-11_4_full,id_00003343,WOMEN,Tees_Tanks,full,query,11075,This lady wears a sleeveless tank shirt with solid color patterns and a three-point shorts. The tank shirt is with cotton fabric. The neckline of the tank shirt is crew. The shorts are with cotton fabric and solid color patterns. The lady is wearing a pair of socks.
WOMEN-Tees_Tanks-id_00003343-15_4_full,id_00003343,WOMEN,Tees_Tanks,full,query,11079,The person wears a sleeveless tank shirt with pure color patterns and three-point shorts. The tank shirt is with cotton fabric and it has a round neckline. The shorts are with denim fabric and pure color patterns.
WOMEN-Tees_Tanks-id_00003343-17_4_full,id_00003343,WOMEN,Tees_Tanks,full,query,11080,The person is wearing a tank tank top with solid color patterns. The tank top is with cotton fabric. It has a crew neckline. The person wears a long trousers. The trousers are with denim fabric and pure color patterns.
WOMEN-Tees_Tanks-id_00003343-18_4_full,id_00003343,WOMEN,Tees_Tanks,full,query,11081,This lady is wearing a tank tank shirt with pure color patterns. The tank shirt is with cotton fabric. It has a crew neckline. This lady wears a long pants. The pants are with denim fabric and solid color patterns.
WOMEN-Tees_Tanks-id_00003343-29_7_additional,id_00003343,WOMEN,Tees_Tanks,additional,query,11086,"Her tank top has no sleeves, cotton fabric and solid color patterns. The neckline of it is crew. This woman wears a long pants. The pants are with cotton fabric and pure color patterns."
WOMEN-Tees_Tanks-id_00003361-03_7_additional,id_00003361,WOMEN,Tees_Tanks,additional,query,11093,This lady wears a long-sleeve sweater with pure color patterns. The sweater is with cotton fabric. It has a round neckline. This lady wears a three-point pants. The pants are with cotton fabric and pure color patterns. This woman is wearing a ring on her finger. There is an accessory on her wrist. There is an accessory in his her neck.
WOMEN-Tees_Tanks-id_00003381-04_4_full,id_00003381,WOMEN,Tees_Tanks,full,query,11108,"Her shirt has short sleeves, cotton fabric and pure color patterns. It has a round neckline. The pants this female wears is of three-point length. The pants are with leather fabric and solid color patterns. There is an accessory on her wrist. There is an accessory in his her neck. There is a ring on her finger. There is a belt on her waist."
WOMEN-Tees_Tanks-id_00003558-04_1_front,id_00003558,WOMEN,Tees_Tanks,front,query,11201,"Her shirt has long sleeves, cotton fabric and pure color patterns. The neckline of it is round. The lady wears a long trousers. The trousers are with denim fabric and complicated patterns. This person wears a ring."
WOMEN-Tees_Tanks-id_00003558-15_7_additional,id_00003558,WOMEN,Tees_Tanks,additional,query,11203,The female is wearing a long-sleeve sweater with pure color patterns. The sweater is with cotton fabric. It has a round neckline. The pants the female wears is of long length. The pants are with cotton fabric and solid color patterns.
WOMEN-Tees_Tanks-id_00003580-09_4_full,id_00003580,WOMEN,Tees_Tanks,full,query,11208,The person is wearing a tank tank shirt with pure color patterns. The tank shirt is with cotton fabric and its neckline is suspenders. The person wears a three-point shorts. The shorts are with denim fabric and pure color patterns. There is an accessory on her wrist.
WOMEN-Tees_Tanks-id_00003590-02_7_additional,id_00003590,WOMEN,Tees_Tanks,additional,query,11211,"Her sweater has long sleeves, cotton fabric and pure color patterns. It has a round neckline. The person wears a long trousers. The trousers are with denim fabric and pure color patterns."
WOMEN-Tees_Tanks-id_00003590-03_7_additional,id_00003590,WOMEN,Tees_Tanks,additional,query,11212,"The upper clothing has long sleeves, cotton fabric and solid color patterns. The neckline of it is crew. The lower clothing is of long length. The fabric is denim and it has pure color patterns. The outer clothing is with cotton fabric and pure color patterns. This woman is wearing a ring on her finger."
WOMEN-Tees_Tanks-id_00003592-01_4_full,id_00003592,WOMEN,Tees_Tanks,full,query,11213,"Her tank top has no sleeves, cotton fabric and graphic patterns. The neckline of it is crew. The pants this woman wears is of three-point length. The pants are with cotton fabric and graphic patterns. There is a ring on her finger. There is an accessory on her wrist."
WOMEN-Tees_Tanks-id_00003629-04_4_full,id_00003629,WOMEN,Tees_Tanks,full,query,11222,"Her T-shirt has short sleeves, cotton fabric and pure color patterns. The neckline of it is crew. The female wears a long pants. The pants are with cotton fabric and solid color patterns. There is a ring on her finger. There is an accessory on her wrist."
WOMEN-Tees_Tanks-id_00003682-04_4_full,id_00003682,WOMEN,Tees_Tanks,full,query,11236,"Her tank shirt has sleeves cut off, cotton fabric and pure color patterns. The neckline of it is suspenders. This lady wears a three-point shorts. The shorts are with cotton fabric and solid color patterns. This woman wears a ring. There is an accessory in his her neck. There is an accessory on her wrist."
WOMEN-Tees_Tanks-id_00003732-48_4_full,id_00003732,WOMEN,Tees_Tanks,full,query,11253,This female is wearing a sleeveless tank top with solid color patterns and a long trousers. The tank top is with cotton fabric and its neckline is suspenders. The trousers are with denim fabric and pure color patterns. The lady wears a ring.
WOMEN-Tees_Tanks-id_00003732-49_4_full,id_00003732,WOMEN,Tees_Tanks,full,query,11254,This female wears a tank tank shirt with pure color patterns and a long pants. The tank shirt is with cotton fabric. The neckline of the tank shirt is suspenders. The pants are with cotton fabric and pure color patterns.
WOMEN-Tees_Tanks-id_00003732-56_4_full,id_00003732,WOMEN,Tees_Tanks,full,query,11255,"The tank shirt this person wears has sleeves cut off and its fabric is cotton. The pattern of it is pure color. It has a suspenders neckline. This person wears a long pants, with denim fabric and other patterns. The person is wearing a ring on her finger."
WOMEN-Tees_Tanks-id_00003732-59_4_full,id_00003732,WOMEN,Tees_Tanks,full,query,11258,The person is wearing a sleeveless tank shirt with pure color patterns. The tank shirt is with cotton fabric. It has a suspenders neckline. The pants the person wears is of three-point length. The pants are with denim fabric and complicated patterns.
WOMEN-Tees_Tanks-id_00003732-63_4_full,id_00003732,WOMEN,Tees_Tanks,full,query,11262,"The upper clothing has no sleeves, cotton fabric and pure color patterns. The neckline of it is suspenders. The lower clothing is of long length. The fabric is denim and it has pure color patterns."
WOMEN-Tees_Tanks-id_00003732-66_4_full,id_00003732,WOMEN,Tees_Tanks,full,query,11263,"The upper clothing has sleeves cut off, cotton fabric and pure color patterns. It has a suspenders neckline. The lower clothing is of long length. The fabric is cotton and it has pure color patterns. The person wears a ring."
WOMEN-Tees_Tanks-id_00003732-67_7_additional,id_00003732,WOMEN,Tees_Tanks,additional,query,11264,This person wears a sleeveless tank shirt with pure color patterns and long trousers. The tank shirt is with cotton fabric and it has a suspenders neckline. The trousers are with denim fabric and pure color patterns. The outer clothing this female wears is with knitting fabric and solid color patterns.
WOMEN-Tees_Tanks-id_00003767-04_4_full,id_00003767,WOMEN,Tees_Tanks,full,query,11271,This woman wears a tank tank top with solid color patterns and a three-point pants. The tank top is with cotton fabric. The neckline of the tank top is stand. The pants are with denim fabric and pure color patterns. The lady has neckwear. There is clothing on her waist. This woman wears a hat. This female is wearing a ring on her finger.
WOMEN-Tees_Tanks-id_00003767-06_4_full,id_00003767,WOMEN,Tees_Tanks,full,query,11273,"Her tank shirt has no sleeves, cotton fabric and graphic patterns. It has a stand neckline. The pants this person wears is of three-point length. The pants are with denim fabric and solid color patterns. There is an accessory in his her neck. There is a ring on her finger. There is clothing on her waist. There is a hat in her head."
WOMEN-Tees_Tanks-id_00003767-07_4_full,id_00003767,WOMEN,Tees_Tanks,full,query,11274,"Her shirt has long sleeves, cotton fabric and graphic patterns. It has a stand neckline. The lady wears a three-point shorts. The shorts are with denim fabric and pure color patterns. The outer clothing the female wears is with cotton fabric and plaid patterns. The female has neckwear. This lady has a hat in her head. This woman is wearing a ring on her finger."
WOMEN-Tees_Tanks-id_00003776-04_4_full,id_00003776,WOMEN,Tees_Tanks,full,query,11280,This female wears a long-sleeve sweater with graphic patterns and a long pants. The sweater is with cotton fabric and its neckline is round. The pants are with denim fabric and solid color patterns. The person wears a hat.
WOMEN-Tees_Tanks-id_00003776-05_4_full,id_00003776,WOMEN,Tees_Tanks,full,query,11281,"The upper clothing has long sleeves, cotton fabric and graphic patterns. It has a round neckline. The lower clothing is of three-point length. The fabric is denim and it has solid color patterns. The outer clothing this female wears is with furry fabric and solid color patterns. There is a ring on her finger. There is an accessory in his her neck. This female is wearing leggings."
WOMEN-Tees_Tanks-id_00003801-05_7_additional,id_00003801,WOMEN,Tees_Tanks,additional,query,11290,The lady is wearing a long-sleeve shirt with pure color patterns. The shirt is with cotton fabric and its neckline is crew. The lady wears a long pants. The pants are with denim fabric and solid color patterns. There is an accessory on her wrist. There is a ring on her finger. There is clothing on her waist. There is an accessory in his her neck. There is a hat in her head.
WOMEN-Tees_Tanks-id_00003849-01_1_front,id_00003849,WOMEN,Tees_Tanks,front,query,11295,"The upper clothing has no sleeves, cotton fabric and graphic patterns. It has a crew neckline. The lower clothing is of medium length. The fabric is cotton and it has graphic patterns. There is an accessory on her wrist. There is a ring on her finger."
WOMEN-Tees_Tanks-id_00003849-01_7_additional,id_00003849,WOMEN,Tees_Tanks,additional,query,11297,This person is wearing a tank tank shirt with graphic patterns. The tank shirt is with cotton fabric. The shorts this person wears is of medium length. The shorts are with cotton fabric and graphic patterns. There is an accessory on her wrist. The lady wears a ring.
WOMEN-Tees_Tanks-id_00003862-05_4_full,id_00003862,WOMEN,Tees_Tanks,full,query,11302,"Her tank top has no sleeves, cotton fabric and graphic patterns. It has a round neckline. This female wears a three-point shorts. The shorts are with denim fabric and solid color patterns. There is an accessory on her wrist."
WOMEN-Tees_Tanks-id_00003877-04_4_full,id_00003877,WOMEN,Tees_Tanks,full,query,11305,This woman is wearing a long-sleeve sweater with graphic patterns. The sweater is with cotton fabric. The shorts this woman wears is of three-point length. The shorts are with cotton fabric and graphic patterns. The person wears sunglasses. There is an accessory on her wrist. There is a ring on her finger.
WOMEN-Tees_Tanks-id_00003885-07_4_full,id_00003885,WOMEN,Tees_Tanks,full,query,11309,This female wears a tank tank top with pure color patterns. The tank top is with cotton fabric. It has a square neckline. The trousers this female wears is of long length. The trousers are with denim fabric and solid color patterns. There is a hat in her head. This female wears a ring.
WOMEN-Tees_Tanks-id_00003959-02_7_additional,id_00003959,WOMEN,Tees_Tanks,additional,query,11345,The lady wears a long-sleeve shirt with color block patterns. The shirt is with cotton fabric. It has a round neckline. The lady wears a long pants. The pants are with denim fabric and pure color patterns. This woman wears a pair of socks.
WOMEN-Tees_Tanks-id_00004029-05_4_full,id_00004029,WOMEN,Tees_Tanks,full,query,11364,"Her tank shirt has no sleeves, cotton fabric and pure color patterns. It has a crew neckline. The shorts this lady wears is of three-point length. The shorts are with cotton fabric and pure color patterns. There is an accessory on her wrist. There is a ring on her finger."
WOMEN-Tees_Tanks-id_00004029-06_4_full,id_00004029,WOMEN,Tees_Tanks,full,query,11365,This woman is wearing a tank tank top with pure color patterns. The tank top is with cotton fabric and its neckline is round. This woman wears a three-point shorts. The shorts are with cotton fabric and solid color patterns. There is an accessory on her wrist. There is a ring on her finger.
WOMEN-Tees_Tanks-id_00004029-08_4_full,id_00004029,WOMEN,Tees_Tanks,full,query,11366,"Her tank top has sleeves cut off, cotton fabric and pure color patterns. The neckline of it is round. The shorts this person wears is of three-point length. The shorts are with cotton fabric and pure color patterns. There is an accessory on her wrist. There is a ring on her finger."
WOMEN-Tees_Tanks-id_00004069-06_7_additional,id_00004069,WOMEN,Tees_Tanks,additional,query,11385,The person is wearing a sleeveless tank shirt with striped patterns. The tank shirt is with cotton fabric. It has a round neckline. The person wears a long trousers. The trousers are with denim fabric and pure color patterns. This woman is wearing a ring on her finger.
WOMEN-Tees_Tanks-id_00004083-02_1_front,id_00004083,WOMEN,Tees_Tanks,front,query,11388,The lady is wearing a long-sleeve sweater with pure color patterns. The sweater is with cotton fabric. It has a crew neckline. The pants the lady wears is of long length. The pants are with denim fabric and solid color patterns.
WOMEN-Tees_Tanks-id_00004083-03_4_full,id_00004083,WOMEN,Tees_Tanks,full,query,11389,The lady wears a long-sleeve shirt with pure color patterns. The shirt is with cotton fabric. It has a round neckline. The pants the lady wears is of three-point length. The pants are with cotton fabric and solid color patterns.
WOMEN-Tees_Tanks-id_00004083-04_4_full,id_00004083,WOMEN,Tees_Tanks,full,query,11390,"The upper clothing has long sleeves, cotton fabric and pure color patterns. The neckline of it is round. The lower clothing is of long length. The fabric is denim and it has pure color patterns."
WOMEN-Tees_Tanks-id_00004083-07_7_additional,id_00004083,WOMEN,Tees_Tanks,additional,query,11393,"Her shirt has long sleeves, cotton fabric and pure color patterns. It has a round neckline. The female wears a three-point shorts. The shorts are with cotton fabric and solid color patterns."
WOMEN-Tees_Tanks-id_00004096-06_7_additional,id_00004096,WOMEN,Tees_Tanks,additional,query,11398,This person wears a sleeveless tank top with solid color patterns and a three-point shorts. The tank top is with cotton fabric and its neckline is round. The shorts are with cotton fabric and pure color patterns. There is an accessory on her wrist. The female is wearing a ring on her finger.
WOMEN-Tees_Tanks-id_00004144-10_4_full,id_00004144,WOMEN,Tees_Tanks,full,query,11412,"Her shirt has medium sleeves, cotton fabric and solid color patterns. It has a round neckline. This woman wears a long pants. The pants are with denim fabric and solid color patterns. The outer clothing is with cotton fabric and solid color patterns. This lady is wearing a ring on her finger. The female wears a pair of sunglasses. The person has neckwear. There is an accessory on her wrist."
WOMEN-Tees_Tanks-id_00004144-11_4_full,id_00004144,WOMEN,Tees_Tanks,full,query,11413,"Her shirt has short sleeves, cotton fabric and pure color patterns. The neckline of it is crew. The trousers this lady wears is of long length. The trousers are with cotton fabric and solid color patterns. There is a ring on her finger."
WOMEN-Tees_Tanks-id_00004159-04_4_full,id_00004159,WOMEN,Tees_Tanks,full,query,11421,This person wears a tank tank shirt with pure color patterns and a three-point pants. The tank shirt is with knitting fabric and its neckline is suspenders. The pants are with denim fabric and pure color patterns. There is a ring on her finger. The female has neckwear.
WOMEN-Tees_Tanks-id_00004188-01_7_additional,id_00004188,WOMEN,Tees_Tanks,additional,query,11429,This woman is wearing a sleeveless tank shirt with stripe patterns. The tank shirt is with cotton fabric. It has a suspenders neckline. This woman wears a long pants. The pants are with denim fabric and solid color patterns. This lady is wearing a ring on her finger.
WOMEN-Tees_Tanks-id_00004222-02_7_additional,id_00004222,WOMEN,Tees_Tanks,additional,query,11438,"Her shirt has short sleeves, cotton fabric and solid color patterns. The neckline of it is v-shape. The pants the female wears is of long length. The pants are with denim fabric and solid color patterns. This female wears a ring."
WOMEN-Tees_Tanks-id_00004222-03_7_additional,id_00004222,WOMEN,Tees_Tanks,additional,query,11439,"The shirt this person wears has short sleeves and its fabric is cotton. The pattern of it is solid color. It has a v-shape neckline. This person wears a long trousers, with denim fabric and solid color patterns. The female is wearing a ring on her finger."
WOMEN-Tees_Tanks-id_00004222-10_4_full,id_00004222,WOMEN,Tees_Tanks,full,query,11441,"The shirt this woman wears has short sleeves, its fabric is cotton, and it has solid color patterns. The shirt has a v-shape neckline. This woman wears a three-point shorts, with denim fabric and solid color patterns. This lady has neckwear. There is a ring on her finger."
WOMEN-Tees_Tanks-id_00004236-01_2_side,id_00004236,WOMEN,Tees_Tanks,side,query,11445,"Her shirt has medium sleeves, cotton fabric and solid color patterns. It has a crew neckline. The shorts this female wears is of medium length. The shorts are with denim fabric and pure color patterns. The female is wearing a ring on her finger. There is an accessory on her wrist."
WOMEN-Tees_Tanks-id_00004236-01_7_additional,id_00004236,WOMEN,Tees_Tanks,additional,query,11446,This female wears a medium-sleeve shirt with solid color patterns and a short shorts. The shirt is with cotton fabric and its neckline is round. The shorts are with denim fabric and solid color patterns. This lady is wearing a ring on her finger. There is an accessory on her wrist.
WOMEN-Tees_Tanks-id_00004236-02_7_additional,id_00004236,WOMEN,Tees_Tanks,additional,query,11448,The person is wearing a medium-sleeve shirt with pure color patterns. The shirt is with cotton fabric. It has a crew neckline. The trousers the person wears is of long length. The trousers are with denim fabric and pure color patterns. This female wears a pair of sunglasses. This person has neckwear. This person is wearing a ring on her finger.
WOMEN-Tees_Tanks-id_00004236-03_7_additional,id_00004236,WOMEN,Tees_Tanks,additional,query,11450,The person is wearing a medium-sleeve shirt with pure color patterns. The shirt is with cotton fabric and its neckline is round. The person wears a medium pants. The pants are with denim fabric and pure color patterns. The person is wearing a ring on her finger. There is an accessory on her wrist.
WOMEN-Tees_Tanks-id_00004240-04_7_additional,id_00004240,WOMEN,Tees_Tanks,additional,query,11451,This person wears a short-sleeve shirt with pure color patterns and three-point shorts. The shirt is with cotton fabric and it has a round neckline. The shorts are with denim fabric and pure color patterns. There is a ring on her finger.
WOMEN-Tees_Tanks-id_00004240-05_4_full,id_00004240,WOMEN,Tees_Tanks,full,query,11452,"Her T-shirt has short sleeves, cotton fabric and solid color patterns. It has a round neckline. The pants this woman wears is of three-point length. The pants are with denim fabric and solid color patterns. This lady is wearing a ring on her finger."
WOMEN-Tees_Tanks-id_00004269-03_1_front,id_00004269,WOMEN,Tees_Tanks,front,query,11461,This woman is wearing a sleeveless tank top with pure color patterns. The tank top is with cotton fabric and its neckline is suspenders. The shorts this woman wears is of three-point length. The shorts are with cotton fabric and solid color patterns. There is a ring on her finger.
WOMEN-Tees_Tanks-id_00004269-04_2_side,id_00004269,WOMEN,Tees_Tanks,side,query,11465,This female wears a sleeveless tank shirt with pure color patterns. The tank shirt is with cotton fabric. The shorts this female wears is of three-point length. The shorts are with cotton fabric and pure color patterns. The person is wearing a ring on her finger.
WOMEN-Tees_Tanks-id_00004269-04_3_back,id_00004269,WOMEN,Tees_Tanks,back,query,11466,"The tank shirt this woman wears has no sleeves, its fabric is cotton, and it has solid color patterns. This woman wears a three-point pants, with cotton fabric and pure color patterns."
WOMEN-Tees_Tanks-id_00004269-04_4_full,id_00004269,WOMEN,Tees_Tanks,full,query,11467,This female wears a sleeveless tank top with pure color patterns. The tank top is with cotton fabric. This female wears a three-point pants. The pants are with cotton fabric and pure color patterns.
WOMEN-Tees_Tanks-id_00004273-04_4_full,id_00004273,WOMEN,Tees_Tanks,full,query,11470,This woman wears a short-sleeve T-shirt with solid color patterns and long pants. The T-shirt is with cotton fabric and it has a round neckline. The pants are with denim fabric and solid color patterns. This woman wears a belt. This lady wears a ring. There is an accessory on her wrist.
WOMEN-Tees_Tanks-id_00004312-02_4_full,id_00004312,WOMEN,Tees_Tanks,full,query,11476,"The shirt the person wears has long sleeves and it is with cotton fabric and solid color patterns. The neckline of the shirt is crew. The person wears a three-point pants, with denim fabric and pure color patterns. There is an accessory on her wrist. This female is wearing a ring on her finger. There is an accessory in his her neck."
WOMEN-Tees_Tanks-id_00004313-03_1_front,id_00004313,WOMEN,Tees_Tanks,front,query,11478,The lady is wearing a short-sleeve shirt with solid color patterns and a short shorts. The shirt is with cotton fabric. The shorts are with cotton fabric and pure color patterns. This person wears socks in shoes. This female is wearing a hat.
WOMEN-Tees_Tanks-id_00004313-05_1_front,id_00004313,WOMEN,Tees_Tanks,front,query,11481,"Her T-shirt has short sleeves, cotton fabric and pure color patterns. The person wears a short shorts. The shorts are with cotton fabric and pure color patterns. The person is wearing socks in shoes."
WOMEN-Tees_Tanks-id_00004313-05_7_additional,id_00004313,WOMEN,Tees_Tanks,additional,query,11482,"Her shirt has short sleeves, cotton fabric and solid color patterns. The neckline of it is round. The shorts this person wears is of short length. The shorts are with cotton fabric and pure color patterns. The female is wearing socks in shoes. There is a ring on her finger."
WOMEN-Tees_Tanks-id_00004324-05_7_additional,id_00004324,WOMEN,Tees_Tanks,additional,query,11484,"The upper clothing has short sleeves, cotton fabric and stripe patterns. The neckline of it is round. The lower clothing is of three-point length. The fabric is leather and it has pure color patterns. The female wears a ring."
WOMEN-Tees_Tanks-id_00004324-06_7_additional,id_00004324,WOMEN,Tees_Tanks,additional,query,11485,The lady is wearing a short-sleeve shirt with stripe patterns. The shirt is with cotton fabric. It has a crew neckline. The pants the lady wears is of three-point length. The pants are with leather fabric and pure color patterns. There is a ring on her finger.
WOMEN-Tees_Tanks-id_00004330-09_4_full,id_00004330,WOMEN,Tees_Tanks,full,query,11487,This person wears a long-sleeve sweater with pure color patterns and long trousers. The sweater is with cotton fabric and it has a crew neckline. The trousers are with denim fabric and pure color patterns.
WOMEN-Tees_Tanks-id_00004475-03_7_additional,id_00004475,WOMEN,Tees_Tanks,additional,query,11522,The person is wearing a long-sleeve sweater with floral patterns. The sweater is with cotton fabric. It has a crew neckline. The shorts the person wears is of three-point length. The shorts are with cotton fabric and plaid patterns. This female wears leggings.
WOMEN-Tees_Tanks-id_00004478-05_4_full,id_00004478,WOMEN,Tees_Tanks,full,query,11524,This female is wearing a long-sleeve sweater with solid color patterns. The sweater is with cotton fabric and its neckline is round. The shorts this female wears is of three-point length. The shorts are with denim fabric and pure color patterns. There is an accessory on her wrist. This woman wears a ring. There is an accessory in his her neck.
WOMEN-Tees_Tanks-id_00004512-02_3_back,id_00004512,WOMEN,Tees_Tanks,back,query,11533,"The tank top the person wears has sleeves cut off and it is with cotton fabric and solid color patterns. The person wears a long trousers, with cotton fabric and solid color patterns. There is an accessory on her wrist. There is a ring on her finger."
WOMEN-Tees_Tanks-id_00004512-02_7_additional,id_00004512,WOMEN,Tees_Tanks,additional,query,11534,"The upper clothing has sleeves cut off, cotton fabric and pure color patterns. It has a round neckline. The lower clothing is of long length. The fabric is cotton and it has pure color patterns. There is an accessory in his her neck. There is an accessory on her wrist. There is a ring on her finger."
WOMEN-Tees_Tanks-id_00004593-03_4_full,id_00004593,WOMEN,Tees_Tanks,full,query,11549,"Her sweater has long sleeves, cotton fabric and solid color patterns. The neckline of it is round. The lady wears a three-point pants. The pants are with denim fabric and pure color patterns."
WOMEN-Tees_Tanks-id_00004593-04_4_full,id_00004593,WOMEN,Tees_Tanks,full,query,11550,This woman is wearing a long-sleeve sweater with pure color patterns. The sweater is with cotton fabric and its neckline is round. The pants this woman wears is of three-point length. The pants are with denim fabric and solid color patterns.
WOMEN-Tees_Tanks-id_00004593-12_7_additional,id_00004593,WOMEN,Tees_Tanks,additional,query,11554,The female wears a long-sleeve sweater with solid color patterns. The sweater is with cotton fabric. The female wears a long trousers. The trousers are with denim fabric and solid color patterns.
WOMEN-Tees_Tanks-id_00004593-14_4_full,id_00004593,WOMEN,Tees_Tanks,full,query,11556,The person is wearing a long-sleeve shirt with solid color patterns. The shirt is with cotton fabric and its neckline is round. The shorts the person wears is of three-point length. The shorts are with denim fabric and solid color patterns. There is an accessory on her wrist.
WOMEN-Tees_Tanks-id_00004593-16_4_full,id_00004593,WOMEN,Tees_Tanks,full,query,11557,The lady is wearing a long-sleeve sweater with pure color patterns. The sweater is with cotton fabric. It has a round neckline. The lady wears a three-point pants. The pants are with denim fabric and solid color patterns.
WOMEN-Tees_Tanks-id_00004603-08_4_full,id_00004603,WOMEN,Tees_Tanks,full,query,11563,The female wears a sleeveless tank top with solid color patterns and a three-point pants. The tank top is with cotton fabric and its neckline is round. The pants are with denim fabric and solid color patterns. There is a ring on her finger.
WOMEN-Tees_Tanks-id_00004627-02_1_front,id_00004627,WOMEN,Tees_Tanks,front,query,11568,"The T-shirt the female wears has short sleeves and it is with cotton fabric and pure color patterns. The neckline of the T-shirt is crew. The female wears a medium pants, with denim fabric and pure color patterns. There is a ring on her finger. There is an accessory on her wrist."
WOMEN-Tees_Tanks-id_00004707-05_4_full,id_00004707,WOMEN,Tees_Tanks,full,query,11593,"The shirt this person wears has long sleeves and it is with cotton fabric and other patterns. The neckline of the shirt is v-shape. This person wears a three-point shorts, with denim fabric and pure color patterns. There is an accessory on her wrist. The lady is wearing a ring on her finger."
WOMEN-Tees_Tanks-id_00004707-06_4_full,id_00004707,WOMEN,Tees_Tanks,full,query,11594,This woman is wearing a sleeveless tank shirt with pure color patterns. The tank shirt is with cotton fabric and its neckline is v-shape. This woman wears a three-point shorts. The shorts are with denim fabric and pure color patterns. There is an accessory on her wrist. There is a ring on her finger.
WOMEN-Tees_Tanks-id_00004715-01_1_front,id_00004715,WOMEN,Tees_Tanks,front,query,11596,This lady is wearing a short-sleeve T-shirt with solid color patterns and a long trousers. The T-shirt is with cotton fabric and its neckline is crew. The trousers are with denim fabric and pure color patterns. This woman is wearing a ring on her finger.
WOMEN-Tees_Tanks-id_00004715-01_3_back,id_00004715,WOMEN,Tees_Tanks,back,query,11597,"The upper clothing has short sleeves, cotton fabric and solid color patterns. The lower clothing is of long length. The fabric is cotton and it has solid color patterns."
WOMEN-Tees_Tanks-id_00004715-02_7_additional,id_00004715,WOMEN,Tees_Tanks,additional,query,11601,"Her shirt has short sleeves, cotton fabric and solid color patterns. The neckline of it is round. The trousers this lady wears is of three-quarter length. The trousers are with denim fabric and solid color patterns. There is an accessory on her wrist. There is a ring on her finger."
WOMEN-Tees_Tanks-id_00004757-01_2_side,id_00004757,WOMEN,Tees_Tanks,side,query,11612,"The upper clothing has sleeves cut off, cotton fabric and pure color patterns. It has a crew neckline. The lower clothing is of long length. The fabric is denim and it has solid color patterns. The female is wearing a ring on her finger. There is an accessory on her wrist."
WOMEN-Tees_Tanks-id_00004758-01_1_front,id_00004758,WOMEN,Tees_Tanks,front,query,11613,"Her shirt has short sleeves, cotton fabric and pure color patterns. The neckline of it is round. This person wears a long pants. The pants are with cotton fabric and solid color patterns. There is an accessory on her wrist. The female wears a ring."
WOMEN-Tees_Tanks-id_00004758-01_7_additional,id_00004758,WOMEN,Tees_Tanks,additional,query,11615,"The shirt this woman wears has short sleeves and it is with cotton fabric and pure color patterns. The neckline of the shirt is crew. This woman wears a three-point shorts, with cotton fabric and pure color patterns. The person wears a ring. There is an accessory on her wrist."
WOMEN-Tees_Tanks-id_00004840-01_4_full,id_00004840,WOMEN,Tees_Tanks,full,query,11629,"Her shirt has short sleeves, cotton fabric and pure color patterns. The neckline of it is crew. The shorts the person wears is of three-point length. The shorts are with denim fabric and solid color patterns. This lady is wearing a ring on her finger."
WOMEN-Tees_Tanks-id_00004840-02_7_additional,id_00004840,WOMEN,Tees_Tanks,additional,query,11630,"Her T-shirt has short sleeves, cotton fabric and solid color patterns. It has a crew neckline. The female wears a three-point shorts. The shorts are with denim fabric and pure color patterns. This female is wearing a ring on her finger."
WOMEN-Tees_Tanks-id_00004869-05_7_additional,id_00004869,WOMEN,Tees_Tanks,additional,query,11636,"Her sweater has long sleeves, cotton fabric and solid color patterns. It has a v-shape neckline. The female wears a long pants. The pants are with denim fabric and solid color patterns. The outer clothing is with other fabric and solid color patterns. This female wears a ring. There is an accessory in his her neck. There is an accessory on her wrist."
WOMEN-Tees_Tanks-id_00004869-06_1_front,id_00004869,WOMEN,Tees_Tanks,front,query,11637,"The shirt the female wears has short sleeves and it is with cotton fabric and solid color patterns. The neckline of the shirt is v-shape. The female wears a long trousers, with denim fabric and pure color patterns. There is an accessory in his her neck. This woman wears a ring. There is an accessory on her wrist."
WOMEN-Tees_Tanks-id_00004909-02_4_full,id_00004909,WOMEN,Tees_Tanks,full,query,11647,"Her tank top has sleeves cut off, cotton fabric and graphic patterns. The neckline of it is suspenders. The pants the lady wears is of three-point length. The pants are with denim fabric and solid color patterns."
WOMEN-Tees_Tanks-id_00004934-02_1_front,id_00004934,WOMEN,Tees_Tanks,front,query,11650,The lady is wearing a sleeveless tank shirt with solid color patterns and a long pants. The tank shirt is with cotton fabric and its neckline is v-shape. The pants are with denim fabric and solid color patterns. This person is wearing a ring on her finger. This woman is wearing a hat.
WOMEN-Tees_Tanks-id_00004935-04_4_full,id_00004935,WOMEN,Tees_Tanks,full,query,11652,"The upper clothing has no sleeves, knitting fabric and striped patterns. The neckline of it is round. The lower clothing is of three-point length. The fabric is denim and it has other patterns. There is an accessory on her wrist. There is a ring on her finger."
WOMEN-Tees_Tanks-id_00004965-04_4_full,id_00004965,WOMEN,Tees_Tanks,full,query,11655,This female is wearing a tank tank shirt with solid color patterns. The tank shirt is with cotton fabric. It has a square neckline. The pants this female wears is of three-point length. The pants are with denim fabric and solid color patterns. This person is wearing a ring on her finger. There is an accessory on her wrist.
WOMEN-Tees_Tanks-id_00004975-02_4_full,id_00004975,WOMEN,Tees_Tanks,full,query,11664,This lady is wearing a tank tank shirt with solid color patterns. The tank shirt is with cotton fabric. The pants this lady wears is of three-point length. The pants are with cotton fabric and pure color patterns. There is an accessory on her wrist. This woman is wearing a ring on her finger.
WOMEN-Tees_Tanks-id_00004975-04_4_full,id_00004975,WOMEN,Tees_Tanks,full,query,11666,"The tank shirt this woman wears has no sleeves and it is with cotton fabric and solid color patterns. This woman wears a three-point shorts, with cotton fabric and solid color patterns. This female wears a ring."
WOMEN-Tees_Tanks-id_00005015-04_7_additional,id_00005015,WOMEN,Tees_Tanks,additional,query,11674,"Her shirt has medium sleeves, cotton fabric and solid color patterns. It has a round neckline. The trousers this female wears is of long length. The trousers are with denim fabric and pure color patterns. There is a ring on her finger."
WOMEN-Tees_Tanks-id_00005017-30_4_full,id_00005017,WOMEN,Tees_Tanks,full,query,11679,"Her shirt has short sleeves, cotton fabric and pure color patterns. The neckline of it is round. This female wears a long pants. The pants are with denim fabric and pure color patterns. There is a ring on her finger."
WOMEN-Tees_Tanks-id_00005017-34_1_front,id_00005017,WOMEN,Tees_Tanks,front,query,11681,The lady wears a short-sleeve shirt with solid color patterns and a long trousers. The shirt is with cotton fabric and its neckline is round. The trousers are with cotton fabric and pure color patterns.
WOMEN-Tees_Tanks-id_00005017-46_1_front,id_00005017,WOMEN,Tees_Tanks,front,query,11686,This female wears a tank tank top with pure color patterns and long pants. The tank top is with cotton fabric and it has a round neckline. The pants are with cotton fabric and pure color patterns.
WOMEN-Tees_Tanks-id_00005017-48_1_front,id_00005017,WOMEN,Tees_Tanks,front,query,11687,This woman is wearing a short-sleeve shirt with solid color patterns and a long pants. The shirt is with cotton fabric. The neckline of the shirt is round. The pants are with cotton fabric and pure color patterns. There is an accessory on her wrist.
WOMEN-Tees_Tanks-id_00005017-52_1_front,id_00005017,WOMEN,Tees_Tanks,front,query,11689,The person is wearing a short-sleeve shirt with solid color patterns. The shirt is with cotton fabric and its neckline is crew. The trousers the person wears is of long length. The trousers are with cotton fabric and pure color patterns. There is an accessory on her wrist.
WOMEN-Tees_Tanks-id_00005018-01_1_front,id_00005018,WOMEN,Tees_Tanks,front,query,11690,"The upper clothing has short sleeves, cotton fabric and solid color patterns. The neckline of it is crew. The lower clothing is of short length. The fabric is cotton and it has solid color patterns. This woman wears a ring. There is an accessory on her wrist."
WOMEN-Tees_Tanks-id_00005018-01_4_full,id_00005018,WOMEN,Tees_Tanks,full,query,11691,The lady wears a short-sleeve T-shirt with pure color patterns. The T-shirt is with cotton fabric. It has a round neckline. The lady wears a short pants. The pants are with cotton fabric and solid color patterns. There is an accessory on her wrist. This woman wears a ring.
WOMEN-Tees_Tanks-id_00005018-02_4_full,id_00005018,WOMEN,Tees_Tanks,full,query,11695,This lady is wearing a short-sleeve shirt with solid color patterns and a medium pants. The shirt is with cotton fabric and its neckline is crew. The pants are with cotton fabric and pure color patterns. The female is wearing a pair of sunglasses. There is an accessory on her wrist. There is a ring on her finger.
WOMEN-Tees_Tanks-id_00005018-02_7_additional,id_00005018,WOMEN,Tees_Tanks,additional,query,11696,"The upper clothing has short sleeves, cotton fabric and solid color patterns. The neckline of it is round. The lower clothing is of short length. The fabric is cotton and it has pure color patterns. The lady is wearing a ring on her finger. There is an accessory on her wrist."
WOMEN-Tees_Tanks-id_00005244-01_4_full,id_00005244,WOMEN,Tees_Tanks,full,query,11799,"Her sweater has long sleeves, cotton fabric and solid color patterns. This person wears a three-point pants. The pants are with cotton fabric and floral patterns. The outer clothing is with knitting fabric and solid color patterns. There is a ring on her finger. This female has neckwear."
WOMEN-Tees_Tanks-id_00005244-03_4_full,id_00005244,WOMEN,Tees_Tanks,full,query,11801,The lady is wearing a tank tank shirt with solid color patterns. The tank shirt is with cotton fabric and its neckline is round. The lady wears a three-point shorts. The shorts are with cotton fabric and floral patterns. There is an accessory in his her neck. This person wears a hat. This person is wearing a ring on her finger.
WOMEN-Tees_Tanks-id_00005316-04_4_full,id_00005316,WOMEN,Tees_Tanks,full,query,11825,This lady wears a long-sleeve sweater with graphic patterns and a long trousers. The sweater is with chiffon fabric and its neckline is crew. The trousers are with denim fabric and pure color patterns.
WOMEN-Tees_Tanks-id_00005319-01_7_additional,id_00005319,WOMEN,Tees_Tanks,additional,query,11829,This woman wears a tank tank top with solid color patterns. The tank top is with cotton fabric. The pants this woman wears is of short length. The pants are with cotton fabric and pure color patterns. This lady is wearing a ring on her finger. There is an accessory on her wrist.
WOMEN-Tees_Tanks-id_00005332-07_4_full,id_00005332,WOMEN,Tees_Tanks,full,query,11833,"The shirt this female wears has short sleeves and it is with cotton fabric and pure color patterns. The neckline of the shirt is crew. This female wears a long pants, with denim fabric and pure color patterns. This person wears a ring."
WOMEN-Tees_Tanks-id_00005337-01_2_side,id_00005337,WOMEN,Tees_Tanks,side,query,11835,"Her shirt has short sleeves, cotton fabric and pure color patterns. It has a v-shape neckline. The shorts this woman wears is of three-point length. The shorts are with cotton fabric and solid color patterns. This woman wears a ring."
WOMEN-Tees_Tanks-id_00005337-01_7_additional,id_00005337,WOMEN,Tees_Tanks,additional,query,11836,The female is wearing a short-sleeve T-shirt with solid color patterns. The T-shirt is with cotton fabric and its neckline is v-shape. The female wears a medium shorts. The shorts are with cotton fabric and solid color patterns. This person is wearing a ring on her finger.
WOMEN-Tees_Tanks-id_00005337-02_3_back,id_00005337,WOMEN,Tees_Tanks,back,query,11838,"The shirt the lady wears has short sleeves and its fabric is cotton. The pattern of it is solid color. The lady wears a three-quarter pants, with leather fabric and solid color patterns. This person has neckwear. There is an accessory on her wrist. The lady wears a ring."
WOMEN-Tees_Tanks-id_00005337-02_7_additional,id_00005337,WOMEN,Tees_Tanks,additional,query,11840,"The shirt the female wears has short sleeves and its fabric is cotton. The pattern of it is pure color. The female wears a three-quarter pants, with leather fabric and solid color patterns. There is a ring on her finger. There is an accessory on her wrist."
WOMEN-Tees_Tanks-id_00005361-05_4_full,id_00005361,WOMEN,Tees_Tanks,full,query,11843,"The tank top this lady wears has no sleeves, its fabric is cotton, and it has solid color patterns. This lady wears a three-point pants, with denim fabric and pure color patterns."
WOMEN-Tees_Tanks-id_00005363-02_1_front,id_00005363,WOMEN,Tees_Tanks,front,query,11846,The female is wearing a sleeveless tank shirt with solid color patterns. The tank shirt is with cotton fabric and its neckline is round. The female wears a three-quarter pants. The pants are with leather fabric and solid color patterns. The lady is wearing a ring on her finger. There is an accessory on her wrist.
WOMEN-Tees_Tanks-id_00005364-05_4_full,id_00005364,WOMEN,Tees_Tanks,full,query,11847,The female wears a long-sleeve shirt with pure color patterns. The shirt is with cotton fabric. It has a crew neckline. The trousers the female wears is of long length. The trousers are with denim fabric and solid color patterns. There is an accessory in his her neck. The person is wearing a ring on her finger. There is clothing on her waist.
WOMEN-Tees_Tanks-id_00005370-05_7_additional,id_00005370,WOMEN,Tees_Tanks,additional,query,11850,"Her tank top has no sleeves, cotton fabric and pure color patterns. The neckline of it is stand. The trousers this lady wears is of long length. The trousers are with denim fabric and pure color patterns. This lady wears a ring. There is an accessory on her wrist."
WOMEN-Tees_Tanks-id_00005370-06_7_additional,id_00005370,WOMEN,Tees_Tanks,additional,query,11851,This person is wearing a sleeveless tank shirt with solid color patterns. The tank shirt is with cotton fabric. It has a stand neckline. The trousers this person wears is of long length. The trousers are with denim fabric and pure color patterns. This woman wears a ring. There is an accessory on her wrist.
WOMEN-Tees_Tanks-id_00005370-09_4_full,id_00005370,WOMEN,Tees_Tanks,full,query,11853,This person wears a tank tank top with solid color patterns. The tank top is with cotton fabric. It has a stand neckline. The trousers this person wears is of long length. The trousers are with denim fabric and pure color patterns. There is an accessory on her wrist. The lady is wearing a ring on her finger.
WOMEN-Tees_Tanks-id_00005445-12_4_full,id_00005445,WOMEN,Tees_Tanks,full,query,11871,The lady is wearing a medium-sleeve shirt with color block patterns. The shirt is with cotton fabric and its neckline is crew. The lady wears a long pants. The pants are with denim fabric and solid color patterns. There is a ring on her finger.
WOMEN-Tees_Tanks-id_00005479-01_4_full,id_00005479,WOMEN,Tees_Tanks,full,query,11873,This lady wears a long-sleeve sweater with solid color patterns and a three-point shorts. The sweater is with cotton fabric and its neckline is v-shape. The shorts are with denim fabric and pure color patterns.
WOMEN-Tees_Tanks-id_00005479-04_4_full,id_00005479,WOMEN,Tees_Tanks,full,query,11876,The lady is wearing a long-sleeve shirt with solid color patterns. The shirt is with cotton fabric and its neckline is v-shape. The trousers the lady wears is of long length. The trousers are with denim fabric and pure color patterns.
WOMEN-Tees_Tanks-id_00005479-07_4_full,id_00005479,WOMEN,Tees_Tanks,full,query,11879,The female is wearing a long-sleeve shirt with solid color patterns. The shirt is with cotton fabric. It has a v-shape neckline. The trousers the female wears is of long length. The trousers are with denim fabric and pure color patterns. This female is wearing a ring on her finger.
WOMEN-Tees_Tanks-id_00005479-13_7_additional,id_00005479,WOMEN,Tees_Tanks,additional,query,11882,"The shirt this person wears has long sleeves, its fabric is cotton, and it has solid color patterns. The shirt has a v-shape neckline. This person wears a three-point pants, with cotton fabric and solid color patterns."
WOMEN-Tees_Tanks-id_00005479-15_7_additional,id_00005479,WOMEN,Tees_Tanks,additional,query,11883,This female is wearing a long-sleeve shirt with solid color patterns. The shirt is with cotton fabric and its neckline is v-shape. The pants this female wears is of long length. The pants are with denim fabric and solid color patterns.
WOMEN-Tees_Tanks-id_00005559-04_4_full,id_00005559,WOMEN,Tees_Tanks,full,query,11912,"Her shirt has medium sleeves, knitting fabric and complicated patterns. It has a crew neckline. This woman wears a long pants. The pants are with denim fabric and solid color patterns. This person is wearing a ring on her finger. The lady has a hat in her head. There is an accessory in his her neck."
WOMEN-Tees_Tanks-id_00005610-04_4_full,id_00005610,WOMEN,Tees_Tanks,full,query,11919,The person wears a tank tank shirt with graphic patterns and a three-point pants. The tank shirt is with cotton fabric and its neckline is suspenders. The pants are with denim fabric and solid color patterns. There is an accessory on her wrist. The person has neckwear.
WOMEN-Tees_Tanks-id_00005623-03_4_full,id_00005623,WOMEN,Tees_Tanks,full,query,11926,This female wears a long-sleeve sweater with stripe patterns and a three-point pants. The sweater is with cotton fabric and its neckline is round. The pants are with denim fabric and pure color patterns.
WOMEN-Tees_Tanks-id_00005623-04_4_full,id_00005623,WOMEN,Tees_Tanks,full,query,11927,"The shirt the lady wears has long sleeves, its fabric is cotton, and it has striped patterns. The shirt has a round neckline. The lady wears a three-point pants, with denim fabric and pure color patterns."
WOMEN-Tees_Tanks-id_00005702-08_4_full,id_00005702,WOMEN,Tees_Tanks,full,query,11940,"Her tank shirt has sleeves cut off, cotton fabric and pure color patterns. The shorts this lady wears is of three-point length. The shorts are with denim fabric and pure color patterns. There is a ring on her finger."
WOMEN-Tees_Tanks-id_00005702-09_4_full,id_00005702,WOMEN,Tees_Tanks,full,query,11941,This woman wears a tank tank top with solid color patterns and three-point shorts. The tank top is with cotton fabric. The shorts are with denim fabric and solid color patterns. The female wears a ring.
WOMEN-Tees_Tanks-id_00005702-14_4_full,id_00005702,WOMEN,Tees_Tanks,full,query,11944,The lady wears a sleeveless tank shirt with pure color patterns. The tank shirt is with cotton fabric. The lady wears a three-point shorts. The shorts are with denim fabric and solid color patterns. There is a ring on her finger.
WOMEN-Tees_Tanks-id_00005702-15_4_full,id_00005702,WOMEN,Tees_Tanks,full,query,11945,This person is wearing a sleeveless tank shirt with pure color patterns and a three-point shorts. The tank shirt is with cotton fabric. The shorts are with denim fabric and solid color patterns. There is a ring on her finger.
WOMEN-Tees_Tanks-id_00005702-16_4_full,id_00005702,WOMEN,Tees_Tanks,full,query,11946,"The tank top this lady wears has no sleeves and it is with cotton fabric and solid color patterns. This lady wears a three-point pants, with denim fabric and pure color patterns. There is a ring on her finger."
WOMEN-Tees_Tanks-id_00005714-04_4_full,id_00005714,WOMEN,Tees_Tanks,full,query,11949,This woman is wearing a long-sleeve shirt with graphic patterns. The shirt is with cotton fabric. The trousers this woman wears is of long length. The trousers are with cotton fabric and floral patterns.
WOMEN-Tees_Tanks-id_00005716-06_4_full,id_00005716,WOMEN,Tees_Tanks,full,query,11951,The person wears a sleeveless tank shirt with pure color patterns. The tank shirt is with cotton fabric. The shorts the person wears is of three-point length. The shorts are with denim fabric and solid color patterns. There is an accessory on her wrist. This person wears a ring.
WOMEN-Tees_Tanks-id_00005716-07_4_full,id_00005716,WOMEN,Tees_Tanks,full,query,11952,The lady wears a tank tank top with solid color patterns. The tank top is with cotton fabric. The lady wears a three-point pants. The pants are with denim fabric and pure color patterns. There is an accessory on her wrist. The lady wears a ring.
WOMEN-Tees_Tanks-id_00005722-04_4_full,id_00005722,WOMEN,Tees_Tanks,full,query,11953,This woman is wearing a short-sleeve shirt with pure color patterns. The shirt is with cotton fabric. It has a round neckline. The trousers this woman wears is of long length. The trousers are with denim fabric and pure color patterns. There is an accessory on her wrist. The person wears a ring.
WOMEN-Tees_Tanks-id_00005722-07_4_full,id_00005722,WOMEN,Tees_Tanks,full,query,11955,"Her shirt has short sleeves, cotton fabric and pure color patterns. It has a crew neckline. The trousers this person wears is of long length. The trousers are with denim fabric and solid color patterns. The female is wearing a ring on her finger. There is an accessory on her wrist."
WOMEN-Tees_Tanks-id_00005735-06_1_front,id_00005735,WOMEN,Tees_Tanks,front,query,11959,The female wears a long-sleeve sweater with pure color patterns and a short shorts. The sweater is with cotton fabric. The neckline of the sweater is round. The shorts are with cotton fabric and pure color patterns. The person is wearing a ring on her finger. The female wears a hat.
WOMEN-Tees_Tanks-id_00005743-04_4_full,id_00005743,WOMEN,Tees_Tanks,full,query,11961,"The shirt this woman wears has short sleeves, its fabric is cotton, and it has striped patterns. The shirt has a crew neckline. This woman wears a long pants, with cotton fabric and pure color patterns. This female wears a ring. There is an accessory on her wrist."
WOMEN-Tees_Tanks-id_00005747-06_4_full,id_00005747,WOMEN,Tees_Tanks,full,query,11964,"Her shirt has medium sleeves, cotton fabric and solid color patterns. It has a crew neckline. This person wears a long pants. The pants are with denim fabric and solid color patterns."
WOMEN-Tees_Tanks-id_00005757-02_7_additional,id_00005757,WOMEN,Tees_Tanks,additional,query,11966,"The shirt the lady wears has short sleeves, its fabric is chiffon, and it has graphic patterns. The shirt has a round neckline. The lady wears a three-point shorts, with denim fabric and pure color patterns. There is an accessory on her wrist. This woman has neckwear. The lady wears a ring."
WOMEN-Tees_Tanks-id_00005827-04_4_full,id_00005827,WOMEN,Tees_Tanks,full,query,11977,"The shirt this female wears has long sleeves, its fabric is chiffon, and it has graphic patterns. The shirt has a crew neckline. This female wears a long pants, with denim fabric and pure color patterns. The lady wears a ring. There is an accessory in his her neck."
WOMEN-Tees_Tanks-id_00005827-05_4_full,id_00005827,WOMEN,Tees_Tanks,full,query,11978,This lady is wearing a long-sleeve shirt with graphic patterns. The shirt is with chiffon fabric and its neckline is round. This lady wears a long trousers. The trousers are with denim fabric and solid color patterns. The person has a hat in her head. The person wears a ring. There is an accessory in his her neck.
WOMEN-Tees_Tanks-id_00005827-06_4_full,id_00005827,WOMEN,Tees_Tanks,full,query,11979,"Her shirt has long sleeves, chiffon fabric and graphic patterns. It has a crew neckline. The pants this woman wears is of long length. The pants are with denim fabric and pure color patterns. This person is wearing a ring on her finger. There is an accessory on her wrist. The female has a hat in her head."
WOMEN-Tees_Tanks-id_00005840-09_4_full,id_00005840,WOMEN,Tees_Tanks,full,query,11982,"Her sweater has long sleeves, cotton fabric and graphic patterns. The neckline of it is crew. The female wears a long trousers. The trousers are with cotton fabric and solid color patterns. The female wears a ring."
WOMEN-Tees_Tanks-id_00005840-11_7_additional,id_00005840,WOMEN,Tees_Tanks,additional,query,11985,This lady is wearing a long-sleeve sweater with graphic patterns and a long trousers. The sweater is with cotton fabric. The neckline of the sweater is crew. The trousers are with cotton fabric and pure color patterns. This person is wearing a ring on her finger.
WOMEN-Tees_Tanks-id_00005869-03_3_back,id_00005869,WOMEN,Tees_Tanks,back,query,11995,The person wears a sleeveless tank top with solid color patterns and a long trousers. The tank top is with cotton fabric. The trousers are with denim fabric and solid color patterns. This lady has neckwear. The lady wears a ring.
WOMEN-Tees_Tanks-id_00005869-04_7_additional,id_00005869,WOMEN,Tees_Tanks,additional,query,11998,The female is wearing a sleeveless tank shirt with pure color patterns and a long pants. The tank shirt is with cotton fabric. The pants are with denim fabric and solid color patterns. There is an accessory on her wrist. The person has neckwear. This person wears a ring.
WOMEN-Tees_Tanks-id_00005917-01_1_front,id_00005917,WOMEN,Tees_Tanks,front,query,12002,The female wears a sleeveless tank top with pure color patterns. The tank top is with cotton fabric. It has a suspenders neckline. The pants the female wears is of long length. The pants are with denim fabric and pure color patterns. This woman is wearing a ring on her finger. There is an accessory on her wrist.
WOMEN-Tees_Tanks-id_00005917-01_7_additional,id_00005917,WOMEN,Tees_Tanks,additional,query,12004,"The tank top this woman wears has no sleeves, its fabric is cotton, and it has solid color patterns. This woman wears a long pants, with denim fabric and pure color patterns. This person is wearing a ring on her finger. There is an accessory on her wrist."
WOMEN-Tees_Tanks-id_00005930-01_1_front,id_00005930,WOMEN,Tees_Tanks,front,query,12009,"Her shirt has short sleeves, cotton fabric and solid color patterns. It has a crew neckline. The lady wears a long pants. The pants are with denim fabric and solid color patterns. There is an accessory on her wrist. There is an accessory in his her neck. There is a ring on her finger."
WOMEN-Tees_Tanks-id_00006015-04_4_full,id_00006015,WOMEN,Tees_Tanks,full,query,12027,This lady is wearing a tank tank shirt with graphic patterns. The tank shirt is with knitting fabric and its neckline is crew. This lady wears a three-point shorts. The shorts are with denim fabric and solid color patterns. There is an accessory on her wrist. There is an accessory in his her neck. There is a ring on her finger.
WOMEN-Tees_Tanks-id_00006093-07_4_full,id_00006093,WOMEN,Tees_Tanks,full,query,12053,"The tank shirt this female wears has no sleeves and it is with cotton fabric and solid color patterns. The neckline of the tank shirt is suspenders. This female wears a three-point shorts, with denim fabric and solid color patterns. The lady has neckwear."
WOMEN-Tees_Tanks-id_00006192-02_1_front,id_00006192,WOMEN,Tees_Tanks,front,query,12084,"The upper clothing has no sleeves, cotton fabric and graphic patterns. The lower clothing is of long length. The fabric is cotton and it has graphic patterns. The lady has neckwear. There is an accessory on her wrist. This person wears a ring."
WOMEN-Tees_Tanks-id_00006192-02_7_additional,id_00006192,WOMEN,Tees_Tanks,additional,query,12086,The person is wearing a sleeveless tank shirt with graphic patterns and a three-point shorts. The tank shirt is with cotton fabric and its neckline is v-shape. The shorts are with denim fabric and pure color patterns. The female has neckwear. This female is wearing a ring on her finger. There is an accessory on her wrist.
WOMEN-Tees_Tanks-id_00006196-04_1_front,id_00006196,WOMEN,Tees_Tanks,front,query,12088,"The shirt this person wears has short sleeves, its fabric is cotton, and it has pure color patterns. The shirt has a crew neckline. This person wears a long trousers, with denim fabric and pure color patterns. There is an accessory in his her neck. There is a ring on her finger. There is an accessory on her wrist."
WOMEN-Tees_Tanks-id_00006247-04_7_additional,id_00006247,WOMEN,Tees_Tanks,additional,query,12104,This person wears a long-sleeve sweater with pure color patterns and a long pants. The sweater is with cotton fabric. The neckline of the sweater is lapel. The pants are with cotton fabric and pure color patterns. The outer clothing is with cotton fabric and solid color patterns. There is a ring on her finger.
WOMEN-Tees_Tanks-id_00006507-02_1_front,id_00006507,WOMEN,Tees_Tanks,front,query,12162,The person is wearing a tank tank shirt with pure color patterns and a three-point shorts. The tank shirt is with cotton fabric and its neckline is crew. The shorts are with denim fabric and solid color patterns. This person wears a pair of sunglasses. This female is wearing a ring on her finger.
WOMEN-Tees_Tanks-id_00006507-03_7_additional,id_00006507,WOMEN,Tees_Tanks,additional,query,12163,The lady is wearing a tank tank shirt with pure color patterns. The tank shirt is with cotton fabric and its neckline is round. The pants the lady wears is of three-point length. The pants are with denim fabric and pure color patterns. This lady wears a ring.
WOMEN-Tees_Tanks-id_00006573-02_1_front,id_00006573,WOMEN,Tees_Tanks,front,query,12192,"The tank top this woman wears has no sleeves and it is with cotton fabric and pure color patterns. The neckline of the tank top is round. This woman wears a long pants, with denim fabric and pure color patterns. There is an accessory on her wrist."
WOMEN-Tees_Tanks-id_00006581-11_4_full,id_00006581,WOMEN,Tees_Tanks,full,query,12193,This female wears a tank tank shirt with pure color patterns and a long trousers. The tank shirt is with cotton fabric. The neckline of the tank shirt is suspenders. The trousers are with cotton fabric and solid color patterns.
WOMEN-Tees_Tanks-id_00006581-13_4_full,id_00006581,WOMEN,Tees_Tanks,full,query,12195,The lady is wearing a tank tank shirt with pure color patterns. The tank shirt is with cotton fabric. It has a suspenders neckline. The lady wears a long trousers. The trousers are with cotton fabric and pure color patterns.
WOMEN-Tees_Tanks-id_00006581-14_4_full,id_00006581,WOMEN,Tees_Tanks,full,query,12196,The lady is wearing a sleeveless tank shirt with solid color patterns. The tank shirt is with cotton fabric. It has a suspenders neckline. The trousers the lady wears is of long length. The trousers are with cotton fabric and pure color patterns.
WOMEN-Tees_Tanks-id_00006602-02_4_full,id_00006602,WOMEN,Tees_Tanks,full,query,12202,"Her tank top has sleeves cut off, cotton fabric and solid color patterns. The neckline of it is suspenders. This lady wears a long pants. The pants are with denim fabric and solid color patterns."
WOMEN-Tees_Tanks-id_00006602-04_4_full,id_00006602,WOMEN,Tees_Tanks,full,query,12204,This person is wearing a tank tank shirt with solid color patterns. The tank shirt is with cotton fabric. It has a suspenders neckline. The trousers this person wears is of long length. The trousers are with denim fabric and solid color patterns.
WOMEN-Tees_Tanks-id_00006602-06_4_full,id_00006602,WOMEN,Tees_Tanks,full,query,12206,"The tank top the lady wears has sleeves cut off, its fabric is cotton, and it has solid color patterns. The tank top has a suspenders neckline. The lady wears a long trousers, with denim fabric and pure color patterns."
WOMEN-Tees_Tanks-id_00006602-07_4_full,id_00006602,WOMEN,Tees_Tanks,full,query,12207,This person is wearing a sleeveless tank shirt with solid color patterns. The tank shirt is with cotton fabric. It has a suspenders neckline. This person wears a long trousers. The trousers are with denim fabric and solid color patterns.
WOMEN-Tees_Tanks-id_00006602-13_4_full,id_00006602,WOMEN,Tees_Tanks,full,query,12213,"Her tank shirt has no sleeves, cotton fabric and pure color patterns. The neckline of it is suspenders. This person wears a long trousers. The trousers are with denim fabric and pure color patterns."
WOMEN-Tees_Tanks-id_00006602-15_4_full,id_00006602,WOMEN,Tees_Tanks,full,query,12215,This woman is wearing a sleeveless tank top with pure color patterns. The tank top is with cotton fabric. It has a suspenders neckline. The pants this woman wears is of long length. The pants are with denim fabric and solid color patterns.
WOMEN-Tees_Tanks-id_00006602-20_4_full,id_00006602,WOMEN,Tees_Tanks,full,query,12219,The person is wearing a sleeveless tank top with solid color patterns and a long trousers. The tank top is with cotton fabric. The neckline of the tank top is suspenders. The trousers are with denim fabric and solid color patterns.
WOMEN-Tees_Tanks-id_00006678-06_4_full,id_00006678,WOMEN,Tees_Tanks,full,query,12244,"Her T-shirt has short sleeves, cotton fabric and pure color patterns. The neckline of it is round. The pants this woman wears is of three-point length. The pants are with denim fabric and solid color patterns. This lady has neckwear."
WOMEN-Tees_Tanks-id_00006687-06_3_back,id_00006687,WOMEN,Tees_Tanks,back,query,12250,This person wears a short-sleeve shirt with complicated patterns and a three-point pants. The shirt is with cotton fabric. The neckline of the shirt is round. The pants are with denim fabric and pure color patterns.
WOMEN-Tees_Tanks-id_00006707-06_4_full,id_00006707,WOMEN,Tees_Tanks,full,query,12255,"The tank top the lady wears has sleeves cut off and its fabric is cotton. The pattern of it is pure color. It has a crew neckline. The lady wears a long trousers, with denim fabric and solid color patterns. There is a ring on her finger. The person has neckwear."
WOMEN-Tees_Tanks-id_00006727-05_4_full,id_00006727,WOMEN,Tees_Tanks,full,query,12267,The person wears a sleeveless tank shirt with pure color patterns and a three-point shorts. The tank shirt is with cotton fabric. The shorts are with denim fabric and solid color patterns. There is a ring on her finger.
WOMEN-Tees_Tanks-id_00006738-03_4_full,id_00006738,WOMEN,Tees_Tanks,full,query,12269,This woman is wearing a tank tank top with complicated patterns. The tank top is with cotton fabric. It has a round neckline. The pants this woman wears is of long length. The pants are with denim fabric and solid color patterns. There is an accessory on her wrist. This person wears sunglasses. The lady wears a ring.
WOMEN-Tees_Tanks-id_00006769-05_4_full,id_00006769,WOMEN,Tees_Tanks,full,query,12274,This person is wearing a short-sleeve shirt with solid color patterns. The shirt is with cotton fabric. It has a round neckline. The trousers this person wears is of long length. The trousers are with denim fabric and pure color patterns. The lady wears a hat. The person is wearing a ring on her finger. This lady has neckwear.
WOMEN-Tees_Tanks-id_00006777-02_4_full,id_00006777,WOMEN,Tees_Tanks,full,query,12278,The lady is wearing a short-sleeve T-shirt with graphic patterns. The T-shirt is with cotton fabric and its neckline is round. The pants the lady wears is of three-point length. The pants are with cotton fabric and solid color patterns. There is an accessory on her wrist.
WOMEN-Tees_Tanks-id_00006809-06_1_front,id_00006809,WOMEN,Tees_Tanks,front,query,12284,"Her sweater has long sleeves, cotton fabric and stripe patterns. The neckline of it is round. The pants the person wears is of three-point length. The pants are with cotton fabric and pure color patterns. There is a hat in her head. There is an accessory on her wrist. There is a ring on her finger."
WOMEN-Tees_Tanks-id_00006809-08_4_full,id_00006809,WOMEN,Tees_Tanks,full,query,12286,The person is wearing a long-sleeve sweater with stripe patterns. The sweater is with cotton fabric. It has a round neckline. The person wears a long pants. The pants are with denim fabric and solid color patterns. This person has a hat in her head. This person wears a ring.
WOMEN-Tees_Tanks-id_00006847-03_4_full,id_00006847,WOMEN,Tees_Tanks,full,query,12289,The person is wearing a tank tank shirt with floral patterns. The tank shirt is with cotton fabric. It has a round neckline. The person wears a three-point shorts. The shorts are with denim fabric and pure color patterns. There is an accessory in his her neck. There is a ring on her finger. There is an accessory on her wrist.
WOMEN-Tees_Tanks-id_00006863-12_4_full,id_00006863,WOMEN,Tees_Tanks,full,query,12293,This person wears a tank tank top with solid color patterns and long pants. The tank top is with cotton fabric and it has a suspenders neckline. The pants are with denim fabric and solid color patterns. The lady wears a ring.
WOMEN-Tees_Tanks-id_00006863-16_4_full,id_00006863,WOMEN,Tees_Tanks,full,query,12294,This lady is wearing a tank tank shirt with solid color patterns. The tank shirt is with cotton fabric and its neckline is suspenders. The pants this lady wears is of long length. The pants are with denim fabric and pure color patterns. There is an accessory on her wrist. There is a ring on her finger.
WOMEN-Tees_Tanks-id_00006863-17_4_full,id_00006863,WOMEN,Tees_Tanks,full,query,12295,"The tank shirt the lady wears has sleeves cut off, its fabric is cotton, and it has pure color patterns. The tank shirt has a suspenders neckline. The lady wears a three-point pants, with denim fabric and pure color patterns."
WOMEN-Tees_Tanks-id_00006863-18_4_full,id_00006863,WOMEN,Tees_Tanks,full,query,12296,This person is wearing a tank tank shirt with pure color patterns and a long trousers. The tank shirt is with cotton fabric and its neckline is suspenders. The trousers are with denim fabric and solid color patterns. The lady is wearing a ring on her finger. There is an accessory on her wrist.
WOMEN-Tees_Tanks-id_00006863-19_4_full,id_00006863,WOMEN,Tees_Tanks,full,query,12297,This woman wears a tank tank shirt with solid color patterns and three-point shorts. The tank shirt is with cotton fabric and it has a suspenders neckline. The shorts are with denim fabric and solid color patterns. This female is wearing a ring on her finger.
WOMEN-Tees_Tanks-id_00006863-23_4_full,id_00006863,WOMEN,Tees_Tanks,full,query,12300,"Her tank top has sleeves cut off, cotton fabric and pure color patterns. The neckline of it is suspenders. This lady wears a long pants. The pants are with denim fabric and solid color patterns."
WOMEN-Tees_Tanks-id_00006863-26_4_full,id_00006863,WOMEN,Tees_Tanks,full,query,12303,"The tank top this woman wears has sleeves cut off and its fabric is cotton. The pattern of it is pure color. It has a suspenders neckline. This woman wears a three-point pants, with cotton fabric and solid color patterns. This female wears a pair of socks."
WOMEN-Tees_Tanks-id_00006863-27_4_full,id_00006863,WOMEN,Tees_Tanks,full,query,12304,This person wears a sleeveless tank shirt with pure color patterns and three-point shorts. The tank shirt is with cotton fabric and it has a suspenders neckline. The shorts are with cotton fabric and pure color patterns. The female wears socks in shoes.
WOMEN-Tees_Tanks-id_00006863-42_4_full,id_00006863,WOMEN,Tees_Tanks,full,query,12308,The person is wearing a sleeveless tank top with pure color patterns and a long pants. The tank top is with cotton fabric. The pants are with cotton fabric and pure color patterns. The female is wearing a ring on her finger.
WOMEN-Tees_Tanks-id_00006863-43_4_full,id_00006863,WOMEN,Tees_Tanks,full,query,12309,This female is wearing a tank tank shirt with solid color patterns. The tank shirt is with cotton fabric. It has a suspenders neckline. This female wears a long trousers. The trousers are with cotton fabric and pure color patterns. There is a ring on her finger.
WOMEN-Tees_Tanks-id_00006863-44_4_full,id_00006863,WOMEN,Tees_Tanks,full,query,12310,"The tank top this lady wears has no sleeves and its fabric is cotton. The pattern of it is pure color. It has a suspenders neckline. This lady wears a long pants, with cotton fabric and solid color patterns. There is a ring on her finger."
WOMEN-Tees_Tanks-id_00006863-45_4_full,id_00006863,WOMEN,Tees_Tanks,full,query,12311,The female is wearing a sleeveless tank top with pure color patterns. The tank top is with cotton fabric. It has a suspenders neckline. The female wears a long pants. The pants are with cotton fabric and pure color patterns. The lady is wearing a ring on her finger.
WOMEN-Tees_Tanks-id_00006863-48_4_full,id_00006863,WOMEN,Tees_Tanks,full,query,12314,"The tank top this person wears has no sleeves and its fabric is cotton. The pattern of it is pure color. It has a suspenders neckline. This person wears a long pants, with denim fabric and pure color patterns. This woman wears a ring."
WOMEN-Tees_Tanks-id_00006863-53_4_full,id_00006863,WOMEN,Tees_Tanks,full,query,12317,"The tank shirt this woman wears has sleeves cut off, its fabric is cotton, and it has solid color patterns. The tank shirt has a suspenders neckline. This woman wears a long trousers, with cotton fabric and pure color patterns."
WOMEN-Tees_Tanks-id_00006863-56_4_full,id_00006863,WOMEN,Tees_Tanks,full,query,12318,This person is wearing a sleeveless tank shirt with pure color patterns. The tank shirt is with cotton fabric. It has a suspenders neckline. This person wears a long pants. The pants are with denim fabric and solid color patterns. There is a ring on her finger.
WOMEN-Tees_Tanks-id_00006863-72_7_additional,id_00006863,WOMEN,Tees_Tanks,additional,query,12320,"The shirt the lady wears has long sleeves and it is with cotton fabric and pure color patterns. The lady wears a long trousers, with denim fabric and solid color patterns. The female also wears an outer clothing, with knitting fabric and solid color patterns."
WOMEN-Tees_Tanks-id_00006863-73_7_additional,id_00006863,WOMEN,Tees_Tanks,additional,query,12321,"The tank top this lady wears has sleeves cut off and its fabric is cotton. The pattern of it is pure color. It has a suspenders neckline. This lady wears a long trousers, with denim fabric and pure color patterns."
WOMEN-Tees_Tanks-id_00006891-04_4_full,id_00006891,WOMEN,Tees_Tanks,full,query,12331,This lady wears a short-sleeve T-shirt with striped patterns and a long pants. The T-shirt is with cotton fabric. The pants are with denim fabric and solid color patterns. The person is wearing a ring on her finger. There is an accessory in his her neck. There is an accessory on her wrist.
WOMEN-Tees_Tanks-id_00006900-04_4_full,id_00006900,WOMEN,Tees_Tanks,full,query,12335,This woman wears a medium-sleeve shirt with pure color patterns and three-point pants. The shirt is with cotton fabric and it has a round neckline. The pants are with cotton fabric and graphic patterns. There is a ring on her finger. There is an accessory on her wrist. This woman is wearing a pair of sunglasses. There is an accessory in his her neck.
WOMEN-Tees_Tanks-id_00006901-06_7_additional,id_00006901,WOMEN,Tees_Tanks,additional,query,12337,The lady is wearing a long-sleeve shirt with pure color patterns. The shirt is with cotton fabric and its neckline is crew. The pants the lady wears is of long length. The pants are with denim fabric and solid color patterns. This woman is wearing a hat. There is an accessory in his her neck.
WOMEN-Tees_Tanks-id_00006901-07_7_additional,id_00006901,WOMEN,Tees_Tanks,additional,query,12338,"Her sweater has long sleeves, cotton fabric and pure color patterns. It has a crew neckline. This woman wears a long pants. The pants are with denim fabric and pure color patterns. The female has a hat in her head. This woman has neckwear. The lady wears a ring."
WOMEN-Tees_Tanks-id_00006901-08_7_additional,id_00006901,WOMEN,Tees_Tanks,additional,query,12339,This lady wears a long-sleeve shirt with pure color patterns. The shirt is with cotton fabric. It has a round neckline. This lady wears a long trousers. The trousers are with denim fabric and pure color patterns. This woman has a hat in her head. This lady has neckwear. There is a ring on her finger.
WOMEN-Tees_Tanks-id_00006998-01_1_front,id_00006998,WOMEN,Tees_Tanks,front,query,12368,The lady wears a sleeveless tank top with pure color patterns. The tank top is with cotton fabric. The trousers the lady wears is of long length. The trousers are with cotton fabric and pure color patterns. There is a ring on her finger. There is a hat in her head.
WOMEN-Tees_Tanks-id_00007022-07_4_full,id_00007022,WOMEN,Tees_Tanks,full,query,12378,"The upper clothing has no sleeves, cotton fabric and pure color patterns. The neckline of it is round. The lower clothing is of long length. The fabric is denim and it has solid color patterns. This female wears a ring."
WOMEN-Tees_Tanks-id_00007022-20_4_full,id_00007022,WOMEN,Tees_Tanks,full,query,12381,"The upper clothing has no sleeves, cotton fabric and solid color patterns. The neckline of it is crew. The lower clothing is of long length. The fabric is denim and it has pure color patterns. The lady is wearing a ring on her finger."
WOMEN-Tees_Tanks-id_00007022-21_4_full,id_00007022,WOMEN,Tees_Tanks,full,query,12382,The female wears a tank tank top with solid color patterns. The tank top is with cotton fabric. It has a round neckline. The female wears a long trousers. The trousers are with denim fabric and pure color patterns. There is a ring on her finger.
WOMEN-Tees_Tanks-id_00007022-22_4_full,id_00007022,WOMEN,Tees_Tanks,full,query,12383,"The tank shirt the person wears has sleeves cut off and its fabric is cotton. The pattern of it is pure color. It has a crew neckline. The person wears a long trousers, with denim fabric and solid color patterns. This female wears a ring."
WOMEN-Tees_Tanks-id_00007054-04_4_full,id_00007054,WOMEN,Tees_Tanks,full,query,12390,"The tank shirt this female wears has sleeves cut off and its fabric is cotton. The pattern of it is striped. It has a suspenders neckline. This female wears a three-point shorts, with denim fabric and pure color patterns. The person is wearing socks in shoes."
WOMEN-Tees_Tanks-id_00007059-06_7_additional,id_00007059,WOMEN,Tees_Tanks,additional,query,12395,This woman is wearing a sleeveless tank shirt with pure color patterns. The tank shirt is with cotton fabric and its neckline is round. This woman wears a three-point shorts. The shorts are with cotton fabric and pure color patterns. There is an accessory in his her neck. There is an accessory on her wrist.
WOMEN-Tees_Tanks-id_00007082-08_4_full,id_00007082,WOMEN,Tees_Tanks,full,query,12399,"Her tank top has sleeves cut off, cotton fabric and graphic patterns. It has a suspenders neckline. The female wears a three-point shorts. The shorts are with denim fabric and solid color patterns. There is an accessory on her wrist. The lady is wearing a ring on her finger. The person is wearing socks in shoes."
WOMEN-Tees_Tanks-id_00007152-01_1_front,id_00007152,WOMEN,Tees_Tanks,front,query,12412,"The upper clothing has short sleeves, cotton fabric and other patterns. The lower clothing is of three-point length. The fabric is cotton and it has complicated patterns. This female has a hat in her head. This lady has neckwear. There is a ring on her finger. There is an accessory on her wrist."
WOMEN-Tees_Tanks-id_00007152-01_7_additional,id_00007152,WOMEN,Tees_Tanks,additional,query,12414,The lady is wearing a short-sleeve T-shirt with other patterns. The T-shirt is with cotton fabric and its neckline is round. The shorts the lady wears is of three-point length. The shorts are with cotton fabric and other patterns. This woman wears a ring. The person has neckwear. This lady wears a hat. There is an accessory on her wrist.
WOMEN-Tees_Tanks-id_00007191-07_7_additional,id_00007191,WOMEN,Tees_Tanks,additional,query,12422,This person is wearing a short-sleeve T-shirt with solid color patterns and a three-point pants. The T-shirt is with cotton fabric. The neckline of the T-shirt is round. The pants are with denim fabric and solid color patterns.
WOMEN-Tees_Tanks-id_00007193-04_4_full,id_00007193,WOMEN,Tees_Tanks,full,query,12424,This woman wears a short-sleeve shirt with graphic patterns and a three-point pants. The shirt is with cotton fabric. The neckline of the shirt is round. The pants are with denim fabric and pure color patterns. There is an accessory on her wrist. This person is wearing a ring on her finger.
WOMEN-Tees_Tanks-id_00007359-06_7_additional,id_00007359,WOMEN,Tees_Tanks,additional,query,12470,This lady is wearing a long-sleeve sweater with striped patterns. The sweater is with cotton fabric and its neckline is round. This lady wears a long trousers. The trousers are with denim fabric and solid color patterns. There is a ring on her finger. This person wears a hat. This person has neckwear.
WOMEN-Tees_Tanks-id_00007391-04_4_full,id_00007391,WOMEN,Tees_Tanks,full,query,12475,"The upper clothing has medium sleeves, cotton fabric and pure color patterns. The neckline of it is round. The lower clothing is of long length. The fabric is denim and it has solid color patterns. There is an accessory on her wrist. There is an accessory in his her neck. This female wears a ring."
WOMEN-Tees_Tanks-id_00007391-04_7_additional,id_00007391,WOMEN,Tees_Tanks,additional,query,12476,The female is wearing a medium-sleeve shirt with pure color patterns and a long pants. The shirt is with cotton fabric. The neckline of the shirt is crew. The pants are with denim fabric and pure color patterns. This person is wearing a ring on her finger. The person has neckwear. There is an accessory on her wrist.
WOMEN-Tees_Tanks-id_00007487-02_4_full,id_00007487,WOMEN,Tees_Tanks,full,query,12501,The person is wearing a tank tank top with pure color patterns and a three-point shorts. The tank top is with cotton fabric. The neckline of the tank top is crew. The shorts are with denim fabric and solid color patterns.
WOMEN-Tees_Tanks-id_00007504-01_2_side,id_00007504,WOMEN,Tees_Tanks,side,query,12504,"The upper clothing has long sleeves, cotton fabric and color block patterns. The lower clothing is of three-quarter length. The fabric is cotton and it has color block patterns. This lady is wearing socks in shoes. There is a ring on her finger."
WOMEN-Tees_Tanks-id_00007504-01_7_additional,id_00007504,WOMEN,Tees_Tanks,additional,query,12505,The female is wearing a long-sleeve shirt with color block patterns. The shirt is with cotton fabric. The female wears a three-quarter trousers. The trousers are with cotton fabric and color block patterns. There is a ring on her finger. The person wears socks in shoes.
WOMEN-Tees_Tanks-id_00007541-06_1_front,id_00007541,WOMEN,Tees_Tanks,front,query,12509,This person wears a long-sleeve sweater with solid color patterns and a long trousers. The sweater is with cotton fabric and its neckline is v-shape. The trousers are with denim fabric and pure color patterns. There is an accessory on her wrist. The lady wears a ring. The female is wearing a hat.
WOMEN-Tees_Tanks-id_00007541-06_3_back,id_00007541,WOMEN,Tees_Tanks,back,query,12511,"The sweater the female wears has long sleeves and it is with cotton fabric and solid color patterns. The female wears a long pants, with denim fabric and pure color patterns. The lady wears a ring. There is an accessory on her wrist."
WOMEN-Tees_Tanks-id_00007542-06_7_additional,id_00007542,WOMEN,Tees_Tanks,additional,query,12513,This woman wears a long-sleeve shirt with color block patterns and a three-point pants. The shirt is with cotton fabric. The neckline of the shirt is round. The pants are with denim fabric and pure color patterns. There is a ring on her finger.
WOMEN-Tees_Tanks-id_00007542-07_4_full,id_00007542,WOMEN,Tees_Tanks,full,query,12514,"Her sweater has long sleeves, cotton fabric and color block patterns. The neckline of it is crew. The pants the person wears is of three-point length. The pants are with denim fabric and pure color patterns. This woman wears a ring."
WOMEN-Tees_Tanks-id_00007542-10_4_full,id_00007542,WOMEN,Tees_Tanks,full,query,12516,The lady is wearing a long-sleeve shirt with color block patterns. The shirt is with cotton fabric and its neckline is round. The lady wears a three-point shorts. The shorts are with denim fabric and solid color patterns. There is a ring on her finger.
WOMEN-Tees_Tanks-id_00007558-06_4_full,id_00007558,WOMEN,Tees_Tanks,full,query,12517,"The shirt this woman wears has long sleeves, its fabric is cotton, and it has graphic patterns. This woman wears a three-point pants, with denim fabric and solid color patterns. There is an accessory in his her neck. This lady is wearing a ring on her finger."
WOMEN-Tees_Tanks-id_00007625-04_1_front,id_00007625,WOMEN,Tees_Tanks,front,query,12531,"Her T-shirt has short sleeves, cotton fabric and solid color patterns. It has a v-shape neckline. The pants the person wears is of short length. The pants are with cotton fabric and solid color patterns. There is a hat in her head. The lady wears socks in shoes."
WOMEN-Tees_Tanks-id_00007625-05_7_additional,id_00007625,WOMEN,Tees_Tanks,additional,query,12533,"The upper clothing has short sleeves, cotton fabric and solid color patterns. The neckline of it is v-shape. The lower clothing is of long length. The fabric is cotton and it has solid color patterns. There is a ring on her finger. The female is wearing a hat."
WOMEN-Tees_Tanks-id_00007639-03_7_additional,id_00007639,WOMEN,Tees_Tanks,additional,query,12536,This female wears a short-sleeve shirt with solid color patterns. The shirt is with cotton fabric. It has a round neckline. The trousers this female wears is of long length. The trousers are with denim fabric and pure color patterns. There is an accessory in his her neck. There is a ring on her finger. There is an accessory on her wrist.
WOMEN-Tees_Tanks-id_00007670-05_4_full,id_00007670,WOMEN,Tees_Tanks,full,query,12550,The person is wearing a short-sleeve T-shirt with striped patterns. The T-shirt is with cotton fabric and its neckline is round. The person wears a three-point shorts. The shorts are with leather fabric and pure color patterns. There is a hat in her head.
WOMEN-Tees_Tanks-id_00007670-07_7_additional,id_00007670,WOMEN,Tees_Tanks,additional,query,12551,The person is wearing a short-sleeve shirt with striped patterns. The shirt is with cotton fabric. It has a crew neckline. The shorts the person wears is of three-point length. The shorts are with leather fabric and pure color patterns. This female wears a hat.
WOMEN-Tees_Tanks-id_00007681-02_3_back,id_00007681,WOMEN,Tees_Tanks,back,query,12558,"The T-shirt this lady wears has short sleeves and its fabric is cotton. The pattern of it is solid color. This lady wears a long pants, with cotton fabric and solid color patterns."
WOMEN-Tees_Tanks-id_00007681-02_7_additional,id_00007681,WOMEN,Tees_Tanks,additional,query,12559,The lady wears a short-sleeve shirt with solid color patterns. The shirt is with cotton fabric. It has a v-shape neckline. The lady wears a long pants. The pants are with cotton fabric and solid color patterns. This lady is wearing a ring on her finger. The lady wears a pair of sunglasses.
WOMEN-Tees_Tanks-id_00007708-02_4_full,id_00007708,WOMEN,Tees_Tanks,full,query,12567,This woman wears a medium-sleeve shirt with color block patterns and a long trousers. The shirt is with cotton fabric and its neckline is round. The trousers are with denim fabric and solid color patterns. The lady wears a ring.
WOMEN-Tees_Tanks-id_00007708-05_4_full,id_00007708,WOMEN,Tees_Tanks,full,query,12570,The female is wearing a medium-sleeve shirt with color block patterns. The shirt is with cotton fabric. It has a crew neckline. The female wears a long trousers. The trousers are with denim fabric and pure color patterns.
WOMEN-Tees_Tanks-id_00007721-26_4_full,id_00007721,WOMEN,Tees_Tanks,full,query,12574,The female wears a sleeveless tank shirt with solid color patterns and a long pants. The tank shirt is with cotton fabric. The neckline of the tank shirt is suspenders. The pants are with denim fabric and pure color patterns. There is a belt on her waist.
WOMEN-Tees_Tanks-id_00007721-27_4_full,id_00007721,WOMEN,Tees_Tanks,full,query,12575,"Her tank top has no sleeves, cotton fabric and pure color patterns. The neckline of it is suspenders. This person wears a long pants. The pants are with denim fabric and pure color patterns."
WOMEN-Tees_Tanks-id_00007721-28_4_full,id_00007721,WOMEN,Tees_Tanks,full,query,12576,The female is wearing a sleeveless tank shirt with solid color patterns. The tank shirt is with cotton fabric. It has a suspenders neckline. The female wears a long trousers. The trousers are with denim fabric and solid color patterns.
WOMEN-Tees_Tanks-id_00007721-30_4_full,id_00007721,WOMEN,Tees_Tanks,full,query,12578,"The upper clothing has no sleeves, cotton fabric and pure color patterns. The neckline of it is suspenders. The lower clothing is of long length. The fabric is denim and it has pure color patterns. This woman wears a belt."
WOMEN-Tees_Tanks-id_00007721-31_4_full,id_00007721,WOMEN,Tees_Tanks,full,query,12579,The female is wearing a tank tank top with pure color patterns and a long pants. The tank top is with cotton fabric. The neckline of the tank top is suspenders. The pants are with denim fabric and solid color patterns. There is a belt on her waist.
WOMEN-Tees_Tanks-id_00007721-32_4_full,id_00007721,WOMEN,Tees_Tanks,full,query,12580,"Her tank shirt has sleeves cut off, cotton fabric and pure color patterns. The neckline of it is suspenders. This woman wears a long pants. The pants are with denim fabric and pure color patterns. This person is wearing a belt."
WOMEN-Tees_Tanks-id_00007721-33_4_full,id_00007721,WOMEN,Tees_Tanks,full,query,12581,The female wears a sleeveless tank top with solid color patterns and long trousers. The tank top is with cotton fabric and it has a suspenders neckline. The trousers are with denim fabric and solid color patterns.
WOMEN-Tees_Tanks-id_00007721-35_4_full,id_00007721,WOMEN,Tees_Tanks,full,query,12583,This woman wears a tank tank top with pure color patterns and a long trousers. The tank top is with cotton fabric and its neckline is suspenders. The trousers are with denim fabric and pure color patterns.
WOMEN-Tees_Tanks-id_00007721-36_4_full,id_00007721,WOMEN,Tees_Tanks,full,query,12584,This person wears a sleeveless tank top with pure color patterns and a long trousers. The tank top is with cotton fabric. The neckline of the tank top is suspenders. The trousers are with denim fabric and pure color patterns.
WOMEN-Tees_Tanks-id_00007721-46_4_full,id_00007721,WOMEN,Tees_Tanks,full,query,12588,This person wears a tank tank top with pure color patterns and a long trousers. The tank top is with cotton fabric and its neckline is suspenders. The trousers are with denim fabric and pure color patterns.
WOMEN-Tees_Tanks-id_00007721-47_4_full,id_00007721,WOMEN,Tees_Tanks,full,query,12589,The female is wearing a sleeveless tank top with pure color patterns. The tank top is with cotton fabric and its neckline is suspenders. The female wears a long trousers. The trousers are with cotton fabric and pure color patterns.
WOMEN-Tees_Tanks-id_00007721-54_7_additional,id_00007721,WOMEN,Tees_Tanks,additional,query,12590,"Her shirt has long sleeves, cotton fabric and solid color patterns. It has a suspenders neckline. This person wears a long trousers. The trousers are with denim fabric and solid color patterns. The female also wears an outer clothing, with knitting fabric and solid color patterns."
WOMEN-Tees_Tanks-id_00007744-07_4_full,id_00007744,WOMEN,Tees_Tanks,full,query,12597,This person is wearing a tank tank shirt with graphic patterns. The tank shirt is with cotton fabric. It has a round neckline. This person wears a long pants. The pants are with denim fabric and pure color patterns. There is a hat in her head. There is an accessory on her wrist. There is a ring on her finger.
WOMEN-Tees_Tanks-id_00007752-05_4_full,id_00007752,WOMEN,Tees_Tanks,full,query,12599,"The upper clothing has short sleeves, cotton fabric and graphic patterns. The neckline of it is round. The lower clothing is of long length. The fabric is denim and it has pure color patterns. There is an accessory on her wrist. There is a ring on her finger. There is an accessory in his her neck."
WOMEN-Tees_Tanks-id_00007896-06_7_additional,id_00007896,WOMEN,Tees_Tanks,additional,query,12646,"Her shirt has long sleeves, cotton fabric and solid color patterns. It has a round neckline. The lady wears a long pants. The pants are with denim fabric and pure color patterns. The outer clothing is with cotton fabric and pure color patterns. This lady is wearing a ring on her finger. The lady wears a hat."
WOMEN-Tees_Tanks-id_00007896-08_7_additional,id_00007896,WOMEN,Tees_Tanks,additional,query,12647,"The upper clothing has long sleeves, cotton fabric and solid color patterns. The lower clothing is of long length. The fabric is leather and it has solid color patterns. The outer clothing is with cotton fabric and pure color patterns. The lady wears a ring. This person is wearing a hat. This person is wearing a belt. There is an accessory on her wrist."
WOMEN-Tees_Tanks-id_00007903-05_4_full,id_00007903,WOMEN,Tees_Tanks,full,query,12654,The female wears a long-sleeve shirt with solid color patterns. The shirt is with cotton fabric. It has a crew neckline. The trousers the female wears is of long length. The trousers are with denim fabric and solid color patterns. This lady has neckwear. This person wears a hat. This person is wearing a ring on her finger.
WOMEN-Tees_Tanks-id_00007903-06_7_additional,id_00007903,WOMEN,Tees_Tanks,additional,query,12655,"The upper clothing has long sleeves, cotton fabric and pure color patterns. The neckline of it is crew. The lower clothing is of long length. The fabric is denim and it has pure color patterns. This female wears a ring. There is an accessory in his her neck. The female wears a hat."
WOMEN-Tees_Tanks-id_00007903-08_7_additional,id_00007903,WOMEN,Tees_Tanks,additional,query,12657,This female is wearing a long-sleeve sweater with pure color patterns. The sweater is with cotton fabric and its neckline is crew. There is a ring on her finger. This female has a hat in her head. This person has neckwear.
WOMEN-Tees_Tanks-id_00007903-11_4_full,id_00007903,WOMEN,Tees_Tanks,full,query,12659,The person wears a long-sleeve shirt with solid color patterns and a long trousers. The shirt is with cotton fabric. The neckline of the shirt is crew. The trousers are with denim fabric and pure color patterns. The lady has neckwear. The female wears a hat. There is a ring on her finger.
WOMEN-Tees_Tanks-id_00007958-05_4_full,id_00007958,WOMEN,Tees_Tanks,full,query,12677,The female wears a short-sleeve T-shirt with solid color patterns. The T-shirt is with cotton fabric. It has a crew neckline. The pants the female wears is of three-point length. The pants are with denim fabric and solid color patterns. There is an accessory in his her neck. This female is wearing socks in shoes. This female wears a ring.
WOMEN-Tees_Tanks-id_00007961-07_1_front,id_00007961,WOMEN,Tees_Tanks,front,query,12682,"The upper clothing has no sleeves, cotton fabric and solid color patterns. The neckline of it is suspenders. The lower clothing is of three-point length. The fabric is denim and it has pure color patterns. The lady has neckwear. There is an accessory on her wrist."
WOMEN-Tees_Tanks-id_00007962-09_7_additional,id_00007962,WOMEN,Tees_Tanks,additional,query,12686,This person is wearing a short-sleeve shirt with solid color patterns and a long pants. The shirt is with cotton fabric. The neckline of the shirt is round. The pants are with denim fabric and pure color patterns. This lady is wearing a ring on her finger. This woman wears a belt. The person wears a hat. There is an accessory on her wrist.
WOMEN-Tees_Tanks-id_00007969-04_7_additional,id_00007969,WOMEN,Tees_Tanks,additional,query,12689,"Her shirt has long sleeves, cotton fabric and pure color patterns. It has a round neckline. The pants this woman wears is of three-point length. The pants are with cotton fabric and floral patterns. This woman also wears an outer clothing, with denim fabric and pure color patterns. This woman has neckwear. This lady wears socks in shoes."
